origin_group,year,from,to,count,stock,prob
Anglosphere ex-US,2000,D,D,1,1,0.3333333333333333
Anglosphere ex-US,2000,D,A,0,1,0.1111111111111111
Anglosphere ex-US,2000,D,H_D,0,1,0.1111111111111111
Anglosphere ex-US,2000,D,H_A,0,1,0.1111111111111111
Anglosphere ex-US,2000,D,P_D,0,1,0.1111111111111111
Anglosphere ex-US,2000,D,P_A,0,1,0.1111111111111111
Anglosphere ex-US,2000,H_D,D,0,2,0.09090909090909091
Anglosphere ex-US,2000,H_D,A,0,2,0.09090909090909091
Anglosphere ex-US,2000,H_D,H_D,2,2,0.45454545454545453
Anglosphere ex-US,2000,H_D,H_A,0,2,0.09090909090909091
Anglosphere ex-US,2000,H_D,P_D,0,2,0.09090909090909091
Anglosphere ex-US,2000,H_D,P_A,0,2,0.09090909090909091
Anglosphere ex-US,2001,D,D,0,1,0.1111111111111111
Anglosphere ex-US,2001,D,A,0,1,0.1111111111111111
Anglosphere ex-US,2001,D,H_D,1,1,0.3333333333333333
Anglosphere ex-US,2001,D,H_A,0,1,0.1111111111111111
Anglosphere ex-US,2001,D,P_D,0,1,0.1111111111111111
Anglosphere ex-US,2001,D,P_A,0,1,0.1111111111111111
Anglosphere ex-US,2001,H_D,D,0,3,0.07692307692307693
Anglosphere ex-US,2001,H_D,A,0,3,0.07692307692307693
Anglosphere ex-US,2001,H_D,H_D,3,3,0.5384615384615384
Anglosphere ex-US,2001,H_D,H_A,0,3,0.07692307692307693
Anglosphere ex-US,2001,H_D,P_D,0,3,0.07692307692307693
Anglosphere ex-US,2001,H_D,P_A,0,3,0.07692307692307693
Anglosphere ex-US,2002,H_A,D,0,1,0.1111111111111111
Anglosphere ex-US,2002,H_A,A,0,1,0.1111111111111111
Anglosphere ex-US,2002,H_A,H_D,0,1,0.1111111111111111
Anglosphere ex-US,2002,H_A,H_A,1,1,0.3333333333333333
Anglosphere ex-US,2002,H_A,P_D,0,1,0.1111111111111111
Anglosphere ex-US,2002,H_A,P_A,0,1,0.1111111111111111
Anglosphere ex-US,2002,H_D,D,0,4,0.06666666666666667
Anglosphere ex-US,2002,H_D,A,0,4,0.06666666666666667
Anglosphere ex-US,2002,H_D,H_D,4,4,0.6
Anglosphere ex-US,2002,H_D,H_A,0,4,0.06666666666666667
Anglosphere ex-US,2002,H_D,P_D,0,4,0.06666666666666667
Anglosphere ex-US,2002,H_D,P_A,0,4,0.06666666666666667
Anglosphere ex-US,2003,D,D,2,4,0.3333333333333333
Anglosphere ex-US,2003,D,A,0,4,0.06666666666666667
Anglosphere ex-US,2003,D,H_D,2,4,0.3333333333333333
Anglosphere ex-US,2003,D,H_A,0,4,0.06666666666666667
Anglosphere ex-US,2003,D,P_D,0,4,0.06666666666666667
Anglosphere ex-US,2003,D,P_A,0,4,0.06666666666666667
Anglosphere ex-US,2003,H_A,D,0,1,0.1111111111111111
Anglosphere ex-US,2003,H_A,A,0,1,0.1111111111111111
Anglosphere ex-US,2003,H_A,H_D,0,1,0.1111111111111111
Anglosphere ex-US,2003,H_A,H_A,1,1,0.3333333333333333
Anglosphere ex-US,2003,H_A,P_D,0,1,0.1111111111111111
Anglosphere ex-US,2003,H_A,P_A,0,1,0.1111111111111111
Anglosphere ex-US,2003,H_D,D,0,5,0.058823529411764705
Anglosphere ex-US,2003,H_D,A,0,5,0.058823529411764705
Anglosphere ex-US,2003,H_D,H_D,5,5,0.6470588235294118
Anglosphere ex-US,2003,H_D,H_A,0,5,0.058823529411764705
Anglosphere ex-US,2003,H_D,P_D,0,5,0.058823529411764705
Anglosphere ex-US,2003,H_D,P_A,0,5,0.058823529411764705
Anglosphere ex-US,2004,D,D,3,3,0.5384615384615384
Anglosphere ex-US,2004,D,A,0,3,0.07692307692307693
Anglosphere ex-US,2004,D,H_D,0,3,0.07692307692307693
Anglosphere ex-US,2004,D,H_A,0,3,0.07692307692307693
Anglosphere ex-US,2004,D,P_D,0,3,0.07692307692307693
Anglosphere ex-US,2004,D,P_A,0,3,0.07692307692307693
Anglosphere ex-US,2004,H_A,D,0,2,0.09090909090909091
Anglosphere ex-US,2004,H_A,A,0,2,0.09090909090909091
Anglosphere ex-US,2004,H_A,H_D,1,2,0.2727272727272727
Anglosphere ex-US,2004,H_A,H_A,1,2,0.2727272727272727
Anglosphere ex-US,2004,H_A,P_D,0,2,0.09090909090909091
Anglosphere ex-US,2004,H_A,P_A,0,2,0.09090909090909091
Anglosphere ex-US,2004,H_D,D,0,7,0.047619047619047616
Anglosphere ex-US,2004,H_D,A,0,7,0.047619047619047616
Anglosphere ex-US,2004,H_D,H_D,7,7,0.7142857142857143
Anglosphere ex-US,2004,H_D,H_A,0,7,0.047619047619047616
Anglosphere ex-US,2004,H_D,P_D,0,7,0.047619047619047616
Anglosphere ex-US,2004,H_D,P_A,0,7,0.047619047619047616
Anglosphere ex-US,2005,A,D,0,1,0.1111111111111111
Anglosphere ex-US,2005,A,A,1,1,0.3333333333333333
Anglosphere ex-US,2005,A,H_D,0,1,0.1111111111111111
Anglosphere ex-US,2005,A,H_A,0,1,0.1111111111111111
Anglosphere ex-US,2005,A,P_D,0,1,0.1111111111111111
Anglosphere ex-US,2005,A,P_A,0,1,0.1111111111111111
Anglosphere ex-US,2005,D,D,3,4,0.4666666666666667
Anglosphere ex-US,2005,D,A,1,4,0.2
Anglosphere ex-US,2005,D,H_D,0,4,0.06666666666666667
Anglosphere ex-US,2005,D,H_A,0,4,0.06666666666666667
Anglosphere ex-US,2005,D,P_D,0,4,0.06666666666666667
Anglosphere ex-US,2005,D,P_A,0,4,0.06666666666666667
Anglosphere ex-US,2005,H_A,D,0,1,0.1111111111111111
Anglosphere ex-US,2005,H_A,A,0,1,0.1111111111111111
Anglosphere ex-US,2005,H_A,H_D,0,1,0.1111111111111111
Anglosphere ex-US,2005,H_A,H_A,1,1,0.3333333333333333
Anglosphere ex-US,2005,H_A,P_D,0,1,0.1111111111111111
Anglosphere ex-US,2005,H_A,P_A,0,1,0.1111111111111111
Anglosphere ex-US,2005,H_D,D,0,9,0.04
Anglosphere ex-US,2005,H_D,A,0,9,0.04
Anglosphere ex-US,2005,H_D,H_D,9,9,0.76
Anglosphere ex-US,2005,H_D,H_A,0,9,0.04
Anglosphere ex-US,2005,H_D,P_D,0,9,0.04
Anglosphere ex-US,2005,H_D,P_A,0,9,0.04
Anglosphere ex-US,2005,P_D,D,0,1,0.1111111111111111
Anglosphere ex-US,2005,P_D,A,0,1,0.1111111111111111
Anglosphere ex-US,2005,P_D,H_D,0,1,0.1111111111111111
Anglosphere ex-US,2005,P_D,H_A,0,1,0.1111111111111111
Anglosphere ex-US,2005,P_D,P_D,1,1,0.3333333333333333
Anglosphere ex-US,2005,P_D,P_A,0,1,0.1111111111111111
Anglosphere ex-US,2006,A,D,0,3,0.07692307692307693
Anglosphere ex-US,2006,A,A,1,3,0.23076923076923078
Anglosphere ex-US,2006,A,H_D,0,3,0.07692307692307693
Anglosphere ex-US,2006,A,H_A,2,3,0.38461538461538464
Anglosphere ex-US,2006,A,P_D,0,3,0.07692307692307693
Anglosphere ex-US,2006,A,P_A,0,3,0.07692307692307693
Anglosphere ex-US,2006,D,D,2,4,0.3333333333333333
Anglosphere ex-US,2006,D,A,1,4,0.2
Anglosphere ex-US,2006,D,H_D,1,4,0.2
Anglosphere ex-US,2006,D,H_A,0,4,0.06666666666666667
Anglosphere ex-US,2006,D,P_D,0,4,0.06666666666666667
Anglosphere ex-US,2006,D,P_A,0,4,0.06666666666666667
Anglosphere ex-US,2006,H_A,D,0,1,0.1111111111111111
Anglosphere ex-US,2006,H_A,A,0,1,0.1111111111111111
Anglosphere ex-US,2006,H_A,H_D,0,1,0.1111111111111111
Anglosphere ex-US,2006,H_A,H_A,1,1,0.3333333333333333
Anglosphere ex-US,2006,H_A,P_D,0,1,0.1111111111111111
Anglosphere ex-US,2006,H_A,P_A,0,1,0.1111111111111111
Anglosphere ex-US,2006,H_D,D,0,9,0.04
Anglosphere ex-US,2006,H_D,A,0,9,0.04
Anglosphere ex-US,2006,H_D,H_D,7,9,0.6
Anglosphere ex-US,2006,H_D,H_A,2,9,0.2
Anglosphere ex-US,2006,H_D,P_D,0,9,0.04
Anglosphere ex-US,2006,H_D,P_A,0,9,0.04
Anglosphere ex-US,2006,P_D,D,0,1,0.1111111111111111
Anglosphere ex-US,2006,P_D,A,0,1,0.1111111111111111
Anglosphere ex-US,2006,P_D,H_D,0,1,0.1111111111111111
Anglosphere ex-US,2006,P_D,H_A,0,1,0.1111111111111111
Anglosphere ex-US,2006,P_D,P_D,1,1,0.3333333333333333
Anglosphere ex-US,2006,P_D,P_A,0,1,0.1111111111111111
Anglosphere ex-US,2007,A,D,0,2,0.09090909090909091
Anglosphere ex-US,2007,A,A,2,2,0.45454545454545453
Anglosphere ex-US,2007,A,H_D,0,2,0.09090909090909091
Anglosphere ex-US,2007,A,H_A,0,2,0.09090909090909091
Anglosphere ex-US,2007,A,P_D,0,2,0.09090909090909091
Anglosphere ex-US,2007,A,P_A,0,2,0.09090909090909091
Anglosphere ex-US,2007,D,D,1,2,0.2727272727272727
Anglosphere ex-US,2007,D,A,1,2,0.2727272727272727
Anglosphere ex-US,2007,D,H_D,0,2,0.09090909090909091
Anglosphere ex-US,2007,D,H_A,0,2,0.09090909090909091
Anglosphere ex-US,2007,D,P_D,0,2,0.09090909090909091
Anglosphere ex-US,2007,D,P_A,0,2,0.09090909090909091
Anglosphere ex-US,2007,H_A,D,0,5,0.058823529411764705
Anglosphere ex-US,2007,H_A,A,0,5,0.058823529411764705
Anglosphere ex-US,2007,H_A,H_D,0,5,0.058823529411764705
Anglosphere ex-US,2007,H_A,H_A,5,5,0.6470588235294118
Anglosphere ex-US,2007,H_A,P_D,0,5,0.058823529411764705
Anglosphere ex-US,2007,H_A,P_A,0,5,0.058823529411764705
Anglosphere ex-US,2007,H_D,D,0,9,0.04
Anglosphere ex-US,2007,H_D,A,0,9,0.04
Anglosphere ex-US,2007,H_D,H_D,9,9,0.76
Anglosphere ex-US,2007,H_D,H_A,0,9,0.04
Anglosphere ex-US,2007,H_D,P_D,0,9,0.04
Anglosphere ex-US,2007,H_D,P_A,0,9,0.04
Anglosphere ex-US,2007,P_D,D,0,1,0.1111111111111111
Anglosphere ex-US,2007,P_D,A,0,1,0.1111111111111111
Anglosphere ex-US,2007,P_D,H_D,0,1,0.1111111111111111
Anglosphere ex-US,2007,P_D,H_A,0,1,0.1111111111111111
Anglosphere ex-US,2007,P_D,P_D,1,1,0.3333333333333333
Anglosphere ex-US,2007,P_D,P_A,0,1,0.1111111111111111
Anglosphere ex-US,2008,A,D,0,3,0.07692307692307693
Anglosphere ex-US,2008,A,A,1,3,0.23076923076923078
Anglosphere ex-US,2008,A,H_D,0,3,0.07692307692307693
Anglosphere ex-US,2008,A,H_A,2,3,0.38461538461538464
Anglosphere ex-US,2008,A,P_D,0,3,0.07692307692307693
Anglosphere ex-US,2008,A,P_A,0,3,0.07692307692307693
Anglosphere ex-US,2008,D,D,1,1,0.3333333333333333
Anglosphere ex-US,2008,D,A,0,1,0.1111111111111111
Anglosphere ex-US,2008,D,H_D,0,1,0.1111111111111111
Anglosphere ex-US,2008,D,H_A,0,1,0.1111111111111111
Anglosphere ex-US,2008,D,P_D,0,1,0.1111111111111111
Anglosphere ex-US,2008,D,P_A,0,1,0.1111111111111111
Anglosphere ex-US,2008,H_A,D,0,5,0.058823529411764705
Anglosphere ex-US,2008,H_A,A,0,5,0.058823529411764705
Anglosphere ex-US,2008,H_A,H_D,0,5,0.058823529411764705
Anglosphere ex-US,2008,H_A,H_A,5,5,0.6470588235294118
Anglosphere ex-US,2008,H_A,P_D,0,5,0.058823529411764705
Anglosphere ex-US,2008,H_A,P_A,0,5,0.058823529411764705
Anglosphere ex-US,2008,H_D,D,0,9,0.04
Anglosphere ex-US,2008,H_D,A,0,9,0.04
Anglosphere ex-US,2008,H_D,H_D,6,9,0.52
Anglosphere ex-US,2008,H_D,H_A,3,9,0.28
Anglosphere ex-US,2008,H_D,P_D,0,9,0.04
Anglosphere ex-US,2008,H_D,P_A,0,9,0.04
Anglosphere ex-US,2008,P_D,D,0,1,0.1111111111111111
Anglosphere ex-US,2008,P_D,A,0,1,0.1111111111111111
Anglosphere ex-US,2008,P_D,H_D,0,1,0.1111111111111111
Anglosphere ex-US,2008,P_D,H_A,0,1,0.1111111111111111
Anglosphere ex-US,2008,P_D,P_D,1,1,0.3333333333333333
Anglosphere ex-US,2008,P_D,P_A,0,1,0.1111111111111111
Anglosphere ex-US,2009,A,D,0,1,0.1111111111111111
Anglosphere ex-US,2009,A,A,0,1,0.1111111111111111
Anglosphere ex-US,2009,A,H_D,0,1,0.1111111111111111
Anglosphere ex-US,2009,A,H_A,1,1,0.3333333333333333
Anglosphere ex-US,2009,A,P_D,0,1,0.1111111111111111
Anglosphere ex-US,2009,A,P_A,0,1,0.1111111111111111
Anglosphere ex-US,2009,D,D,1,1,0.3333333333333333
Anglosphere ex-US,2009,D,A,0,1,0.1111111111111111
Anglosphere ex-US,2009,D,H_D,0,1,0.1111111111111111
Anglosphere ex-US,2009,D,H_A,0,1,0.1111111111111111
Anglosphere ex-US,2009,D,P_D,0,1,0.1111111111111111
Anglosphere ex-US,2009,D,P_A,0,1,0.1111111111111111
Anglosphere ex-US,2009,H_A,D,0,10,0.037037037037037035
Anglosphere ex-US,2009,H_A,A,0,10,0.037037037037037035
Anglosphere ex-US,2009,H_A,H_D,1,10,0.1111111111111111
Anglosphere ex-US,2009,H_A,H_A,8,10,0.6296296296296297
Anglosphere ex-US,2009,H_A,P_D,0,10,0.037037037037037035
Anglosphere ex-US,2009,H_A,P_A,1,10,0.1111111111111111
Anglosphere ex-US,2009,H_D,D,0,6,0.05263157894736842
Anglosphere ex-US,2009,H_D,A,0,6,0.05263157894736842
Anglosphere ex-US,2009,H_D,H_D,4,6,0.47368421052631576
Anglosphere ex-US,2009,H_D,H_A,1,6,0.15789473684210525
Anglosphere ex-US,2009,H_D,P_D,1,6,0.15789473684210525
Anglosphere ex-US,2009,H_D,P_A,0,6,0.05263157894736842
Anglosphere ex-US,2009,P_D,D,0,1,0.1111111111111111
Anglosphere ex-US,2009,P_D,A,0,1,0.1111111111111111
Anglosphere ex-US,2009,P_D,H_D,0,1,0.1111111111111111
Anglosphere ex-US,2009,P_D,H_A,0,1,0.1111111111111111
Anglosphere ex-US,2009,P_D,P_D,0,1,0.1111111111111111
Anglosphere ex-US,2009,P_D,P_A,1,1,0.3333333333333333
Anglosphere ex-US,2010,D,D,2,2,0.45454545454545453
Anglosphere ex-US,2010,D,A,0,2,0.09090909090909091
Anglosphere ex-US,2010,D,H_D,0,2,0.09090909090909091
Anglosphere ex-US,2010,D,H_A,0,2,0.09090909090909091
Anglosphere ex-US,2010,D,P_D,0,2,0.09090909090909091
Anglosphere ex-US,2010,D,P_A,0,2,0.09090909090909091
Anglosphere ex-US,2010,H_A,D,0,11,0.034482758620689655
Anglosphere ex-US,2010,H_A,A,0,11,0.034482758620689655
Anglosphere ex-US,2010,H_A,H_D,0,11,0.034482758620689655
Anglosphere ex-US,2010,H_A,H_A,11,11,0.7931034482758621
Anglosphere ex-US,2010,H_A,P_D,0,11,0.034482758620689655
Anglosphere ex-US,2010,H_A,P_A,0,11,0.034482758620689655
Anglosphere ex-US,2010,H_D,D,0,5,0.058823529411764705
Anglosphere ex-US,2010,H_D,A,0,5,0.058823529411764705
Anglosphere ex-US,2010,H_D,H_D,5,5,0.6470588235294118
Anglosphere ex-US,2010,H_D,H_A,0,5,0.058823529411764705
Anglosphere ex-US,2010,H_D,P_D,0,5,0.058823529411764705
Anglosphere ex-US,2010,H_D,P_A,0,5,0.058823529411764705
Anglosphere ex-US,2010,P_A,D,0,2,0.09090909090909091
Anglosphere ex-US,2010,P_A,A,0,2,0.09090909090909091
Anglosphere ex-US,2010,P_A,H_D,0,2,0.09090909090909091
Anglosphere ex-US,2010,P_A,H_A,0,2,0.09090909090909091
Anglosphere ex-US,2010,P_A,P_D,0,2,0.09090909090909091
Anglosphere ex-US,2010,P_A,P_A,2,2,0.45454545454545453
Anglosphere ex-US,2010,P_D,D,0,1,0.1111111111111111
Anglosphere ex-US,2010,P_D,A,0,1,0.1111111111111111
Anglosphere ex-US,2010,P_D,H_D,0,1,0.1111111111111111
Anglosphere ex-US,2010,P_D,H_A,0,1,0.1111111111111111
Anglosphere ex-US,2010,P_D,P_D,1,1,0.3333333333333333
Anglosphere ex-US,2010,P_D,P_A,0,1,0.1111111111111111
Anglosphere ex-US,2011,D,D,2,4,0.3333333333333333
Anglosphere ex-US,2011,D,A,0,4,0.06666666666666667
Anglosphere ex-US,2011,D,H_D,1,4,0.2
Anglosphere ex-US,2011,D,H_A,1,4,0.2
Anglosphere ex-US,2011,D,P_D,0,4,0.06666666666666667
Anglosphere ex-US,2011,D,P_A,0,4,0.06666666666666667
Anglosphere ex-US,2011,H_A,D,0,11,0.034482758620689655
Anglosphere ex-US,2011,H_A,A,0,11,0.034482758620689655
Anglosphere ex-US,2011,H_A,H_D,0,11,0.034482758620689655
Anglosphere ex-US,2011,H_A,H_A,10,11,0.7241379310344828
Anglosphere ex-US,2011,H_A,P_D,0,11,0.034482758620689655
Anglosphere ex-US,2011,H_A,P_A,1,11,0.10344827586206896
Anglosphere ex-US,2011,H_D,D,0,5,0.058823529411764705
Anglosphere ex-US,2011,H_D,A,0,5,0.058823529411764705
Anglosphere ex-US,2011,H_D,H_D,5,5,0.6470588235294118
Anglosphere ex-US,2011,H_D,H_A,0,5,0.058823529411764705
Anglosphere ex-US,2011,H_D,P_D,0,5,0.058823529411764705
Anglosphere ex-US,2011,H_D,P_A,0,5,0.058823529411764705
Anglosphere ex-US,2011,P_A,D,0,2,0.09090909090909091
Anglosphere ex-US,2011,P_A,A,0,2,0.09090909090909091
Anglosphere ex-US,2011,P_A,H_D,0,2,0.09090909090909091
Anglosphere ex-US,2011,P_A,H_A,0,2,0.09090909090909091
Anglosphere ex-US,2011,P_A,P_D,0,2,0.09090909090909091
Anglosphere ex-US,2011,P_A,P_A,2,2,0.45454545454545453
Anglosphere ex-US,2011,P_D,D,0,1,0.1111111111111111
Anglosphere ex-US,2011,P_D,A,0,1,0.1111111111111111
Anglosphere ex-US,2011,P_D,H_D,0,1,0.1111111111111111
Anglosphere ex-US,2011,P_D,H_A,0,1,0.1111111111111111
Anglosphere ex-US,2011,P_D,P_D,1,1,0.3333333333333333
Anglosphere ex-US,2011,P_D,P_A,0,1,0.1111111111111111
Anglosphere ex-US,2012,D,D,2,2,0.45454545454545453
Anglosphere ex-US,2012,D,A,0,2,0.09090909090909091
Anglosphere ex-US,2012,D,H_D,0,2,0.09090909090909091
Anglosphere ex-US,2012,D,H_A,0,2,0.09090909090909091
Anglosphere ex-US,2012,D,P_D,0,2,0.09090909090909091
Anglosphere ex-US,2012,D,P_A,0,2,0.09090909090909091
Anglosphere ex-US,2012,H_A,D,0,11,0.034482758620689655
Anglosphere ex-US,2012,H_A,A,0,11,0.034482758620689655
Anglosphere ex-US,2012,H_A,H_D,0,11,0.034482758620689655
Anglosphere ex-US,2012,H_A,H_A,10,11,0.7241379310344828
Anglosphere ex-US,2012,H_A,P_D,0,11,0.034482758620689655
Anglosphere ex-US,2012,H_A,P_A,1,11,0.10344827586206896
Anglosphere ex-US,2012,H_D,D,0,6,0.05263157894736842
Anglosphere ex-US,2012,H_D,A,0,6,0.05263157894736842
Anglosphere ex-US,2012,H_D,H_D,6,6,0.6842105263157895
Anglosphere ex-US,2012,H_D,H_A,0,6,0.05263157894736842
Anglosphere ex-US,2012,H_D,P_D,0,6,0.05263157894736842
Anglosphere ex-US,2012,H_D,P_A,0,6,0.05263157894736842
Anglosphere ex-US,2012,P_A,D,0,3,0.07692307692307693
Anglosphere ex-US,2012,P_A,A,0,3,0.07692307692307693
Anglosphere ex-US,2012,P_A,H_D,0,3,0.07692307692307693
Anglosphere ex-US,2012,P_A,H_A,0,3,0.07692307692307693
Anglosphere ex-US,2012,P_A,P_D,0,3,0.07692307692307693
Anglosphere ex-US,2012,P_A,P_A,3,3,0.5384615384615384
Anglosphere ex-US,2012,P_D,D,0,1,0.1111111111111111
Anglosphere ex-US,2012,P_D,A,0,1,0.1111111111111111
Anglosphere ex-US,2012,P_D,H_D,0,1,0.1111111111111111
Anglosphere ex-US,2012,P_D,H_A,0,1,0.1111111111111111
Anglosphere ex-US,2012,P_D,P_D,1,1,0.3333333333333333
Anglosphere ex-US,2012,P_D,P_A,0,1,0.1111111111111111
Anglosphere ex-US,2013,D,D,3,3,0.5384615384615384
Anglosphere ex-US,2013,D,A,0,3,0.07692307692307693
Anglosphere ex-US,2013,D,H_D,0,3,0.07692307692307693
Anglosphere ex-US,2013,D,H_A,0,3,0.07692307692307693
Anglosphere ex-US,2013,D,P_D,0,3,0.07692307692307693
Anglosphere ex-US,2013,D,P_A,0,3,0.07692307692307693
Anglosphere ex-US,2013,H_A,D,0,10,0.037037037037037035
Anglosphere ex-US,2013,H_A,A,0,10,0.037037037037037035
Anglosphere ex-US,2013,H_A,H_D,0,10,0.037037037037037035
Anglosphere ex-US,2013,H_A,H_A,9,10,0.7037037037037037
Anglosphere ex-US,2013,H_A,P_D,0,10,0.037037037037037035
Anglosphere ex-US,2013,H_A,P_A,1,10,0.1111111111111111
Anglosphere ex-US,2013,H_D,D,0,6,0.05263157894736842
Anglosphere ex-US,2013,H_D,A,0,6,0.05263157894736842
Anglosphere ex-US,2013,H_D,H_D,6,6,0.6842105263157895
Anglosphere ex-US,2013,H_D,H_A,0,6,0.05263157894736842
Anglosphere ex-US,2013,H_D,P_D,0,6,0.05263157894736842
Anglosphere ex-US,2013,H_D,P_A,0,6,0.05263157894736842
Anglosphere ex-US,2013,P_A,D,0,4,0.06666666666666667
Anglosphere ex-US,2013,P_A,A,0,4,0.06666666666666667
Anglosphere ex-US,2013,P_A,H_D,0,4,0.06666666666666667
Anglosphere ex-US,2013,P_A,H_A,0,4,0.06666666666666667
Anglosphere ex-US,2013,P_A,P_D,0,4,0.06666666666666667
Anglosphere ex-US,2013,P_A,P_A,4,4,0.6
Anglosphere ex-US,2013,P_D,D,0,1,0.1111111111111111
Anglosphere ex-US,2013,P_D,A,0,1,0.1111111111111111
Anglosphere ex-US,2013,P_D,H_D,0,1,0.1111111111111111
Anglosphere ex-US,2013,P_D,H_A,0,1,0.1111111111111111
Anglosphere ex-US,2013,P_D,P_D,1,1,0.3333333333333333
Anglosphere ex-US,2013,P_D,P_A,0,1,0.1111111111111111
Anglosphere ex-US,2014,D,D,2,3,0.38461538461538464
Anglosphere ex-US,2014,D,A,0,3,0.07692307692307693
Anglosphere ex-US,2014,D,H_D,1,3,0.23076923076923078
Anglosphere ex-US,2014,D,H_A,0,3,0.07692307692307693
Anglosphere ex-US,2014,D,P_D,0,3,0.07692307692307693
Anglosphere ex-US,2014,D,P_A,0,3,0.07692307692307693
Anglosphere ex-US,2014,H_A,D,0,9,0.04
Anglosphere ex-US,2014,H_A,A,0,9,0.04
Anglosphere ex-US,2014,H_A,H_D,0,9,0.04
Anglosphere ex-US,2014,H_A,H_A,9,9,0.76
Anglosphere ex-US,2014,H_A,P_D,0,9,0.04
Anglosphere ex-US,2014,H_A,P_A,0,9,0.04
Anglosphere ex-US,2014,H_D,D,0,6,0.05263157894736842
Anglosphere ex-US,2014,H_D,A,0,6,0.05263157894736842
Anglosphere ex-US,2014,H_D,H_D,5,6,0.5789473684210527
Anglosphere ex-US,2014,H_D,H_A,1,6,0.15789473684210525
Anglosphere ex-US,2014,H_D,P_D,0,6,0.05263157894736842
Anglosphere ex-US,2014,H_D,P_A,0,6,0.05263157894736842
Anglosphere ex-US,2014,P_A,D,0,5,0.058823529411764705
Anglosphere ex-US,2014,P_A,A,0,5,0.058823529411764705
Anglosphere ex-US,2014,P_A,H_D,0,5,0.058823529411764705
Anglosphere ex-US,2014,P_A,H_A,0,5,0.058823529411764705
Anglosphere ex-US,2014,P_A,P_D,0,5,0.058823529411764705
Anglosphere ex-US,2014,P_A,P_A,5,5,0.6470588235294118
Anglosphere ex-US,2014,P_D,D,0,1,0.1111111111111111
Anglosphere ex-US,2014,P_D,A,0,1,0.1111111111111111
Anglosphere ex-US,2014,P_D,H_D,0,1,0.1111111111111111
Anglosphere ex-US,2014,P_D,H_A,0,1,0.1111111111111111
Anglosphere ex-US,2014,P_D,P_D,1,1,0.3333333333333333
Anglosphere ex-US,2014,P_D,P_A,0,1,0.1111111111111111
Anglosphere ex-US,2015,D,D,3,3,0.5384615384615384
Anglosphere ex-US,2015,D,A,0,3,0.07692307692307693
Anglosphere ex-US,2015,D,H_D,0,3,0.07692307692307693
Anglosphere ex-US,2015,D,H_A,0,3,0.07692307692307693
Anglosphere ex-US,2015,D,P_D,0,3,0.07692307692307693
Anglosphere ex-US,2015,D,P_A,0,3,0.07692307692307693
Anglosphere ex-US,2015,H_A,D,0,10,0.037037037037037035
Anglosphere ex-US,2015,H_A,A,0,10,0.037037037037037035
Anglosphere ex-US,2015,H_A,H_D,1,10,0.1111111111111111
Anglosphere ex-US,2015,H_A,H_A,7,10,0.5555555555555556
Anglosphere ex-US,2015,H_A,P_D,0,10,0.037037037037037035
Anglosphere ex-US,2015,H_A,P_A,2,10,0.18518518518518517
Anglosphere ex-US,2015,H_D,D,0,6,0.05263157894736842
Anglosphere ex-US,2015,H_D,A,0,6,0.05263157894736842
Anglosphere ex-US,2015,H_D,H_D,5,6,0.5789473684210527
Anglosphere ex-US,2015,H_D,H_A,1,6,0.15789473684210525
Anglosphere ex-US,2015,H_D,P_D,0,6,0.05263157894736842
Anglosphere ex-US,2015,H_D,P_A,0,6,0.05263157894736842
Anglosphere ex-US,2015,P_A,D,0,5,0.058823529411764705
Anglosphere ex-US,2015,P_A,A,0,5,0.058823529411764705
Anglosphere ex-US,2015,P_A,H_D,0,5,0.058823529411764705
Anglosphere ex-US,2015,P_A,H_A,0,5,0.058823529411764705
Anglosphere ex-US,2015,P_A,P_D,1,5,0.17647058823529413
Anglosphere ex-US,2015,P_A,P_A,4,5,0.5294117647058824
Anglosphere ex-US,2015,P_D,D,0,1,0.1111111111111111
Anglosphere ex-US,2015,P_D,A,0,1,0.1111111111111111
Anglosphere ex-US,2015,P_D,H_D,0,1,0.1111111111111111
Anglosphere ex-US,2015,P_D,H_A,0,1,0.1111111111111111
Anglosphere ex-US,2015,P_D,P_D,1,1,0.3333333333333333
Anglosphere ex-US,2015,P_D,P_A,0,1,0.1111111111111111
Anglosphere ex-US,2016,D,D,4,4,0.6
Anglosphere ex-US,2016,D,A,0,4,0.06666666666666667
Anglosphere ex-US,2016,D,H_D,0,4,0.06666666666666667
Anglosphere ex-US,2016,D,H_A,0,4,0.06666666666666667
Anglosphere ex-US,2016,D,P_D,0,4,0.06666666666666667
Anglosphere ex-US,2016,D,P_A,0,4,0.06666666666666667
Anglosphere ex-US,2016,H_A,D,0,8,0.043478260869565216
Anglosphere ex-US,2016,H_A,A,0,8,0.043478260869565216
Anglosphere ex-US,2016,H_A,H_D,0,8,0.043478260869565216
Anglosphere ex-US,2016,H_A,H_A,8,8,0.7391304347826086
Anglosphere ex-US,2016,H_A,P_D,0,8,0.043478260869565216
Anglosphere ex-US,2016,H_A,P_A,0,8,0.043478260869565216
Anglosphere ex-US,2016,H_D,D,0,7,0.047619047619047616
Anglosphere ex-US,2016,H_D,A,0,7,0.047619047619047616
Anglosphere ex-US,2016,H_D,H_D,6,7,0.6190476190476191
Anglosphere ex-US,2016,H_D,H_A,0,7,0.047619047619047616
Anglosphere ex-US,2016,H_D,P_D,0,7,0.047619047619047616
Anglosphere ex-US,2016,H_D,P_A,0,7,0.047619047619047616
Anglosphere ex-US,2016,P_A,D,0,6,0.05263157894736842
Anglosphere ex-US,2016,P_A,A,0,6,0.05263157894736842
Anglosphere ex-US,2016,P_A,H_D,0,6,0.05263157894736842
Anglosphere ex-US,2016,P_A,H_A,0,6,0.05263157894736842
Anglosphere ex-US,2016,P_A,P_D,1,6,0.15789473684210525
Anglosphere ex-US,2016,P_A,P_A,5,6,0.5789473684210527
Anglosphere ex-US,2016,P_D,D,0,2,0.09090909090909091
Anglosphere ex-US,2016,P_D,A,0,2,0.09090909090909091
Anglosphere ex-US,2016,P_D,H_D,0,2,0.09090909090909091
Anglosphere ex-US,2016,P_D,H_A,0,2,0.09090909090909091
Anglosphere ex-US,2016,P_D,P_D,2,2,0.45454545454545453
Anglosphere ex-US,2016,P_D,P_A,0,2,0.09090909090909091
Anglosphere ex-US,2017,D,D,3,4,0.4666666666666667
Anglosphere ex-US,2017,D,A,0,4,0.06666666666666667
Anglosphere ex-US,2017,D,H_D,1,4,0.2
Anglosphere ex-US,2017,D,H_A,0,4,0.06666666666666667
Anglosphere ex-US,2017,D,P_D,0,4,0.06666666666666667
Anglosphere ex-US,2017,D,P_A,0,4,0.06666666666666667
Anglosphere ex-US,2017,H_A,D,0,8,0.043478260869565216
Anglosphere ex-US,2017,H_A,A,0,8,0.043478260869565216
Anglosphere ex-US,2017,H_A,H_D,0,8,0.043478260869565216
Anglosphere ex-US,2017,H_A,H_A,8,8,0.7391304347826086
Anglosphere ex-US,2017,H_A,P_D,0,8,0.043478260869565216
Anglosphere ex-US,2017,H_A,P_A,0,8,0.043478260869565216
Anglosphere ex-US,2017,H_D,D,0,6,0.05263157894736842
Anglosphere ex-US,2017,H_D,A,0,6,0.05263157894736842
Anglosphere ex-US,2017,H_D,H_D,6,6,0.6842105263157895
Anglosphere ex-US,2017,H_D,H_A,0,6,0.05263157894736842
Anglosphere ex-US,2017,H_D,P_D,0,6,0.05263157894736842
Anglosphere ex-US,2017,H_D,P_A,0,6,0.05263157894736842
Anglosphere ex-US,2017,P_A,D,0,5,0.058823529411764705
Anglosphere ex-US,2017,P_A,A,0,5,0.058823529411764705
Anglosphere ex-US,2017,P_A,H_D,0,5,0.058823529411764705
Anglosphere ex-US,2017,P_A,H_A,0,5,0.058823529411764705
Anglosphere ex-US,2017,P_A,P_D,0,5,0.058823529411764705
Anglosphere ex-US,2017,P_A,P_A,5,5,0.6470588235294118
Anglosphere ex-US,2017,P_D,D,0,3,0.07692307692307693
Anglosphere ex-US,2017,P_D,A,0,3,0.07692307692307693
Anglosphere ex-US,2017,P_D,H_D,0,3,0.07692307692307693
Anglosphere ex-US,2017,P_D,H_A,0,3,0.07692307692307693
Anglosphere ex-US,2017,P_D,P_D,3,3,0.5384615384615384
Anglosphere ex-US,2017,P_D,P_A,0,3,0.07692307692307693
Anglosphere ex-US,2018,D,D,2,3,0.38461538461538464
Anglosphere ex-US,2018,D,A,0,3,0.07692307692307693
Anglosphere ex-US,2018,D,H_D,0,3,0.07692307692307693
Anglosphere ex-US,2018,D,H_A,1,3,0.23076923076923078
Anglosphere ex-US,2018,D,P_D,0,3,0.07692307692307693
Anglosphere ex-US,2018,D,P_A,0,3,0.07692307692307693
Anglosphere ex-US,2018,H_A,D,0,8,0.043478260869565216
Anglosphere ex-US,2018,H_A,A,0,8,0.043478260869565216
Anglosphere ex-US,2018,H_A,H_D,0,8,0.043478260869565216
Anglosphere ex-US,2018,H_A,H_A,7,8,0.6521739130434783
Anglosphere ex-US,2018,H_A,P_D,1,8,0.13043478260869565
Anglosphere ex-US,2018,H_A,P_A,0,8,0.043478260869565216
Anglosphere ex-US,2018,H_D,D,0,7,0.047619047619047616
Anglosphere ex-US,2018,H_D,A,0,7,0.047619047619047616
Anglosphere ex-US,2018,H_D,H_D,5,7,0.5238095238095238
Anglosphere ex-US,2018,H_D,H_A,1,7,0.14285714285714285
Anglosphere ex-US,2018,H_D,P_D,1,7,0.14285714285714285
Anglosphere ex-US,2018,H_D,P_A,0,7,0.047619047619047616
Anglosphere ex-US,2018,P_A,D,0,5,0.058823529411764705
Anglosphere ex-US,2018,P_A,A,0,5,0.058823529411764705
Anglosphere ex-US,2018,P_A,H_D,0,5,0.058823529411764705
Anglosphere ex-US,2018,P_A,H_A,0,5,0.058823529411764705
Anglosphere ex-US,2018,P_A,P_D,0,5,0.058823529411764705
Anglosphere ex-US,2018,P_A,P_A,5,5,0.6470588235294118
Anglosphere ex-US,2018,P_D,D,0,3,0.07692307692307693
Anglosphere ex-US,2018,P_D,A,0,3,0.07692307692307693
Anglosphere ex-US,2018,P_D,H_D,0,3,0.07692307692307693
Anglosphere ex-US,2018,P_D,H_A,0,3,0.07692307692307693
Anglosphere ex-US,2018,P_D,P_D,3,3,0.5384615384615384
Anglosphere ex-US,2018,P_D,P_A,0,3,0.07692307692307693
Anglosphere ex-US,2019,D,D,2,2,0.45454545454545453
Anglosphere ex-US,2019,D,A,0,2,0.09090909090909091
Anglosphere ex-US,2019,D,H_D,0,2,0.09090909090909091
Anglosphere ex-US,2019,D,H_A,0,2,0.09090909090909091
Anglosphere ex-US,2019,D,P_D,0,2,0.09090909090909091
Anglosphere ex-US,2019,D,P_A,0,2,0.09090909090909091
Anglosphere ex-US,2019,H_A,D,0,9,0.04
Anglosphere ex-US,2019,H_A,A,0,9,0.04
Anglosphere ex-US,2019,H_A,H_D,1,9,0.12
Anglosphere ex-US,2019,H_A,H_A,8,9,0.68
Anglosphere ex-US,2019,H_A,P_D,0,9,0.04
Anglosphere ex-US,2019,H_A,P_A,0,9,0.04
Anglosphere ex-US,2019,H_D,D,0,5,0.058823529411764705
Anglosphere ex-US,2019,H_D,A,0,5,0.058823529411764705
Anglosphere ex-US,2019,H_D,H_D,5,5,0.6470588235294118
Anglosphere ex-US,2019,H_D,H_A,0,5,0.058823529411764705
Anglosphere ex-US,2019,H_D,P_D,0,5,0.058823529411764705
Anglosphere ex-US,2019,H_D,P_A,0,5,0.058823529411764705
Anglosphere ex-US,2019,P_A,D,0,5,0.058823529411764705
Anglosphere ex-US,2019,P_A,A,0,5,0.058823529411764705
Anglosphere ex-US,2019,P_A,H_D,0,5,0.058823529411764705
Anglosphere ex-US,2019,P_A,H_A,0,5,0.058823529411764705
Anglosphere ex-US,2019,P_A,P_D,0,5,0.058823529411764705
Anglosphere ex-US,2019,P_A,P_A,5,5,0.6470588235294118
Anglosphere ex-US,2019,P_D,D,0,5,0.058823529411764705
Anglosphere ex-US,2019,P_D,A,0,5,0.058823529411764705
Anglosphere ex-US,2019,P_D,H_D,0,5,0.058823529411764705
Anglosphere ex-US,2019,P_D,H_A,0,5,0.058823529411764705
Anglosphere ex-US,2019,P_D,P_D,5,5,0.6470588235294118
Anglosphere ex-US,2019,P_D,P_A,0,5,0.058823529411764705
Anglosphere ex-US,2020,D,D,2,2,0.45454545454545453
Anglosphere ex-US,2020,D,A,0,2,0.09090909090909091
Anglosphere ex-US,2020,D,H_D,0,2,0.09090909090909091
Anglosphere ex-US,2020,D,H_A,0,2,0.09090909090909091
Anglosphere ex-US,2020,D,P_D,0,2,0.09090909090909091
Anglosphere ex-US,2020,D,P_A,0,2,0.09090909090909091
Anglosphere ex-US,2020,H_A,D,0,8,0.043478260869565216
Anglosphere ex-US,2020,H_A,A,0,8,0.043478260869565216
Anglosphere ex-US,2020,H_A,H_D,3,8,0.30434782608695654
Anglosphere ex-US,2020,H_A,H_A,5,8,0.4782608695652174
Anglosphere ex-US,2020,H_A,P_D,0,8,0.043478260869565216
Anglosphere ex-US,2020,H_A,P_A,0,8,0.043478260869565216
Anglosphere ex-US,2020,H_D,D,0,6,0.05263157894736842
Anglosphere ex-US,2020,H_D,A,0,6,0.05263157894736842
Anglosphere ex-US,2020,H_D,H_D,6,6,0.6842105263157895
Anglosphere ex-US,2020,H_D,H_A,0,6,0.05263157894736842
Anglosphere ex-US,2020,H_D,P_D,0,6,0.05263157894736842
Anglosphere ex-US,2020,H_D,P_A,0,6,0.05263157894736842
Anglosphere ex-US,2020,P_A,D,0,5,0.058823529411764705
Anglosphere ex-US,2020,P_A,A,0,5,0.058823529411764705
Anglosphere ex-US,2020,P_A,H_D,0,5,0.058823529411764705
Anglosphere ex-US,2020,P_A,H_A,0,5,0.058823529411764705
Anglosphere ex-US,2020,P_A,P_D,0,5,0.058823529411764705
Anglosphere ex-US,2020,P_A,P_A,5,5,0.6470588235294118
Anglosphere ex-US,2020,P_D,D,0,5,0.058823529411764705
Anglosphere ex-US,2020,P_D,A,0,5,0.058823529411764705
Anglosphere ex-US,2020,P_D,H_D,0,5,0.058823529411764705
Anglosphere ex-US,2020,P_D,H_A,0,5,0.058823529411764705
Anglosphere ex-US,2020,P_D,P_D,5,5,0.6470588235294118
Anglosphere ex-US,2020,P_D,P_A,0,5,0.058823529411764705
Anglosphere ex-US,2021,D,D,2,2,0.45454545454545453
Anglosphere ex-US,2021,D,A,0,2,0.09090909090909091
Anglosphere ex-US,2021,D,H_D,0,2,0.09090909090909091
Anglosphere ex-US,2021,D,H_A,0,2,0.09090909090909091
Anglosphere ex-US,2021,D,P_D,0,2,0.09090909090909091
Anglosphere ex-US,2021,D,P_A,0,2,0.09090909090909091
Anglosphere ex-US,2021,H_A,D,0,5,0.058823529411764705
Anglosphere ex-US,2021,H_A,A,0,5,0.058823529411764705
Anglosphere ex-US,2021,H_A,H_D,0,5,0.058823529411764705
Anglosphere ex-US,2021,H_A,H_A,4,5,0.5294117647058824
Anglosphere ex-US,2021,H_A,P_D,0,5,0.058823529411764705
Anglosphere ex-US,2021,H_A,P_A,1,5,0.17647058823529413
Anglosphere ex-US,2021,H_D,D,0,9,0.04
Anglosphere ex-US,2021,H_D,A,0,9,0.04
Anglosphere ex-US,2021,H_D,H_D,9,9,0.76
Anglosphere ex-US,2021,H_D,H_A,0,9,0.04
Anglosphere ex-US,2021,H_D,P_D,0,9,0.04
Anglosphere ex-US,2021,H_D,P_A,0,9,0.04
Anglosphere ex-US,2021,P_A,D,0,5,0.058823529411764705
Anglosphere ex-US,2021,P_A,A,0,5,0.058823529411764705
Anglosphere ex-US,2021,P_A,H_D,0,5,0.058823529411764705
Anglosphere ex-US,2021,P_A,H_A,0,5,0.058823529411764705
Anglosphere ex-US,2021,P_A,P_D,0,5,0.058823529411764705
Anglosphere ex-US,2021,P_A,P_A,5,5,0.6470588235294118
Anglosphere ex-US,2021,P_D,D,0,5,0.058823529411764705
Anglosphere ex-US,2021,P_D,A,0,5,0.058823529411764705
Anglosphere ex-US,2021,P_D,H_D,0,5,0.058823529411764705
Anglosphere ex-US,2021,P_D,H_A,0,5,0.058823529411764705
Anglosphere ex-US,2021,P_D,P_D,5,5,0.6470588235294118
Anglosphere ex-US,2021,P_D,P_A,0,5,0.058823529411764705
Anglosphere ex-US,2022,D,D,2,2,0.45454545454545453
Anglosphere ex-US,2022,D,A,0,2,0.09090909090909091
Anglosphere ex-US,2022,D,H_D,0,2,0.09090909090909091
Anglosphere ex-US,2022,D,H_A,0,2,0.09090909090909091
Anglosphere ex-US,2022,D,P_D,0,2,0.09090909090909091
Anglosphere ex-US,2022,D,P_A,0,2,0.09090909090909091
Anglosphere ex-US,2022,H_A,D,0,4,0.06666666666666667
Anglosphere ex-US,2022,H_A,A,0,4,0.06666666666666667
Anglosphere ex-US,2022,H_A,H_D,0,4,0.06666666666666667
Anglosphere ex-US,2022,H_A,H_A,3,4,0.4666666666666667
Anglosphere ex-US,2022,H_A,P_D,0,4,0.06666666666666667
Anglosphere ex-US,2022,H_A,P_A,1,4,0.2
Anglosphere ex-US,2022,H_D,D,0,9,0.04
Anglosphere ex-US,2022,H_D,A,0,9,0.04
Anglosphere ex-US,2022,H_D,H_D,9,9,0.76
Anglosphere ex-US,2022,H_D,H_A,0,9,0.04
Anglosphere ex-US,2022,H_D,P_D,0,9,0.04
Anglosphere ex-US,2022,H_D,P_A,0,9,0.04
Anglosphere ex-US,2022,P_A,D,0,6,0.05263157894736842
Anglosphere ex-US,2022,P_A,A,0,6,0.05263157894736842
Anglosphere ex-US,2022,P_A,H_D,0,6,0.05263157894736842
Anglosphere ex-US,2022,P_A,H_A,0,6,0.05263157894736842
Anglosphere ex-US,2022,P_A,P_D,0,6,0.05263157894736842
Anglosphere ex-US,2022,P_A,P_A,6,6,0.6842105263157895
Anglosphere ex-US,2022,P_D,D,0,5,0.058823529411764705
Anglosphere ex-US,2022,P_D,A,0,5,0.058823529411764705
Anglosphere ex-US,2022,P_D,H_D,0,5,0.058823529411764705
Anglosphere ex-US,2022,P_D,H_A,0,5,0.058823529411764705
Anglosphere ex-US,2022,P_D,P_D,5,5,0.6470588235294118
Anglosphere ex-US,2022,P_D,P_A,0,5,0.058823529411764705
Anglosphere ex-US,2023,D,D,0,2,0.09090909090909091
Anglosphere ex-US,2023,D,A,0,2,0.09090909090909091
Anglosphere ex-US,2023,D,H_D,0,2,0.09090909090909091
Anglosphere ex-US,2023,D,H_A,0,2,0.09090909090909091
Anglosphere ex-US,2023,D,P_D,0,2,0.09090909090909091
Anglosphere ex-US,2023,D,P_A,0,2,0.09090909090909091
Anglosphere ex-US,2023,H_A,D,0,3,0.07692307692307693
Anglosphere ex-US,2023,H_A,A,0,3,0.07692307692307693
Anglosphere ex-US,2023,H_A,H_D,0,3,0.07692307692307693
Anglosphere ex-US,2023,H_A,H_A,0,3,0.07692307692307693
Anglosphere ex-US,2023,H_A,P_D,0,3,0.07692307692307693
Anglosphere ex-US,2023,H_A,P_A,0,3,0.07692307692307693
Anglosphere ex-US,2023,H_D,D,0,9,0.04
Anglosphere ex-US,2023,H_D,A,0,9,0.04
Anglosphere ex-US,2023,H_D,H_D,0,9,0.04
Anglosphere ex-US,2023,H_D,H_A,0,9,0.04
Anglosphere ex-US,2023,H_D,P_D,0,9,0.04
Anglosphere ex-US,2023,H_D,P_A,0,9,0.04
Anglosphere ex-US,2023,P_A,D,0,7,0.047619047619047616
Anglosphere ex-US,2023,P_A,A,0,7,0.047619047619047616
Anglosphere ex-US,2023,P_A,H_D,0,7,0.047619047619047616
Anglosphere ex-US,2023,P_A,H_A,0,7,0.047619047619047616
Anglosphere ex-US,2023,P_A,P_D,0,7,0.047619047619047616
Anglosphere ex-US,2023,P_A,P_A,0,7,0.047619047619047616
Anglosphere ex-US,2023,P_D,D,0,5,0.058823529411764705
Anglosphere ex-US,2023,P_D,A,0,5,0.058823529411764705
Anglosphere ex-US,2023,P_D,H_D,0,5,0.058823529411764705
Anglosphere ex-US,2023,P_D,H_A,0,5,0.058823529411764705
Anglosphere ex-US,2023,P_D,P_D,0,5,0.058823529411764705
Anglosphere ex-US,2023,P_D,P_A,0,5,0.058823529411764705
Continental Europe,2000,D,D,2,2,0.45454545454545453
Continental Europe,2000,D,A,0,2,0.09090909090909091
Continental Europe,2000,D,H_D,0,2,0.09090909090909091
Continental Europe,2000,D,H_A,0,2,0.09090909090909091
Continental Europe,2000,D,P_D,0,2,0.09090909090909091
Continental Europe,2000,D,P_A,0,2,0.09090909090909091
Continental Europe,2000,H_D,D,0,1,0.1111111111111111
Continental Europe,2000,H_D,A,0,1,0.1111111111111111
Continental Europe,2000,H_D,H_D,1,1,0.3333333333333333
Continental Europe,2000,H_D,H_A,0,1,0.1111111111111111
Continental Europe,2000,H_D,P_D,0,1,0.1111111111111111
Continental Europe,2000,H_D,P_A,0,1,0.1111111111111111
Continental Europe,2001,D,D,3,4,0.4666666666666667
Continental Europe,2001,D,A,0,4,0.06666666666666667
Continental Europe,2001,D,H_D,1,4,0.2
Continental Europe,2001,D,H_A,0,4,0.06666666666666667
Continental Europe,2001,D,P_D,0,4,0.06666666666666667
Continental Europe,2001,D,P_A,0,4,0.06666666666666667
Continental Europe,2001,H_D,D,0,3,0.07692307692307693
Continental Europe,2001,H_D,A,0,3,0.07692307692307693
Continental Europe,2001,H_D,H_D,3,3,0.5384615384615384
Continental Europe,2001,H_D,H_A,0,3,0.07692307692307693
Continental Europe,2001,H_D,P_D,0,3,0.07692307692307693
Continental Europe,2001,H_D,P_A,0,3,0.07692307692307693
Continental Europe,2002,D,D,8,10,0.6296296296296297
Continental Europe,2002,D,A,0,10,0.037037037037037035
Continental Europe,2002,D,H_D,2,10,0.18518518518518517
Continental Europe,2002,D,H_A,0,10,0.037037037037037035
Continental Europe,2002,D,P_D,0,10,0.037037037037037035
Continental Europe,2002,D,P_A,0,10,0.037037037037037035
Continental Europe,2002,H_D,D,0,4,0.06666666666666667
Continental Europe,2002,H_D,A,0,4,0.06666666666666667
Continental Europe,2002,H_D,H_D,2,4,0.3333333333333333
Continental Europe,2002,H_D,H_A,2,4,0.3333333333333333
Continental Europe,2002,H_D,P_D,0,4,0.06666666666666667
Continental Europe,2002,H_D,P_A,0,4,0.06666666666666667
Continental Europe,2003,A,D,1,1,0.3333333333333333
Continental Europe,2003,A,A,0,1,0.1111111111111111
Continental Europe,2003,A,H_D,0,1,0.1111111111111111
Continental Europe,2003,A,H_A,0,1,0.1111111111111111
Continental Europe,2003,A,P_D,0,1,0.1111111111111111
Continental Europe,2003,A,P_A,0,1,0.1111111111111111
Continental Europe,2003,D,D,9,10,0.7037037037037037
Continental Europe,2003,D,A,0,10,0.037037037037037035
Continental Europe,2003,D,H_D,1,10,0.1111111111111111
Continental Europe,2003,D,H_A,0,10,0.037037037037037035
Continental Europe,2003,D,P_D,0,10,0.037037037037037035
Continental Europe,2003,D,P_A,0,10,0.037037037037037035
Continental Europe,2003,H_A,D,0,2,0.09090909090909091
Continental Europe,2003,H_A,A,0,2,0.09090909090909091
Continental Europe,2003,H_A,H_D,0,2,0.09090909090909091
Continental Europe,2003,H_A,H_A,1,2,0.2727272727272727
Continental Europe,2003,H_A,P_D,0,2,0.09090909090909091
Continental Europe,2003,H_A,P_A,1,2,0.2727272727272727
Continental Europe,2003,H_D,D,0,6,0.05263157894736842
Continental Europe,2003,H_D,A,0,6,0.05263157894736842
Continental Europe,2003,H_D,H_D,5,6,0.5789473684210527
Continental Europe,2003,H_D,H_A,1,6,0.15789473684210525
Continental Europe,2003,H_D,P_D,0,6,0.05263157894736842
Continental Europe,2003,H_D,P_A,0,6,0.05263157894736842
Continental Europe,2004,D,D,11,11,0.7931034482758621
Continental Europe,2004,D,A,0,11,0.034482758620689655
Continental Europe,2004,D,H_D,0,11,0.034482758620689655
Continental Europe,2004,D,H_A,0,11,0.034482758620689655
Continental Europe,2004,D,P_D,0,11,0.034482758620689655
Continental Europe,2004,D,P_A,0,11,0.034482758620689655
Continental Europe,2004,H_A,D,0,2,0.09090909090909091
Continental Europe,2004,H_A,A,0,2,0.09090909090909091
Continental Europe,2004,H_A,H_D,0,2,0.09090909090909091
Continental Europe,2004,H_A,H_A,2,2,0.45454545454545453
Continental Europe,2004,H_A,P_D,0,2,0.09090909090909091
Continental Europe,2004,H_A,P_A,0,2,0.09090909090909091
Continental Europe,2004,H_D,D,0,7,0.047619047619047616
Continental Europe,2004,H_D,A,0,7,0.047619047619047616
Continental Europe,2004,H_D,H_D,7,7,0.7142857142857143
Continental Europe,2004,H_D,H_A,0,7,0.047619047619047616
Continental Europe,2004,H_D,P_D,0,7,0.047619047619047616
Continental Europe,2004,H_D,P_A,0,7,0.047619047619047616
Continental Europe,2004,P_A,D,0,1,0.1111111111111111
Continental Europe,2004,P_A,A,0,1,0.1111111111111111
Continental Europe,2004,P_A,H_D,0,1,0.1111111111111111
Continental Europe,2004,P_A,H_A,0,1,0.1111111111111111
Continental Europe,2004,P_A,P_D,0,1,0.1111111111111111
Continental Europe,2004,P_A,P_A,1,1,0.3333333333333333
Continental Europe,2005,D,D,12,14,0.7142857142857143
Continental Europe,2005,D,A,0,14,0.02857142857142857
Continental Europe,2005,D,H_D,2,14,0.14285714285714285
Continental Europe,2005,D,H_A,0,14,0.02857142857142857
Continental Europe,2005,D,P_D,0,14,0.02857142857142857
Continental Europe,2005,D,P_A,0,14,0.02857142857142857
Continental Europe,2005,H_A,D,0,2,0.09090909090909091
Continental Europe,2005,H_A,A,0,2,0.09090909090909091
Continental Europe,2005,H_A,H_D,1,2,0.2727272727272727
Continental Europe,2005,H_A,H_A,1,2,0.2727272727272727
Continental Europe,2005,H_A,P_D,0,2,0.09090909090909091
Continental Europe,2005,H_A,P_A,0,2,0.09090909090909091
Continental Europe,2005,H_D,D,0,7,0.047619047619047616
Continental Europe,2005,H_D,A,0,7,0.047619047619047616
Continental Europe,2005,H_D,H_D,5,7,0.5238095238095238
Continental Europe,2005,H_D,H_A,1,7,0.14285714285714285
Continental Europe,2005,H_D,P_D,1,7,0.14285714285714285
Continental Europe,2005,H_D,P_A,0,7,0.047619047619047616
Continental Europe,2005,P_A,D,0,1,0.1111111111111111
Continental Europe,2005,P_A,A,0,1,0.1111111111111111
Continental Europe,2005,P_A,H_D,0,1,0.1111111111111111
Continental Europe,2005,P_A,H_A,0,1,0.1111111111111111
Continental Europe,2005,P_A,P_D,0,1,0.1111111111111111
Continental Europe,2005,P_A,P_A,1,1,0.3333333333333333
Continental Europe,2006,D,D,12,17,0.6097560975609756
Continental Europe,2006,D,A,0,17,0.024390243902439025
Continental Europe,2006,D,H_D,4,17,0.21951219512195122
Continental Europe,2006,D,H_A,1,17,0.07317073170731707
Continental Europe,2006,D,P_D,0,17,0.024390243902439025
Continental Europe,2006,D,P_A,0,17,0.024390243902439025
Continental Europe,2006,H_A,D,0,2,0.09090909090909091
Continental Europe,2006,H_A,A,0,2,0.09090909090909091
Continental Europe,2006,H_A,H_D,0,2,0.09090909090909091
Continental Europe,2006,H_A,H_A,2,2,0.45454545454545453
Continental Europe,2006,H_A,P_D,0,2,0.09090909090909091
Continental Europe,2006,H_A,P_A,0,2,0.09090909090909091
Continental Europe,2006,H_D,D,0,8,0.043478260869565216
Continental Europe,2006,H_D,A,0,8,0.043478260869565216
Continental Europe,2006,H_D,H_D,6,8,0.5652173913043478
Continental Europe,2006,H_D,H_A,1,8,0.13043478260869565
Continental Europe,2006,H_D,P_D,0,8,0.043478260869565216
Continental Europe,2006,H_D,P_A,0,8,0.043478260869565216
Continental Europe,2006,P_A,D,0,1,0.1111111111111111
Continental Europe,2006,P_A,A,0,1,0.1111111111111111
Continental Europe,2006,P_A,H_D,0,1,0.1111111111111111
Continental Europe,2006,P_A,H_A,0,1,0.1111111111111111
Continental Europe,2006,P_A,P_D,0,1,0.1111111111111111
Continental Europe,2006,P_A,P_A,1,1,0.3333333333333333
Continental Europe,2006,P_D,D,0,1,0.1111111111111111
Continental Europe,2006,P_D,A,0,1,0.1111111111111111
Continental Europe,2006,P_D,H_D,0,1,0.1111111111111111
Continental Europe,2006,P_D,H_A,0,1,0.1111111111111111
Continental Europe,2006,P_D,P_D,1,1,0.3333333333333333
Continental Europe,2006,P_D,P_A,0,1,0.1111111111111111
Continental Europe,2007,D,D,9,13,0.5757575757575758
Continental Europe,2007,D,A,1,13,0.09090909090909091
Continental Europe,2007,D,H_D,3,13,0.21212121212121213
Continental Europe,2007,D,H_A,0,13,0.030303030303030304
Continental Europe,2007,D,P_D,0,13,0.030303030303030304
Continental Europe,2007,D,P_A,0,13,0.030303030303030304
Continental Europe,2007,H_A,D,0,4,0.06666666666666667
Continental Europe,2007,H_A,A,0,4,0.06666666666666667
Continental Europe,2007,H_A,H_D,0,4,0.06666666666666667
Continental Europe,2007,H_A,H_A,4,4,0.6
Continental Europe,2007,H_A,P_D,0,4,0.06666666666666667
Continental Europe,2007,H_A,P_A,0,4,0.06666666666666667
Continental Europe,2007,H_D,D,0,10,0.037037037037037035
Continental Europe,2007,H_D,A,0,10,0.037037037037037035
Continental Europe,2007,H_D,H_D,8,10,0.6296296296296297
Continental Europe,2007,H_D,H_A,2,10,0.18518518518518517
Continental Europe,2007,H_D,P_D,0,10,0.037037037037037035
Continental Europe,2007,H_D,P_A,0,10,0.037037037037037035
Continental Europe,2007,P_A,D,0,1,0.1111111111111111
Continental Europe,2007,P_A,A,0,1,0.1111111111111111
Continental Europe,2007,P_A,H_D,0,1,0.1111111111111111
Continental Europe,2007,P_A,H_A,0,1,0.1111111111111111
Continental Europe,2007,P_A,P_D,0,1,0.1111111111111111
Continental Europe,2007,P_A,P_A,1,1,0.3333333333333333
Continental Europe,2007,P_D,D,0,1,0.1111111111111111
Continental Europe,2007,P_D,A,0,1,0.1111111111111111
Continental Europe,2007,P_D,H_D,0,1,0.1111111111111111
Continental Europe,2007,P_D,H_A,0,1,0.1111111111111111
Continental Europe,2007,P_D,P_D,1,1,0.3333333333333333
Continental Europe,2007,P_D,P_A,0,1,0.1111111111111111
Continental Europe,2008,A,D,0,1,0.1111111111111111
Continental Europe,2008,A,A,1,1,0.3333333333333333
Continental Europe,2008,A,H_D,0,1,0.1111111111111111
Continental Europe,2008,A,H_A,0,1,0.1111111111111111
Continental Europe,2008,A,P_D,0,1,0.1111111111111111
Continental Europe,2008,A,P_A,0,1,0.1111111111111111
Continental Europe,2008,D,D,10,10,0.7777777777777778
Continental Europe,2008,D,A,0,10,0.037037037037037035
Continental Europe,2008,D,H_D,0,10,0.037037037037037035
Continental Europe,2008,D,H_A,0,10,0.037037037037037035
Continental Europe,2008,D,P_D,0,10,0.037037037037037035
Continental Europe,2008,D,P_A,0,10,0.037037037037037035
Continental Europe,2008,H_A,D,0,6,0.05263157894736842
Continental Europe,2008,H_A,A,0,6,0.05263157894736842
Continental Europe,2008,H_A,H_D,0,6,0.05263157894736842
Continental Europe,2008,H_A,H_A,6,6,0.6842105263157895
Continental Europe,2008,H_A,P_D,0,6,0.05263157894736842
Continental Europe,2008,H_A,P_A,0,6,0.05263157894736842
Continental Europe,2008,H_D,D,0,12,0.03225806451612903
Continental Europe,2008,H_D,A,0,12,0.03225806451612903
Continental Europe,2008,H_D,H_D,12,12,0.8064516129032258
Continental Europe,2008,H_D,H_A,0,12,0.03225806451612903
Continental Europe,2008,H_D,P_D,0,12,0.03225806451612903
Continental Europe,2008,H_D,P_A,0,12,0.03225806451612903
Continental Europe,2008,P_A,D,0,1,0.1111111111111111
Continental Europe,2008,P_A,A,0,1,0.1111111111111111
Continental Europe,2008,P_A,H_D,0,1,0.1111111111111111
Continental Europe,2008,P_A,H_A,0,1,0.1111111111111111
Continental Europe,2008,P_A,P_D,0,1,0.1111111111111111
Continental Europe,2008,P_A,P_A,1,1,0.3333333333333333
Continental Europe,2008,P_D,D,0,1,0.1111111111111111
Continental Europe,2008,P_D,A,0,1,0.1111111111111111
Continental Europe,2008,P_D,H_D,0,1,0.1111111111111111
Continental Europe,2008,P_D,H_A,0,1,0.1111111111111111
Continental Europe,2008,P_D,P_D,1,1,0.3333333333333333
Continental Europe,2008,P_D,P_A,0,1,0.1111111111111111
Continental Europe,2009,A,D,0,1,0.1111111111111111
Continental Europe,2009,A,A,1,1,0.3333333333333333
Continental Europe,2009,A,H_D,0,1,0.1111111111111111
Continental Europe,2009,A,H_A,0,1,0.1111111111111111
Continental Europe,2009,A,P_D,0,1,0.1111111111111111
Continental Europe,2009,A,P_A,0,1,0.1111111111111111
Continental Europe,2009,D,D,9,12,0.6129032258064516
Continental Europe,2009,D,A,0,12,0.03225806451612903
Continental Europe,2009,D,H_D,3,12,0.22580645161290322
Continental Europe,2009,D,H_A,0,12,0.03225806451612903
Continental Europe,2009,D,P_D,0,12,0.03225806451612903
Continental Europe,2009,D,P_A,0,12,0.03225806451612903
Continental Europe,2009,H_A,D,0,6,0.05263157894736842
Continental Europe,2009,H_A,A,0,6,0.05263157894736842
Continental Europe,2009,H_A,H_D,1,6,0.15789473684210525
Continental Europe,2009,H_A,H_A,4,6,0.47368421052631576
Continental Europe,2009,H_A,P_D,0,6,0.05263157894736842
Continental Europe,2009,H_A,P_A,1,6,0.15789473684210525
Continental Europe,2009,H_D,D,0,15,0.02702702702702703
Continental Europe,2009,H_D,A,0,15,0.02702702702702703
Continental Europe,2009,H_D,H_D,14,15,0.7837837837837838
Continental Europe,2009,H_D,H_A,1,15,0.08108108108108109
Continental Europe,2009,H_D,P_D,0,15,0.02702702702702703
Continental Europe,2009,H_D,P_A,0,15,0.02702702702702703
Continental Europe,2009,P_A,D,0,1,0.1111111111111111
Continental Europe,2009,P_A,A,0,1,0.1111111111111111
Continental Europe,2009,P_A,H_D,0,1,0.1111111111111111
Continental Europe,2009,P_A,H_A,0,1,0.1111111111111111
Continental Europe,2009,P_A,P_D,0,1,0.1111111111111111
Continental Europe,2009,P_A,P_A,1,1,0.3333333333333333
Continental Europe,2009,P_D,D,0,1,0.1111111111111111
Continental Europe,2009,P_D,A,0,1,0.1111111111111111
Continental Europe,2009,P_D,H_D,0,1,0.1111111111111111
Continental Europe,2009,P_D,H_A,0,1,0.1111111111111111
Continental Europe,2009,P_D,P_D,1,1,0.3333333333333333
Continental Europe,2009,P_D,P_A,0,1,0.1111111111111111
Continental Europe,2010,A,D,0,1,0.1111111111111111
Continental Europe,2010,A,A,1,1,0.3333333333333333
Continental Europe,2010,A,H_D,0,1,0.1111111111111111
Continental Europe,2010,A,H_A,0,1,0.1111111111111111
Continental Europe,2010,A,P_D,0,1,0.1111111111111111
Continental Europe,2010,A,P_A,0,1,0.1111111111111111
Continental Europe,2010,D,D,10,10,0.7777777777777778
Continental Europe,2010,D,A,0,10,0.037037037037037035
Continental Europe,2010,D,H_D,0,10,0.037037037037037035
Continental Europe,2010,D,H_A,0,10,0.037037037037037035
Continental Europe,2010,D,P_D,0,10,0.037037037037037035
Continental Europe,2010,D,P_A,0,10,0.037037037037037035
Continental Europe,2010,H_A,D,0,5,0.058823529411764705
Continental Europe,2010,H_A,A,0,5,0.058823529411764705
Continental Europe,2010,H_A,H_D,1,5,0.17647058823529413
Continental Europe,2010,H_A,H_A,4,5,0.5294117647058824
Continental Europe,2010,H_A,P_D,0,5,0.058823529411764705
Continental Europe,2010,H_A,P_A,0,5,0.058823529411764705
Continental Europe,2010,H_D,D,0,18,0.023255813953488372
Continental Europe,2010,H_D,A,0,18,0.023255813953488372
Continental Europe,2010,H_D,H_D,14,18,0.6744186046511628
Continental Europe,2010,H_D,H_A,2,18,0.11627906976744186
Continental Europe,2010,H_D,P_D,2,18,0.11627906976744186
Continental Europe,2010,H_D,P_A,0,18,0.023255813953488372
Continental Europe,2010,P_A,D,0,2,0.09090909090909091
Continental Europe,2010,P_A,A,0,2,0.09090909090909091
Continental Europe,2010,P_A,H_D,0,2,0.09090909090909091
Continental Europe,2010,P_A,H_A,0,2,0.09090909090909091
Continental Europe,2010,P_A,P_D,0,2,0.09090909090909091
Continental Europe,2010,P_A,P_A,2,2,0.45454545454545453
Continental Europe,2010,P_D,D,0,1,0.1111111111111111
Continental Europe,2010,P_D,A,0,1,0.1111111111111111
Continental Europe,2010,P_D,H_D,0,1,0.1111111111111111
Continental Europe,2010,P_D,H_A,0,1,0.1111111111111111
Continental Europe,2010,P_D,P_D,1,1,0.3333333333333333
Continental Europe,2010,P_D,P_A,0,1,0.1111111111111111
Continental Europe,2011,A,D,0,1,0.1111111111111111
Continental Europe,2011,A,A,1,1,0.3333333333333333
Continental Europe,2011,A,H_D,0,1,0.1111111111111111
Continental Europe,2011,A,H_A,0,1,0.1111111111111111
Continental Europe,2011,A,P_D,0,1,0.1111111111111111
Continental Europe,2011,A,P_A,0,1,0.1111111111111111
Continental Europe,2011,D,D,9,13,0.5757575757575758
Continental Europe,2011,D,A,1,13,0.09090909090909091
Continental Europe,2011,D,H_D,2,13,0.15151515151515152
Continental Europe,2011,D,H_A,1,13,0.09090909090909091
Continental Europe,2011,D,P_D,0,13,0.030303030303030304
Continental Europe,2011,D,P_A,0,13,0.030303030303030304
Continental Europe,2011,H_A,D,0,6,0.05263157894736842
Continental Europe,2011,H_A,A,0,6,0.05263157894736842
Continental Europe,2011,H_A,H_D,0,6,0.05263157894736842
Continental Europe,2011,H_A,H_A,6,6,0.6842105263157895
Continental Europe,2011,H_A,P_D,0,6,0.05263157894736842
Continental Europe,2011,H_A,P_A,0,6,0.05263157894736842
Continental Europe,2011,H_D,D,0,15,0.02702702702702703
Continental Europe,2011,H_D,A,0,15,0.02702702702702703
Continental Europe,2011,H_D,H_D,13,15,0.7297297297297297
Continental Europe,2011,H_D,H_A,1,15,0.08108108108108109
Continental Europe,2011,H_D,P_D,1,15,0.08108108108108109
Continental Europe,2011,H_D,P_A,0,15,0.02702702702702703
Continental Europe,2011,P_A,D,0,2,0.09090909090909091
Continental Europe,2011,P_A,A,0,2,0.09090909090909091
Continental Europe,2011,P_A,H_D,0,2,0.09090909090909091
Continental Europe,2011,P_A,H_A,0,2,0.09090909090909091
Continental Europe,2011,P_A,P_D,0,2,0.09090909090909091
Continental Europe,2011,P_A,P_A,2,2,0.45454545454545453
Continental Europe,2011,P_D,D,0,3,0.07692307692307693
Continental Europe,2011,P_D,A,0,3,0.07692307692307693
Continental Europe,2011,P_D,H_D,0,3,0.07692307692307693
Continental Europe,2011,P_D,H_A,0,3,0.07692307692307693
Continental Europe,2011,P_D,P_D,3,3,0.5384615384615384
Continental Europe,2011,P_D,P_A,0,3,0.07692307692307693
Continental Europe,2012,A,D,0,3,0.07692307692307693
Continental Europe,2012,A,A,3,3,0.5384615384615384
Continental Europe,2012,A,H_D,0,3,0.07692307692307693
Continental Europe,2012,A,H_A,0,3,0.07692307692307693
Continental Europe,2012,A,P_D,0,3,0.07692307692307693
Continental Europe,2012,A,P_A,0,3,0.07692307692307693
Continental Europe,2012,D,D,9,10,0.7037037037037037
Continental Europe,2012,D,A,0,10,0.037037037037037035
Continental Europe,2012,D,H_D,1,10,0.1111111111111111
Continental Europe,2012,D,H_A,0,10,0.037037037037037035
Continental Europe,2012,D,P_D,0,10,0.037037037037037035
Continental Europe,2012,D,P_A,0,10,0.037037037037037035
Continental Europe,2012,H_A,D,0,8,0.043478260869565216
Continental Europe,2012,H_A,A,0,8,0.043478260869565216
Continental Europe,2012,H_A,H_D,1,8,0.13043478260869565
Continental Europe,2012,H_A,H_A,7,8,0.6521739130434783
Continental Europe,2012,H_A,P_D,0,8,0.043478260869565216
Continental Europe,2012,H_A,P_A,0,8,0.043478260869565216
Continental Europe,2012,H_D,D,0,17,0.024390243902439025
Continental Europe,2012,H_D,A,0,17,0.024390243902439025
Continental Europe,2012,H_D,H_D,14,17,0.7073170731707317
Continental Europe,2012,H_D,H_A,0,17,0.024390243902439025
Continental Europe,2012,H_D,P_D,3,17,0.17073170731707318
Continental Europe,2012,H_D,P_A,0,17,0.024390243902439025
Continental Europe,2012,P_A,D,0,2,0.09090909090909091
Continental Europe,2012,P_A,A,0,2,0.09090909090909091
Continental Europe,2012,P_A,H_D,0,2,0.09090909090909091
Continental Europe,2012,P_A,H_A,0,2,0.09090909090909091
Continental Europe,2012,P_A,P_D,0,2,0.09090909090909091
Continental Europe,2012,P_A,P_A,2,2,0.45454545454545453
Continental Europe,2012,P_D,D,0,4,0.06666666666666667
Continental Europe,2012,P_D,A,0,4,0.06666666666666667
Continental Europe,2012,P_D,H_D,0,4,0.06666666666666667
Continental Europe,2012,P_D,H_A,0,4,0.06666666666666667
Continental Europe,2012,P_D,P_D,4,4,0.6
Continental Europe,2012,P_D,P_A,0,4,0.06666666666666667
Continental Europe,2013,A,D,0,3,0.07692307692307693
Continental Europe,2013,A,A,2,3,0.38461538461538464
Continental Europe,2013,A,H_D,0,3,0.07692307692307693
Continental Europe,2013,A,H_A,0,3,0.07692307692307693
Continental Europe,2013,A,P_D,0,3,0.07692307692307693
Continental Europe,2013,A,P_A,1,3,0.23076923076923078
Continental Europe,2013,D,D,8,10,0.6296296296296297
Continental Europe,2013,D,A,0,10,0.037037037037037035
Continental Europe,2013,D,H_D,2,10,0.18518518518518517
Continental Europe,2013,D,H_A,0,10,0.037037037037037035
Continental Europe,2013,D,P_D,0,10,0.037037037037037035
Continental Europe,2013,D,P_A,0,10,0.037037037037037035
Continental Europe,2013,H_A,D,0,7,0.047619047619047616
Continental Europe,2013,H_A,A,0,7,0.047619047619047616
Continental Europe,2013,H_A,H_D,0,7,0.047619047619047616
Continental Europe,2013,H_A,H_A,6,7,0.6190476190476191
Continental Europe,2013,H_A,P_D,0,7,0.047619047619047616
Continental Europe,2013,H_A,P_A,1,7,0.14285714285714285
Continental Europe,2013,H_D,D,0,17,0.024390243902439025
Continental Europe,2013,H_D,A,0,17,0.024390243902439025
Continental Europe,2013,H_D,H_D,14,17,0.7073170731707317
Continental Europe,2013,H_D,H_A,2,17,0.12195121951219512
Continental Europe,2013,H_D,P_D,1,17,0.07317073170731707
Continental Europe,2013,H_D,P_A,0,17,0.024390243902439025
Continental Europe,2013,P_A,D,0,2,0.09090909090909091
Continental Europe,2013,P_A,A,0,2,0.09090909090909091
Continental Europe,2013,P_A,H_D,0,2,0.09090909090909091
Continental Europe,2013,P_A,H_A,0,2,0.09090909090909091
Continental Europe,2013,P_A,P_D,0,2,0.09090909090909091
Continental Europe,2013,P_A,P_A,2,2,0.45454545454545453
Continental Europe,2013,P_D,D,0,7,0.047619047619047616
Continental Europe,2013,P_D,A,0,7,0.047619047619047616
Continental Europe,2013,P_D,H_D,0,7,0.047619047619047616
Continental Europe,2013,P_D,H_A,0,7,0.047619047619047616
Continental Europe,2013,P_D,P_D,7,7,0.7142857142857143
Continental Europe,2013,P_D,P_A,0,7,0.047619047619047616
Continental Europe,2014,A,D,0,2,0.09090909090909091
Continental Europe,2014,A,A,2,2,0.45454545454545453
Continental Europe,2014,A,H_D,0,2,0.09090909090909091
Continental Europe,2014,A,H_A,0,2,0.09090909090909091
Continental Europe,2014,A,P_D,0,2,0.09090909090909091
Continental Europe,2014,A,P_A,0,2,0.09090909090909091
Continental Europe,2014,D,D,8,8,0.7391304347826086
Continental Europe,2014,D,A,0,8,0.043478260869565216
Continental Europe,2014,D,H_D,0,8,0.043478260869565216
Continental Europe,2014,D,H_A,0,8,0.043478260869565216
Continental Europe,2014,D,P_D,0,8,0.043478260869565216
Continental Europe,2014,D,P_A,0,8,0.043478260869565216
Continental Europe,2014,H_A,D,0,8,0.043478260869565216
Continental Europe,2014,H_A,A,0,8,0.043478260869565216
Continental Europe,2014,H_A,H_D,0,8,0.043478260869565216
Continental Europe,2014,H_A,H_A,7,8,0.6521739130434783
Continental Europe,2014,H_A,P_D,0,8,0.043478260869565216
Continental Europe,2014,H_A,P_A,1,8,0.13043478260869565
Continental Europe,2014,H_D,D,0,17,0.024390243902439025
Continental Europe,2014,H_D,A,0,17,0.024390243902439025
Continental Europe,2014,H_D,H_D,16,17,0.8048780487804879
Continental Europe,2014,H_D,H_A,1,17,0.07317073170731707
Continental Europe,2014,H_D,P_D,0,17,0.024390243902439025
Continental Europe,2014,H_D,P_A,0,17,0.024390243902439025
Continental Europe,2014,P_A,D,0,4,0.06666666666666667
Continental Europe,2014,P_A,A,0,4,0.06666666666666667
Continental Europe,2014,P_A,H_D,0,4,0.06666666666666667
Continental Europe,2014,P_A,H_A,0,4,0.06666666666666667
Continental Europe,2014,P_A,P_D,0,4,0.06666666666666667
Continental Europe,2014,P_A,P_A,4,4,0.6
Continental Europe,2014,P_D,D,0,8,0.043478260869565216
Continental Europe,2014,P_D,A,0,8,0.043478260869565216
Continental Europe,2014,P_D,H_D,0,8,0.043478260869565216
Continental Europe,2014,P_D,H_A,0,8,0.043478260869565216
Continental Europe,2014,P_D,P_D,8,8,0.7391304347826086
Continental Europe,2014,P_D,P_A,0,8,0.043478260869565216
Continental Europe,2015,A,D,0,2,0.09090909090909091
Continental Europe,2015,A,A,2,2,0.45454545454545453
Continental Europe,2015,A,H_D,0,2,0.09090909090909091
Continental Europe,2015,A,H_A,0,2,0.09090909090909091
Continental Europe,2015,A,P_D,0,2,0.09090909090909091
Continental Europe,2015,A,P_A,0,2,0.09090909090909091
Continental Europe,2015,D,D,8,8,0.7391304347826086
Continental Europe,2015,D,A,0,8,0.043478260869565216
Continental Europe,2015,D,H_D,0,8,0.043478260869565216
Continental Europe,2015,D,H_A,0,8,0.043478260869565216
Continental Europe,2015,D,P_D,0,8,0.043478260869565216
Continental Europe,2015,D,P_A,0,8,0.043478260869565216
Continental Europe,2015,H_A,D,0,8,0.043478260869565216
Continental Europe,2015,H_A,A,0,8,0.043478260869565216
Continental Europe,2015,H_A,H_D,0,8,0.043478260869565216
Continental Europe,2015,H_A,H_A,8,8,0.7391304347826086
Continental Europe,2015,H_A,P_D,0,8,0.043478260869565216
Continental Europe,2015,H_A,P_A,0,8,0.043478260869565216
Continental Europe,2015,H_D,D,0,16,0.02564102564102564
Continental Europe,2015,H_D,A,0,16,0.02564102564102564
Continental Europe,2015,H_D,H_D,15,16,0.7948717948717948
Continental Europe,2015,H_D,H_A,1,16,0.07692307692307693
Continental Europe,2015,H_D,P_D,0,16,0.02564102564102564
Continental Europe,2015,H_D,P_A,0,16,0.02564102564102564
Continental Europe,2015,P_A,D,0,5,0.058823529411764705
Continental Europe,2015,P_A,A,0,5,0.058823529411764705
Continental Europe,2015,P_A,H_D,0,5,0.058823529411764705
Continental Europe,2015,P_A,H_A,0,5,0.058823529411764705
Continental Europe,2015,P_A,P_D,0,5,0.058823529411764705
Continental Europe,2015,P_A,P_A,5,5,0.6470588235294118
Continental Europe,2015,P_D,D,0,8,0.043478260869565216
Continental Europe,2015,P_D,A,0,8,0.043478260869565216
Continental Europe,2015,P_D,H_D,0,8,0.043478260869565216
Continental Europe,2015,P_D,H_A,0,8,0.043478260869565216
Continental Europe,2015,P_D,P_D,8,8,0.7391304347826086
Continental Europe,2015,P_D,P_A,0,8,0.043478260869565216
Continental Europe,2016,A,D,0,2,0.09090909090909091
Continental Europe,2016,A,A,2,2,0.45454545454545453
Continental Europe,2016,A,H_D,0,2,0.09090909090909091
Continental Europe,2016,A,H_A,0,2,0.09090909090909091
Continental Europe,2016,A,P_D,0,2,0.09090909090909091
Continental Europe,2016,A,P_A,0,2,0.09090909090909091
Continental Europe,2016,D,D,9,9,0.76
Continental Europe,2016,D,A,0,9,0.04
Continental Europe,2016,D,H_D,0,9,0.04
Continental Europe,2016,D,H_A,0,9,0.04
Continental Europe,2016,D,P_D,0,9,0.04
Continental Europe,2016,D,P_A,0,9,0.04
Continental Europe,2016,H_A,D,0,9,0.04
Continental Europe,2016,H_A,A,0,9,0.04
Continental Europe,2016,H_A,H_D,0,9,0.04
Continental Europe,2016,H_A,H_A,7,9,0.6
Continental Europe,2016,H_A,P_D,0,9,0.04
Continental Europe,2016,H_A,P_A,2,9,0.2
Continental Europe,2016,H_D,D,0,15,0.02702702702702703
Continental Europe,2016,H_D,A,0,15,0.02702702702702703
Continental Europe,2016,H_D,H_D,15,15,0.8378378378378378
Continental Europe,2016,H_D,H_A,0,15,0.02702702702702703
Continental Europe,2016,H_D,P_D,0,15,0.02702702702702703
Continental Europe,2016,H_D,P_A,0,15,0.02702702702702703
Continental Europe,2016,P_A,D,0,5,0.058823529411764705
Continental Europe,2016,P_A,A,0,5,0.058823529411764705
Continental Europe,2016,P_A,H_D,0,5,0.058823529411764705
Continental Europe,2016,P_A,H_A,0,5,0.058823529411764705
Continental Europe,2016,P_A,P_D,0,5,0.058823529411764705
Continental Europe,2016,P_A,P_A,5,5,0.6470588235294118
Continental Europe,2016,P_D,D,0,8,0.043478260869565216
Continental Europe,2016,P_D,A,0,8,0.043478260869565216
Continental Europe,2016,P_D,H_D,0,8,0.043478260869565216
Continental Europe,2016,P_D,H_A,0,8,0.043478260869565216
Continental Europe,2016,P_D,P_D,7,8,0.6521739130434783
Continental Europe,2016,P_D,P_A,0,8,0.043478260869565216
Continental Europe,2017,A,D,0,2,0.09090909090909091
Continental Europe,2017,A,A,2,2,0.45454545454545453
Continental Europe,2017,A,H_D,0,2,0.09090909090909091
Continental Europe,2017,A,H_A,0,2,0.09090909090909091
Continental Europe,2017,A,P_D,0,2,0.09090909090909091
Continental Europe,2017,A,P_A,0,2,0.09090909090909091
Continental Europe,2017,D,D,9,9,0.76
Continental Europe,2017,D,A,0,9,0.04
Continental Europe,2017,D,H_D,0,9,0.04
Continental Europe,2017,D,H_A,0,9,0.04
Continental Europe,2017,D,P_D,0,9,0.04
Continental Europe,2017,D,P_A,0,9,0.04
Continental Europe,2017,H_A,D,0,7,0.047619047619047616
Continental Europe,2017,H_A,A,0,7,0.047619047619047616
Continental Europe,2017,H_A,H_D,0,7,0.047619047619047616
Continental Europe,2017,H_A,H_A,7,7,0.7142857142857143
Continental Europe,2017,H_A,P_D,0,7,0.047619047619047616
Continental Europe,2017,H_A,P_A,0,7,0.047619047619047616
Continental Europe,2017,H_D,D,0,15,0.02702702702702703
Continental Europe,2017,H_D,A,0,15,0.02702702702702703
Continental Europe,2017,H_D,H_D,13,15,0.7297297297297297
Continental Europe,2017,H_D,H_A,2,15,0.13513513513513514
Continental Europe,2017,H_D,P_D,0,15,0.02702702702702703
Continental Europe,2017,H_D,P_A,0,15,0.02702702702702703
Continental Europe,2017,P_A,D,0,7,0.047619047619047616
Continental Europe,2017,P_A,A,0,7,0.047619047619047616
Continental Europe,2017,P_A,H_D,0,7,0.047619047619047616
Continental Europe,2017,P_A,H_A,0,7,0.047619047619047616
Continental Europe,2017,P_A,P_D,0,7,0.047619047619047616
Continental Europe,2017,P_A,P_A,7,7,0.7142857142857143
Continental Europe,2017,P_D,D,0,7,0.047619047619047616
Continental Europe,2017,P_D,A,0,7,0.047619047619047616
Continental Europe,2017,P_D,H_D,0,7,0.047619047619047616
Continental Europe,2017,P_D,H_A,0,7,0.047619047619047616
Continental Europe,2017,P_D,P_D,7,7,0.7142857142857143
Continental Europe,2017,P_D,P_A,0,7,0.047619047619047616
Continental Europe,2018,A,D,0,2,0.09090909090909091
Continental Europe,2018,A,A,1,2,0.2727272727272727
Continental Europe,2018,A,H_D,0,2,0.09090909090909091
Continental Europe,2018,A,H_A,1,2,0.2727272727272727
Continental Europe,2018,A,P_D,0,2,0.09090909090909091
Continental Europe,2018,A,P_A,0,2,0.09090909090909091
Continental Europe,2018,D,D,7,9,0.6
Continental Europe,2018,D,A,0,9,0.04
Continental Europe,2018,D,H_D,1,9,0.12
Continental Europe,2018,D,H_A,1,9,0.12
Continental Europe,2018,D,P_D,0,9,0.04
Continental Europe,2018,D,P_A,0,9,0.04
Continental Europe,2018,H_A,D,0,9,0.04
Continental Europe,2018,H_A,A,0,9,0.04
Continental Europe,2018,H_A,H_D,0,9,0.04
Continental Europe,2018,H_A,H_A,9,9,0.76
Continental Europe,2018,H_A,P_D,0,9,0.04
Continental Europe,2018,H_A,P_A,0,9,0.04
Continental Europe,2018,H_D,D,0,13,0.030303030303030304
Continental Europe,2018,H_D,A,0,13,0.030303030303030304
Continental Europe,2018,H_D,H_D,12,13,0.7575757575757576
Continental Europe,2018,H_D,H_A,0,13,0.030303030303030304
Continental Europe,2018,H_D,P_D,0,13,0.030303030303030304
Continental Europe,2018,H_D,P_A,0,13,0.030303030303030304
Continental Europe,2018,P_A,D,0,7,0.047619047619047616
Continental Europe,2018,P_A,A,0,7,0.047619047619047616
Continental Europe,2018,P_A,H_D,0,7,0.047619047619047616
Continental Europe,2018,P_A,H_A,0,7,0.047619047619047616
Continental Europe,2018,P_A,P_D,1,7,0.14285714285714285
Continental Europe,2018,P_A,P_A,6,7,0.6190476190476191
Continental Europe,2018,P_D,D,0,7,0.047619047619047616
Continental Europe,2018,P_D,A,0,7,0.047619047619047616
Continental Europe,2018,P_D,H_D,0,7,0.047619047619047616
Continental Europe,2018,P_D,H_A,0,7,0.047619047619047616
Continental Europe,2018,P_D,P_D,7,7,0.7142857142857143
Continental Europe,2018,P_D,P_A,0,7,0.047619047619047616
Continental Europe,2019,A,D,0,1,0.1111111111111111
Continental Europe,2019,A,A,1,1,0.3333333333333333
Continental Europe,2019,A,H_D,0,1,0.1111111111111111
Continental Europe,2019,A,H_A,0,1,0.1111111111111111
Continental Europe,2019,A,P_D,0,1,0.1111111111111111
Continental Europe,2019,A,P_A,0,1,0.1111111111111111
Continental Europe,2019,D,D,7,7,0.7142857142857143
Continental Europe,2019,D,A,0,7,0.047619047619047616
Continental Europe,2019,D,H_D,0,7,0.047619047619047616
Continental Europe,2019,D,H_A,0,7,0.047619047619047616
Continental Europe,2019,D,P_D,0,7,0.047619047619047616
Continental Europe,2019,D,P_A,0,7,0.047619047619047616
Continental Europe,2019,H_A,D,0,11,0.034482758620689655
Continental Europe,2019,H_A,A,0,11,0.034482758620689655
Continental Europe,2019,H_A,H_D,1,11,0.10344827586206896
Continental Europe,2019,H_A,H_A,8,11,0.5862068965517241
Continental Europe,2019,H_A,P_D,0,11,0.034482758620689655
Continental Europe,2019,H_A,P_A,2,11,0.1724137931034483
Continental Europe,2019,H_D,D,0,13,0.030303030303030304
Continental Europe,2019,H_D,A,0,13,0.030303030303030304
Continental Europe,2019,H_D,H_D,13,13,0.8181818181818182
Continental Europe,2019,H_D,H_A,0,13,0.030303030303030304
Continental Europe,2019,H_D,P_D,0,13,0.030303030303030304
Continental Europe,2019,H_D,P_A,0,13,0.030303030303030304
Continental Europe,2019,P_A,D,0,6,0.05263157894736842
Continental Europe,2019,P_A,A,0,6,0.05263157894736842
Continental Europe,2019,P_A,H_D,0,6,0.05263157894736842
Continental Europe,2019,P_A,H_A,0,6,0.05263157894736842
Continental Europe,2019,P_A,P_D,0,6,0.05263157894736842
Continental Europe,2019,P_A,P_A,6,6,0.6842105263157895
Continental Europe,2019,P_D,D,0,8,0.043478260869565216
Continental Europe,2019,P_D,A,0,8,0.043478260869565216
Continental Europe,2019,P_D,H_D,0,8,0.043478260869565216
Continental Europe,2019,P_D,H_A,0,8,0.043478260869565216
Continental Europe,2019,P_D,P_D,7,8,0.6521739130434783
Continental Europe,2019,P_D,P_A,1,8,0.13043478260869565
Continental Europe,2020,A,D,0,1,0.1111111111111111
Continental Europe,2020,A,A,1,1,0.3333333333333333
Continental Europe,2020,A,H_D,0,1,0.1111111111111111
Continental Europe,2020,A,H_A,0,1,0.1111111111111111
Continental Europe,2020,A,P_D,0,1,0.1111111111111111
Continental Europe,2020,A,P_A,0,1,0.1111111111111111
Continental Europe,2020,D,D,7,7,0.7142857142857143
Continental Europe,2020,D,A,0,7,0.047619047619047616
Continental Europe,2020,D,H_D,0,7,0.047619047619047616
Continental Europe,2020,D,H_A,0,7,0.047619047619047616
Continental Europe,2020,D,P_D,0,7,0.047619047619047616
Continental Europe,2020,D,P_A,0,7,0.047619047619047616
Continental Europe,2020,H_A,D,0,8,0.043478260869565216
Continental Europe,2020,H_A,A,0,8,0.043478260869565216
Continental Europe,2020,H_A,H_D,2,8,0.21739130434782608
Continental Europe,2020,H_A,H_A,6,8,0.5652173913043478
Continental Europe,2020,H_A,P_D,0,8,0.043478260869565216
Continental Europe,2020,H_A,P_A,0,8,0.043478260869565216
Continental Europe,2020,H_D,D,0,14,0.02857142857142857
Continental Europe,2020,H_D,A,0,14,0.02857142857142857
Continental Europe,2020,H_D,H_D,12,14,0.7142857142857143
Continental Europe,2020,H_D,H_A,0,14,0.02857142857142857
Continental Europe,2020,H_D,P_D,2,14,0.14285714285714285
Continental Europe,2020,H_D,P_A,0,14,0.02857142857142857
Continental Europe,2020,P_A,D,0,9,0.04
Continental Europe,2020,P_A,A,0,9,0.04
Continental Europe,2020,P_A,H_D,0,9,0.04
Continental Europe,2020,P_A,H_A,0,9,0.04
Continental Europe,2020,P_A,P_D,3,9,0.28
Continental Europe,2020,P_A,P_A,6,9,0.52
Continental Europe,2020,P_D,D,0,7,0.047619047619047616
Continental Europe,2020,P_D,A,0,7,0.047619047619047616
Continental Europe,2020,P_D,H_D,0,7,0.047619047619047616
Continental Europe,2020,P_D,H_A,0,7,0.047619047619047616
Continental Europe,2020,P_D,P_D,7,7,0.7142857142857143
Continental Europe,2020,P_D,P_A,0,7,0.047619047619047616
Continental Europe,2021,A,D,0,1,0.1111111111111111
Continental Europe,2021,A,A,1,1,0.3333333333333333
Continental Europe,2021,A,H_D,0,1,0.1111111111111111
Continental Europe,2021,A,H_A,0,1,0.1111111111111111
Continental Europe,2021,A,P_D,0,1,0.1111111111111111
Continental Europe,2021,A,P_A,0,1,0.1111111111111111
Continental Europe,2021,D,D,7,7,0.7142857142857143
Continental Europe,2021,D,A,0,7,0.047619047619047616
Continental Europe,2021,D,H_D,0,7,0.047619047619047616
Continental Europe,2021,D,H_A,0,7,0.047619047619047616
Continental Europe,2021,D,P_D,0,7,0.047619047619047616
Continental Europe,2021,D,P_A,0,7,0.047619047619047616
Continental Europe,2021,H_A,D,0,6,0.05263157894736842
Continental Europe,2021,H_A,A,0,6,0.05263157894736842
Continental Europe,2021,H_A,H_D,1,6,0.15789473684210525
Continental Europe,2021,H_A,H_A,5,6,0.5789473684210527
Continental Europe,2021,H_A,P_D,0,6,0.05263157894736842
Continental Europe,2021,H_A,P_A,0,6,0.05263157894736842
Continental Europe,2021,H_D,D,0,14,0.02857142857142857
Continental Europe,2021,H_D,A,0,14,0.02857142857142857
Continental Europe,2021,H_D,H_D,14,14,0.8285714285714286
Continental Europe,2021,H_D,H_A,0,14,0.02857142857142857
Continental Europe,2021,H_D,P_D,0,14,0.02857142857142857
Continental Europe,2021,H_D,P_A,0,14,0.02857142857142857
Continental Europe,2021,P_A,D,0,6,0.05263157894736842
Continental Europe,2021,P_A,A,0,6,0.05263157894736842
Continental Europe,2021,P_A,H_D,0,6,0.05263157894736842
Continental Europe,2021,P_A,H_A,0,6,0.05263157894736842
Continental Europe,2021,P_A,P_D,0,6,0.05263157894736842
Continental Europe,2021,P_A,P_A,6,6,0.6842105263157895
Continental Europe,2021,P_D,D,0,12,0.03225806451612903
Continental Europe,2021,P_D,A,0,12,0.03225806451612903
Continental Europe,2021,P_D,H_D,0,12,0.03225806451612903
Continental Europe,2021,P_D,H_A,0,12,0.03225806451612903
Continental Europe,2021,P_D,P_D,11,12,0.7419354838709677
Continental Europe,2021,P_D,P_A,1,12,0.0967741935483871
Continental Europe,2022,A,D,0,1,0.1111111111111111
Continental Europe,2022,A,A,1,1,0.3333333333333333
Continental Europe,2022,A,H_D,0,1,0.1111111111111111
Continental Europe,2022,A,H_A,0,1,0.1111111111111111
Continental Europe,2022,A,P_D,0,1,0.1111111111111111
Continental Europe,2022,A,P_A,0,1,0.1111111111111111
Continental Europe,2022,D,D,7,7,0.7142857142857143
Continental Europe,2022,D,A,0,7,0.047619047619047616
Continental Europe,2022,D,H_D,0,7,0.047619047619047616
Continental Europe,2022,D,H_A,0,7,0.047619047619047616
Continental Europe,2022,D,P_D,0,7,0.047619047619047616
Continental Europe,2022,D,P_A,0,7,0.047619047619047616
Continental Europe,2022,H_A,D,0,5,0.058823529411764705
Continental Europe,2022,H_A,A,0,5,0.058823529411764705
Continental Europe,2022,H_A,H_D,1,5,0.17647058823529413
Continental Europe,2022,H_A,H_A,4,5,0.5294117647058824
Continental Europe,2022,H_A,P_D,0,5,0.058823529411764705
Continental Europe,2022,H_A,P_A,0,5,0.058823529411764705
Continental Europe,2022,H_D,D,0,15,0.02702702702702703
Continental Europe,2022,H_D,A,0,15,0.02702702702702703
Continental Europe,2022,H_D,H_D,14,15,0.7837837837837838
Continental Europe,2022,H_D,H_A,0,15,0.02702702702702703
Continental Europe,2022,H_D,P_D,1,15,0.08108108108108109
Continental Europe,2022,H_D,P_A,0,15,0.02702702702702703
Continental Europe,2022,P_A,D,0,7,0.047619047619047616
Continental Europe,2022,P_A,A,0,7,0.047619047619047616
Continental Europe,2022,P_A,H_D,0,7,0.047619047619047616
Continental Europe,2022,P_A,H_A,0,7,0.047619047619047616
Continental Europe,2022,P_A,P_D,1,7,0.14285714285714285
Continental Europe,2022,P_A,P_A,6,7,0.6190476190476191
Continental Europe,2022,P_D,D,0,11,0.034482758620689655
Continental Europe,2022,P_D,A,0,11,0.034482758620689655
Continental Europe,2022,P_D,H_D,0,11,0.034482758620689655
Continental Europe,2022,P_D,H_A,0,11,0.034482758620689655
Continental Europe,2022,P_D,P_D,11,11,0.7931034482758621
Continental Europe,2022,P_D,P_A,0,11,0.034482758620689655
Continental Europe,2023,A,D,0,1,0.1111111111111111
Continental Europe,2023,A,A,0,1,0.1111111111111111
Continental Europe,2023,A,H_D,0,1,0.1111111111111111
Continental Europe,2023,A,H_A,0,1,0.1111111111111111
Continental Europe,2023,A,P_D,0,1,0.1111111111111111
Continental Europe,2023,A,P_A,0,1,0.1111111111111111
Continental Europe,2023,D,D,0,7,0.047619047619047616
Continental Europe,2023,D,A,0,7,0.047619047619047616
Continental Europe,2023,D,H_D,0,7,0.047619047619047616
Continental Europe,2023,D,H_A,0,7,0.047619047619047616
Continental Europe,2023,D,P_D,0,7,0.047619047619047616
Continental Europe,2023,D,P_A,0,7,0.047619047619047616
Continental Europe,2023,H_A,D,0,4,0.06666666666666667
Continental Europe,2023,H_A,A,0,4,0.06666666666666667
Continental Europe,2023,H_A,H_D,0,4,0.06666666666666667
Continental Europe,2023,H_A,H_A,0,4,0.06666666666666667
Continental Europe,2023,H_A,P_D,0,4,0.06666666666666667
Continental Europe,2023,H_A,P_A,0,4,0.06666666666666667
Continental Europe,2023,H_D,D,0,15,0.02702702702702703
Continental Europe,2023,H_D,A,0,15,0.02702702702702703
Continental Europe,2023,H_D,H_D,0,15,0.02702702702702703
Continental Europe,2023,H_D,H_A,0,15,0.02702702702702703
Continental Europe,2023,H_D,P_D,0,15,0.02702702702702703
Continental Europe,2023,H_D,P_A,0,15,0.02702702702702703
Continental Europe,2023,P_A,D,0,6,0.05263157894736842
Continental Europe,2023,P_A,A,0,6,0.05263157894736842
Continental Europe,2023,P_A,H_D,0,6,0.05263157894736842
Continental Europe,2023,P_A,H_A,0,6,0.05263157894736842
Continental Europe,2023,P_A,P_D,0,6,0.05263157894736842
Continental Europe,2023,P_A,P_A,0,6,0.05263157894736842
Continental Europe,2023,P_D,D,0,13,0.030303030303030304
Continental Europe,2023,P_D,A,0,13,0.030303030303030304
Continental Europe,2023,P_D,H_D,0,13,0.030303030303030304
Continental Europe,2023,P_D,H_A,0,13,0.030303030303030304
Continental Europe,2023,P_D,P_D,0,13,0.030303030303030304
Continental Europe,2023,P_D,P_A,0,13,0.030303030303030304
Hindu,2000,D,D,2,2,0.45454545454545453
Hindu,2000,D,A,0,2,0.09090909090909091
Hindu,2000,D,H_D,0,2,0.09090909090909091
Hindu,2000,D,H_A,0,2,0.09090909090909091
Hindu,2000,D,P_D,0,2,0.09090909090909091
Hindu,2000,D,P_A,0,2,0.09090909090909091
Hindu,2001,D,D,1,3,0.23076923076923078
Hindu,2001,D,A,0,3,0.07692307692307693
Hindu,2001,D,H_D,1,3,0.23076923076923078
Hindu,2001,D,H_A,0,3,0.07692307692307693
Hindu,2001,D,P_D,0,3,0.07692307692307693
Hindu,2001,D,P_A,1,3,0.23076923076923078
Hindu,2002,D,D,2,2,0.45454545454545453
Hindu,2002,D,A,0,2,0.09090909090909091
Hindu,2002,D,H_D,0,2,0.09090909090909091
Hindu,2002,D,H_A,0,2,0.09090909090909091
Hindu,2002,D,P_D,0,2,0.09090909090909091
Hindu,2002,D,P_A,0,2,0.09090909090909091
Hindu,2002,H_D,D,0,1,0.1111111111111111
Hindu,2002,H_D,A,0,1,0.1111111111111111
Hindu,2002,H_D,H_D,0,1,0.1111111111111111
Hindu,2002,H_D,H_A,1,1,0.3333333333333333
Hindu,2002,H_D,P_D,0,1,0.1111111111111111
Hindu,2002,H_D,P_A,0,1,0.1111111111111111
Hindu,2002,P_A,D,0,1,0.1111111111111111
Hindu,2002,P_A,A,0,1,0.1111111111111111
Hindu,2002,P_A,H_D,0,1,0.1111111111111111
Hindu,2002,P_A,H_A,0,1,0.1111111111111111
Hindu,2002,P_A,P_D,0,1,0.1111111111111111
Hindu,2002,P_A,P_A,1,1,0.3333333333333333
Hindu,2003,D,D,4,4,0.6
Hindu,2003,D,A,0,4,0.06666666666666667
Hindu,2003,D,H_D,0,4,0.06666666666666667
Hindu,2003,D,H_A,0,4,0.06666666666666667
Hindu,2003,D,P_D,0,4,0.06666666666666667
Hindu,2003,D,P_A,0,4,0.06666666666666667
Hindu,2003,H_A,D,0,1,0.1111111111111111
Hindu,2003,H_A,A,0,1,0.1111111111111111
Hindu,2003,H_A,H_D,0,1,0.1111111111111111
Hindu,2003,H_A,H_A,1,1,0.3333333333333333
Hindu,2003,H_A,P_D,0,1,0.1111111111111111
Hindu,2003,H_A,P_A,0,1,0.1111111111111111
Hindu,2003,P_A,D,0,1,0.1111111111111111
Hindu,2003,P_A,A,0,1,0.1111111111111111
Hindu,2003,P_A,H_D,0,1,0.1111111111111111
Hindu,2003,P_A,H_A,0,1,0.1111111111111111
Hindu,2003,P_A,P_D,0,1,0.1111111111111111
Hindu,2003,P_A,P_A,1,1,0.3333333333333333
Hindu,2004,D,D,4,4,0.6
Hindu,2004,D,A,0,4,0.06666666666666667
Hindu,2004,D,H_D,0,4,0.06666666666666667
Hindu,2004,D,H_A,0,4,0.06666666666666667
Hindu,2004,D,P_D,0,4,0.06666666666666667
Hindu,2004,D,P_A,0,4,0.06666666666666667
Hindu,2004,H_A,D,0,1,0.1111111111111111
Hindu,2004,H_A,A,0,1,0.1111111111111111
Hindu,2004,H_A,H_D,0,1,0.1111111111111111
Hindu,2004,H_A,H_A,1,1,0.3333333333333333
Hindu,2004,H_A,P_D,0,1,0.1111111111111111
Hindu,2004,H_A,P_A,0,1,0.1111111111111111
Hindu,2004,H_D,D,0,1,0.1111111111111111
Hindu,2004,H_D,A,0,1,0.1111111111111111
Hindu,2004,H_D,H_D,1,1,0.3333333333333333
Hindu,2004,H_D,H_A,0,1,0.1111111111111111
Hindu,2004,H_D,P_D,0,1,0.1111111111111111
Hindu,2004,H_D,P_A,0,1,0.1111111111111111
Hindu,2004,P_A,D,0,1,0.1111111111111111
Hindu,2004,P_A,A,0,1,0.1111111111111111
Hindu,2004,P_A,H_D,0,1,0.1111111111111111
Hindu,2004,P_A,H_A,0,1,0.1111111111111111
Hindu,2004,P_A,P_D,0,1,0.1111111111111111
Hindu,2004,P_A,P_A,1,1,0.3333333333333333
Hindu,2005,D,D,5,6,0.5789473684210527
Hindu,2005,D,A,1,6,0.15789473684210525
Hindu,2005,D,H_D,0,6,0.05263157894736842
Hindu,2005,D,H_A,0,6,0.05263157894736842
Hindu,2005,D,P_D,0,6,0.05263157894736842
Hindu,2005,D,P_A,0,6,0.05263157894736842
Hindu,2005,H_A,D,0,1,0.1111111111111111
Hindu,2005,H_A,A,0,1,0.1111111111111111
Hindu,2005,H_A,H_D,0,1,0.1111111111111111
Hindu,2005,H_A,H_A,1,1,0.3333333333333333
Hindu,2005,H_A,P_D,0,1,0.1111111111111111
Hindu,2005,H_A,P_A,0,1,0.1111111111111111
Hindu,2005,H_D,D,0,1,0.1111111111111111
Hindu,2005,H_D,A,0,1,0.1111111111111111
Hindu,2005,H_D,H_D,1,1,0.3333333333333333
Hindu,2005,H_D,H_A,0,1,0.1111111111111111
Hindu,2005,H_D,P_D,0,1,0.1111111111111111
Hindu,2005,H_D,P_A,0,1,0.1111111111111111
Hindu,2005,P_A,D,0,1,0.1111111111111111
Hindu,2005,P_A,A,0,1,0.1111111111111111
Hindu,2005,P_A,H_D,0,1,0.1111111111111111
Hindu,2005,P_A,H_A,0,1,0.1111111111111111
Hindu,2005,P_A,P_D,0,1,0.1111111111111111
Hindu,2005,P_A,P_A,1,1,0.3333333333333333
Hindu,2006,A,D,0,1,0.1111111111111111
Hindu,2006,A,A,1,1,0.3333333333333333
Hindu,2006,A,H_D,0,1,0.1111111111111111
Hindu,2006,A,H_A,0,1,0.1111111111111111
Hindu,2006,A,P_D,0,1,0.1111111111111111
Hindu,2006,A,P_A,0,1,0.1111111111111111
Hindu,2006,D,D,4,5,0.5294117647058824
Hindu,2006,D,A,0,5,0.058823529411764705
Hindu,2006,D,H_D,1,5,0.17647058823529413
Hindu,2006,D,H_A,0,5,0.058823529411764705
Hindu,2006,D,P_D,0,5,0.058823529411764705
Hindu,2006,D,P_A,0,5,0.058823529411764705
Hindu,2006,H_A,D,0,1,0.1111111111111111
Hindu,2006,H_A,A,0,1,0.1111111111111111
Hindu,2006,H_A,H_D,0,1,0.1111111111111111
Hindu,2006,H_A,H_A,1,1,0.3333333333333333
Hindu,2006,H_A,P_D,0,1,0.1111111111111111
Hindu,2006,H_A,P_A,0,1,0.1111111111111111
Hindu,2006,H_D,D,0,1,0.1111111111111111
Hindu,2006,H_D,A,0,1,0.1111111111111111
Hindu,2006,H_D,H_D,1,1,0.3333333333333333
Hindu,2006,H_D,H_A,0,1,0.1111111111111111
Hindu,2006,H_D,P_D,0,1,0.1111111111111111
Hindu,2006,H_D,P_A,0,1,0.1111111111111111
Hindu,2006,P_A,D,0,1,0.1111111111111111
Hindu,2006,P_A,A,0,1,0.1111111111111111
Hindu,2006,P_A,H_D,0,1,0.1111111111111111
Hindu,2006,P_A,H_A,0,1,0.1111111111111111
Hindu,2006,P_A,P_D,0,1,0.1111111111111111
Hindu,2006,P_A,P_A,1,1,0.3333333333333333
Hindu,2007,A,D,0,1,0.1111111111111111
Hindu,2007,A,A,0,1,0.1111111111111111
Hindu,2007,A,H_D,0,1,0.1111111111111111
Hindu,2007,A,H_A,0,1,0.1111111111111111
Hindu,2007,A,P_D,0,1,0.1111111111111111
Hindu,2007,A,P_A,1,1,0.3333333333333333
Hindu,2007,D,D,2,5,0.29411764705882354
Hindu,2007,D,A,0,5,0.058823529411764705
Hindu,2007,D,H_D,3,5,0.4117647058823529
Hindu,2007,D,H_A,0,5,0.058823529411764705
Hindu,2007,D,P_D,0,5,0.058823529411764705
Hindu,2007,D,P_A,0,5,0.058823529411764705
Hindu,2007,H_A,D,0,1,0.1111111111111111
Hindu,2007,H_A,A,0,1,0.1111111111111111
Hindu,2007,H_A,H_D,0,1,0.1111111111111111
Hindu,2007,H_A,H_A,1,1,0.3333333333333333
Hindu,2007,H_A,P_D,0,1,0.1111111111111111
Hindu,2007,H_A,P_A,0,1,0.1111111111111111
Hindu,2007,H_D,D,0,2,0.09090909090909091
Hindu,2007,H_D,A,0,2,0.09090909090909091
Hindu,2007,H_D,H_D,2,2,0.45454545454545453
Hindu,2007,H_D,H_A,0,2,0.09090909090909091
Hindu,2007,H_D,P_D,0,2,0.09090909090909091
Hindu,2007,H_D,P_A,0,2,0.09090909090909091
Hindu,2007,P_A,D,0,1,0.1111111111111111
Hindu,2007,P_A,A,0,1,0.1111111111111111
Hindu,2007,P_A,H_D,0,1,0.1111111111111111
Hindu,2007,P_A,H_A,0,1,0.1111111111111111
Hindu,2007,P_A,P_D,0,1,0.1111111111111111
Hindu,2007,P_A,P_A,1,1,0.3333333333333333
Hindu,2008,D,D,5,5,0.6470588235294118
Hindu,2008,D,A,0,5,0.058823529411764705
Hindu,2008,D,H_D,0,5,0.058823529411764705
Hindu,2008,D,H_A,0,5,0.058823529411764705
Hindu,2008,D,P_D,0,5,0.058823529411764705
Hindu,2008,D,P_A,0,5,0.058823529411764705
Hindu,2008,H_A,D,0,1,0.1111111111111111
Hindu,2008,H_A,A,0,1,0.1111111111111111
Hindu,2008,H_A,H_D,0,1,0.1111111111111111
Hindu,2008,H_A,H_A,1,1,0.3333333333333333
Hindu,2008,H_A,P_D,0,1,0.1111111111111111
Hindu,2008,H_A,P_A,0,1,0.1111111111111111
Hindu,2008,H_D,D,0,5,0.058823529411764705
Hindu,2008,H_D,A,0,5,0.058823529411764705
Hindu,2008,H_D,H_D,5,5,0.6470588235294118
Hindu,2008,H_D,H_A,0,5,0.058823529411764705
Hindu,2008,H_D,P_D,0,5,0.058823529411764705
Hindu,2008,H_D,P_A,0,5,0.058823529411764705
Hindu,2008,P_A,D,0,2,0.09090909090909091
Hindu,2008,P_A,A,0,2,0.09090909090909091
Hindu,2008,P_A,H_D,0,2,0.09090909090909091
Hindu,2008,P_A,H_A,0,2,0.09090909090909091
Hindu,2008,P_A,P_D,0,2,0.09090909090909091
Hindu,2008,P_A,P_A,2,2,0.45454545454545453
Hindu,2009,D,D,6,7,0.6190476190476191
Hindu,2009,D,A,0,7,0.047619047619047616
Hindu,2009,D,H_D,1,7,0.14285714285714285
Hindu,2009,D,H_A,0,7,0.047619047619047616
Hindu,2009,D,P_D,0,7,0.047619047619047616
Hindu,2009,D,P_A,0,7,0.047619047619047616
Hindu,2009,H_A,D,0,1,0.1111111111111111
Hindu,2009,H_A,A,0,1,0.1111111111111111
Hindu,2009,H_A,H_D,0,1,0.1111111111111111
Hindu,2009,H_A,H_A,1,1,0.3333333333333333
Hindu,2009,H_A,P_D,0,1,0.1111111111111111
Hindu,2009,H_A,P_A,0,1,0.1111111111111111
Hindu,2009,H_D,D,0,5,0.058823529411764705
Hindu,2009,H_D,A,0,5,0.058823529411764705
Hindu,2009,H_D,H_D,5,5,0.6470588235294118
Hindu,2009,H_D,H_A,0,5,0.058823529411764705
Hindu,2009,H_D,P_D,0,5,0.058823529411764705
Hindu,2009,H_D,P_A,0,5,0.058823529411764705
Hindu,2009,P_A,D,0,2,0.09090909090909091
Hindu,2009,P_A,A,0,2,0.09090909090909091
Hindu,2009,P_A,H_D,0,2,0.09090909090909091
Hindu,2009,P_A,H_A,0,2,0.09090909090909091
Hindu,2009,P_A,P_D,0,2,0.09090909090909091
Hindu,2009,P_A,P_A,2,2,0.45454545454545453
Hindu,2010,D,D,6,7,0.6190476190476191
Hindu,2010,D,A,0,7,0.047619047619047616
Hindu,2010,D,H_D,1,7,0.14285714285714285
Hindu,2010,D,H_A,0,7,0.047619047619047616
Hindu,2010,D,P_D,0,7,0.047619047619047616
Hindu,2010,D,P_A,0,7,0.047619047619047616
Hindu,2010,H_A,D,0,1,0.1111111111111111
Hindu,2010,H_A,A,0,1,0.1111111111111111
Hindu,2010,H_A,H_D,0,1,0.1111111111111111
Hindu,2010,H_A,H_A,1,1,0.3333333333333333
Hindu,2010,H_A,P_D,0,1,0.1111111111111111
Hindu,2010,H_A,P_A,0,1,0.1111111111111111
Hindu,2010,H_D,D,0,6,0.05263157894736842
Hindu,2010,H_D,A,0,6,0.05263157894736842
Hindu,2010,H_D,H_D,6,6,0.6842105263157895
Hindu,2010,H_D,H_A,0,6,0.05263157894736842
Hindu,2010,H_D,P_D,0,6,0.05263157894736842
Hindu,2010,H_D,P_A,0,6,0.05263157894736842
Hindu,2010,P_A,D,0,2,0.09090909090909091
Hindu,2010,P_A,A,0,2,0.09090909090909091
Hindu,2010,P_A,H_D,0,2,0.09090909090909091
Hindu,2010,P_A,H_A,0,2,0.09090909090909091
Hindu,2010,P_A,P_D,1,2,0.2727272727272727
Hindu,2010,P_A,P_A,1,2,0.2727272727272727
Hindu,2011,D,D,6,9,0.52
Hindu,2011,D,A,0,9,0.04
Hindu,2011,D,H_D,2,9,0.2
Hindu,2011,D,H_A,1,9,0.12
Hindu,2011,D,P_D,0,9,0.04
Hindu,2011,D,P_A,0,9,0.04
Hindu,2011,H_A,D,0,1,0.1111111111111111
Hindu,2011,H_A,A,0,1,0.1111111111111111
Hindu,2011,H_A,H_D,0,1,0.1111111111111111
Hindu,2011,H_A,H_A,1,1,0.3333333333333333
Hindu,2011,H_A,P_D,0,1,0.1111111111111111
Hindu,2011,H_A,P_A,0,1,0.1111111111111111
Hindu,2011,H_D,D,0,8,0.043478260869565216
Hindu,2011,H_D,A,0,8,0.043478260869565216
Hindu,2011,H_D,H_D,8,8,0.7391304347826086
Hindu,2011,H_D,H_A,0,8,0.043478260869565216
Hindu,2011,H_D,P_D,0,8,0.043478260869565216
Hindu,2011,H_D,P_A,0,8,0.043478260869565216
Hindu,2011,P_A,D,0,1,0.1111111111111111
Hindu,2011,P_A,A,0,1,0.1111111111111111
Hindu,2011,P_A,H_D,0,1,0.1111111111111111
Hindu,2011,P_A,H_A,0,1,0.1111111111111111
Hindu,2011,P_A,P_D,0,1,0.1111111111111111
Hindu,2011,P_A,P_A,1,1,0.3333333333333333
Hindu,2011,P_D,D,0,1,0.1111111111111111
Hindu,2011,P_D,A,0,1,0.1111111111111111
Hindu,2011,P_D,H_D,0,1,0.1111111111111111
Hindu,2011,P_D,H_A,0,1,0.1111111111111111
Hindu,2011,P_D,P_D,1,1,0.3333333333333333
Hindu,2011,P_D,P_A,0,1,0.1111111111111111
Hindu,2012,D,D,6,8,0.5652173913043478
Hindu,2012,D,A,0,8,0.043478260869565216
Hindu,2012,D,H_D,2,8,0.21739130434782608
Hindu,2012,D,H_A,0,8,0.043478260869565216
Hindu,2012,D,P_D,0,8,0.043478260869565216
Hindu,2012,D,P_A,0,8,0.043478260869565216
Hindu,2012,H_A,D,0,2,0.09090909090909091
Hindu,2012,H_A,A,0,2,0.09090909090909091
Hindu,2012,H_A,H_D,0,2,0.09090909090909091
Hindu,2012,H_A,H_A,2,2,0.45454545454545453
Hindu,2012,H_A,P_D,0,2,0.09090909090909091
Hindu,2012,H_A,P_A,0,2,0.09090909090909091
Hindu,2012,H_D,D,0,10,0.037037037037037035
Hindu,2012,H_D,A,0,10,0.037037037037037035
Hindu,2012,H_D,H_D,9,10,0.7037037037037037
Hindu,2012,H_D,H_A,0,10,0.037037037037037035
Hindu,2012,H_D,P_D,1,10,0.1111111111111111
Hindu,2012,H_D,P_A,0,10,0.037037037037037035
Hindu,2012,P_A,D,0,1,0.1111111111111111
Hindu,2012,P_A,A,0,1,0.1111111111111111
Hindu,2012,P_A,H_D,0,1,0.1111111111111111
Hindu,2012,P_A,H_A,0,1,0.1111111111111111
Hindu,2012,P_A,P_D,0,1,0.1111111111111111
Hindu,2012,P_A,P_A,1,1,0.3333333333333333
Hindu,2012,P_D,D,0,1,0.1111111111111111
Hindu,2012,P_D,A,0,1,0.1111111111111111
Hindu,2012,P_D,H_D,0,1,0.1111111111111111
Hindu,2012,P_D,H_A,0,1,0.1111111111111111
Hindu,2012,P_D,P_D,1,1,0.3333333333333333
Hindu,2012,P_D,P_A,0,1,0.1111111111111111
Hindu,2013,D,D,7,7,0.7142857142857143
Hindu,2013,D,A,0,7,0.047619047619047616
Hindu,2013,D,H_D,0,7,0.047619047619047616
Hindu,2013,D,H_A,0,7,0.047619047619047616
Hindu,2013,D,P_D,0,7,0.047619047619047616
Hindu,2013,D,P_A,0,7,0.047619047619047616
Hindu,2013,H_A,D,0,2,0.09090909090909091
Hindu,2013,H_A,A,0,2,0.09090909090909091
Hindu,2013,H_A,H_D,0,2,0.09090909090909091
Hindu,2013,H_A,H_A,2,2,0.45454545454545453
Hindu,2013,H_A,P_D,0,2,0.09090909090909091
Hindu,2013,H_A,P_A,0,2,0.09090909090909091
Hindu,2013,H_D,D,0,11,0.034482758620689655
Hindu,2013,H_D,A,0,11,0.034482758620689655
Hindu,2013,H_D,H_D,11,11,0.7931034482758621
Hindu,2013,H_D,H_A,0,11,0.034482758620689655
Hindu,2013,H_D,P_D,0,11,0.034482758620689655
Hindu,2013,H_D,P_A,0,11,0.034482758620689655
Hindu,2013,P_A,D,0,1,0.1111111111111111
Hindu,2013,P_A,A,0,1,0.1111111111111111
Hindu,2013,P_A,H_D,0,1,0.1111111111111111
Hindu,2013,P_A,H_A,0,1,0.1111111111111111
Hindu,2013,P_A,P_D,0,1,0.1111111111111111
Hindu,2013,P_A,P_A,1,1,0.3333333333333333
Hindu,2013,P_D,D,0,2,0.09090909090909091
Hindu,2013,P_D,A,0,2,0.09090909090909091
Hindu,2013,P_D,H_D,0,2,0.09090909090909091
Hindu,2013,P_D,H_A,0,2,0.09090909090909091
Hindu,2013,P_D,P_D,2,2,0.45454545454545453
Hindu,2013,P_D,P_A,0,2,0.09090909090909091
Hindu,2014,D,D,7,8,0.6521739130434783
Hindu,2014,D,A,0,8,0.043478260869565216
Hindu,2014,D,H_D,1,8,0.13043478260869565
Hindu,2014,D,H_A,0,8,0.043478260869565216
Hindu,2014,D,P_D,0,8,0.043478260869565216
Hindu,2014,D,P_A,0,8,0.043478260869565216
Hindu,2014,H_A,D,0,2,0.09090909090909091
Hindu,2014,H_A,A,0,2,0.09090909090909091
Hindu,2014,H_A,H_D,0,2,0.09090909090909091
Hindu,2014,H_A,H_A,2,2,0.45454545454545453
Hindu,2014,H_A,P_D,0,2,0.09090909090909091
Hindu,2014,H_A,P_A,0,2,0.09090909090909091
Hindu,2014,H_D,D,0,12,0.03225806451612903
Hindu,2014,H_D,A,0,12,0.03225806451612903
Hindu,2014,H_D,H_D,12,12,0.8064516129032258
Hindu,2014,H_D,H_A,0,12,0.03225806451612903
Hindu,2014,H_D,P_D,0,12,0.03225806451612903
Hindu,2014,H_D,P_A,0,12,0.03225806451612903
Hindu,2014,P_A,D,0,1,0.1111111111111111
Hindu,2014,P_A,A,0,1,0.1111111111111111
Hindu,2014,P_A,H_D,0,1,0.1111111111111111
Hindu,2014,P_A,H_A,0,1,0.1111111111111111
Hindu,2014,P_A,P_D,0,1,0.1111111111111111
Hindu,2014,P_A,P_A,1,1,0.3333333333333333
Hindu,2014,P_D,D,0,2,0.09090909090909091
Hindu,2014,P_D,A,0,2,0.09090909090909091
Hindu,2014,P_D,H_D,0,2,0.09090909090909091
Hindu,2014,P_D,H_A,0,2,0.09090909090909091
Hindu,2014,P_D,P_D,2,2,0.45454545454545453
Hindu,2014,P_D,P_A,0,2,0.09090909090909091
Hindu,2015,D,D,7,7,0.7142857142857143
Hindu,2015,D,A,0,7,0.047619047619047616
Hindu,2015,D,H_D,0,7,0.047619047619047616
Hindu,2015,D,H_A,0,7,0.047619047619047616
Hindu,2015,D,P_D,0,7,0.047619047619047616
Hindu,2015,D,P_A,0,7,0.047619047619047616
Hindu,2015,H_A,D,0,2,0.09090909090909091
Hindu,2015,H_A,A,0,2,0.09090909090909091
Hindu,2015,H_A,H_D,0,2,0.09090909090909091
Hindu,2015,H_A,H_A,1,2,0.2727272727272727
Hindu,2015,H_A,P_D,0,2,0.09090909090909091
Hindu,2015,H_A,P_A,1,2,0.2727272727272727
Hindu,2015,H_D,D,0,13,0.030303030303030304
Hindu,2015,H_D,A,0,13,0.030303030303030304
Hindu,2015,H_D,H_D,13,13,0.8181818181818182
Hindu,2015,H_D,H_A,0,13,0.030303030303030304
Hindu,2015,H_D,P_D,0,13,0.030303030303030304
Hindu,2015,H_D,P_A,0,13,0.030303030303030304
Hindu,2015,P_A,D,0,1,0.1111111111111111
Hindu,2015,P_A,A,0,1,0.1111111111111111
Hindu,2015,P_A,H_D,0,1,0.1111111111111111
Hindu,2015,P_A,H_A,0,1,0.1111111111111111
Hindu,2015,P_A,P_D,0,1,0.1111111111111111
Hindu,2015,P_A,P_A,1,1,0.3333333333333333
Hindu,2015,P_D,D,0,2,0.09090909090909091
Hindu,2015,P_D,A,0,2,0.09090909090909091
Hindu,2015,P_D,H_D,0,2,0.09090909090909091
Hindu,2015,P_D,H_A,0,2,0.09090909090909091
Hindu,2015,P_D,P_D,2,2,0.45454545454545453
Hindu,2015,P_D,P_A,0,2,0.09090909090909091
Hindu,2016,D,D,8,8,0.7391304347826086
Hindu,2016,D,A,0,8,0.043478260869565216
Hindu,2016,D,H_D,0,8,0.043478260869565216
Hindu,2016,D,H_A,0,8,0.043478260869565216
Hindu,2016,D,P_D,0,8,0.043478260869565216
Hindu,2016,D,P_A,0,8,0.043478260869565216
Hindu,2016,H_A,D,0,1,0.1111111111111111
Hindu,2016,H_A,A,0,1,0.1111111111111111
Hindu,2016,H_A,H_D,0,1,0.1111111111111111
Hindu,2016,H_A,H_A,1,1,0.3333333333333333
Hindu,2016,H_A,P_D,0,1,0.1111111111111111
Hindu,2016,H_A,P_A,0,1,0.1111111111111111
Hindu,2016,H_D,D,0,13,0.030303030303030304
Hindu,2016,H_D,A,0,13,0.030303030303030304
Hindu,2016,H_D,H_D,12,13,0.7575757575757576
Hindu,2016,H_D,H_A,0,13,0.030303030303030304
Hindu,2016,H_D,P_D,1,13,0.09090909090909091
Hindu,2016,H_D,P_A,0,13,0.030303030303030304
Hindu,2016,P_A,D,0,2,0.09090909090909091
Hindu,2016,P_A,A,0,2,0.09090909090909091
Hindu,2016,P_A,H_D,0,2,0.09090909090909091
Hindu,2016,P_A,H_A,0,2,0.09090909090909091
Hindu,2016,P_A,P_D,0,2,0.09090909090909091
Hindu,2016,P_A,P_A,2,2,0.45454545454545453
Hindu,2016,P_D,D,0,2,0.09090909090909091
Hindu,2016,P_D,A,0,2,0.09090909090909091
Hindu,2016,P_D,H_D,0,2,0.09090909090909091
Hindu,2016,P_D,H_A,0,2,0.09090909090909091
Hindu,2016,P_D,P_D,2,2,0.45454545454545453
Hindu,2016,P_D,P_A,0,2,0.09090909090909091
Hindu,2017,D,D,6,8,0.5652173913043478
Hindu,2017,D,A,1,8,0.13043478260869565
Hindu,2017,D,H_D,1,8,0.13043478260869565
Hindu,2017,D,H_A,0,8,0.043478260869565216
Hindu,2017,D,P_D,0,8,0.043478260869565216
Hindu,2017,D,P_A,0,8,0.043478260869565216
Hindu,2017,H_A,D,0,1,0.1111111111111111
Hindu,2017,H_A,A,0,1,0.1111111111111111
Hindu,2017,H_A,H_D,0,1,0.1111111111111111
Hindu,2017,H_A,H_A,1,1,0.3333333333333333
Hindu,2017,H_A,P_D,0,1,0.1111111111111111
Hindu,2017,H_A,P_A,0,1,0.1111111111111111
Hindu,2017,H_D,D,0,12,0.03225806451612903
Hindu,2017,H_D,A,0,12,0.03225806451612903
Hindu,2017,H_D,H_D,12,12,0.8064516129032258
Hindu,2017,H_D,H_A,0,12,0.03225806451612903
Hindu,2017,H_D,P_D,0,12,0.03225806451612903
Hindu,2017,H_D,P_A,0,12,0.03225806451612903
Hindu,2017,P_A,D,0,2,0.09090909090909091
Hindu,2017,P_A,A,0,2,0.09090909090909091
Hindu,2017,P_A,H_D,0,2,0.09090909090909091
Hindu,2017,P_A,H_A,0,2,0.09090909090909091
Hindu,2017,P_A,P_D,0,2,0.09090909090909091
Hindu,2017,P_A,P_A,2,2,0.45454545454545453
Hindu,2017,P_D,D,0,3,0.07692307692307693
Hindu,2017,P_D,A,0,3,0.07692307692307693
Hindu,2017,P_D,H_D,0,3,0.07692307692307693
Hindu,2017,P_D,H_A,0,3,0.07692307692307693
Hindu,2017,P_D,P_D,3,3,0.5384615384615384
Hindu,2017,P_D,P_A,0,3,0.07692307692307693
Hindu,2018,A,D,0,1,0.1111111111111111
Hindu,2018,A,A,0,1,0.1111111111111111
Hindu,2018,A,H_D,0,1,0.1111111111111111
Hindu,2018,A,H_A,0,1,0.1111111111111111
Hindu,2018,A,P_D,1,1,0.3333333333333333
Hindu,2018,A,P_A,0,1,0.1111111111111111
Hindu,2018,D,D,6,6,0.6842105263157895
Hindu,2018,D,A,0,6,0.05263157894736842
Hindu,2018,D,H_D,0,6,0.05263157894736842
Hindu,2018,D,H_A,0,6,0.05263157894736842
Hindu,2018,D,P_D,0,6,0.05263157894736842
Hindu,2018,D,P_A,0,6,0.05263157894736842
Hindu,2018,H_A,D,0,1,0.1111111111111111
Hindu,2018,H_A,A,0,1,0.1111111111111111
Hindu,2018,H_A,H_D,0,1,0.1111111111111111
Hindu,2018,H_A,H_A,1,1,0.3333333333333333
Hindu,2018,H_A,P_D,0,1,0.1111111111111111
Hindu,2018,H_A,P_A,0,1,0.1111111111111111
Hindu,2018,H_D,D,0,13,0.030303030303030304
Hindu,2018,H_D,A,0,13,0.030303030303030304
Hindu,2018,H_D,H_D,13,13,0.8181818181818182
Hindu,2018,H_D,H_A,0,13,0.030303030303030304
Hindu,2018,H_D,P_D,0,13,0.030303030303030304
Hindu,2018,H_D,P_A,0,13,0.030303030303030304
Hindu,2018,P_A,D,0,2,0.09090909090909091
Hindu,2018,P_A,A,0,2,0.09090909090909091
Hindu,2018,P_A,H_D,0,2,0.09090909090909091
Hindu,2018,P_A,H_A,0,2,0.09090909090909091
Hindu,2018,P_A,P_D,1,2,0.2727272727272727
Hindu,2018,P_A,P_A,1,2,0.2727272727272727
Hindu,2018,P_D,D,0,3,0.07692307692307693
Hindu,2018,P_D,A,0,3,0.07692307692307693
Hindu,2018,P_D,H_D,0,3,0.07692307692307693
Hindu,2018,P_D,H_A,0,3,0.07692307692307693
Hindu,2018,P_D,P_D,3,3,0.5384615384615384
Hindu,2018,P_D,P_A,0,3,0.07692307692307693
Hindu,2019,D,D,6,6,0.6842105263157895
Hindu,2019,D,A,0,6,0.05263157894736842
Hindu,2019,D,H_D,0,6,0.05263157894736842
Hindu,2019,D,H_A,0,6,0.05263157894736842
Hindu,2019,D,P_D,0,6,0.05263157894736842
Hindu,2019,D,P_A,0,6,0.05263157894736842
Hindu,2019,H_A,D,0,1,0.1111111111111111
Hindu,2019,H_A,A,0,1,0.1111111111111111
Hindu,2019,H_A,H_D,1,1,0.3333333333333333
Hindu,2019,H_A,H_A,0,1,0.1111111111111111
Hindu,2019,H_A,P_D,0,1,0.1111111111111111
Hindu,2019,H_A,P_A,0,1,0.1111111111111111
Hindu,2019,H_D,D,0,13,0.030303030303030304
Hindu,2019,H_D,A,0,13,0.030303030303030304
Hindu,2019,H_D,H_D,13,13,0.8181818181818182
Hindu,2019,H_D,H_A,0,13,0.030303030303030304
Hindu,2019,H_D,P_D,0,13,0.030303030303030304
Hindu,2019,H_D,P_A,0,13,0.030303030303030304
Hindu,2019,P_A,D,0,1,0.1111111111111111
Hindu,2019,P_A,A,0,1,0.1111111111111111
Hindu,2019,P_A,H_D,0,1,0.1111111111111111
Hindu,2019,P_A,H_A,0,1,0.1111111111111111
Hindu,2019,P_A,P_D,0,1,0.1111111111111111
Hindu,2019,P_A,P_A,1,1,0.3333333333333333
Hindu,2019,P_D,D,0,5,0.058823529411764705
Hindu,2019,P_D,A,0,5,0.058823529411764705
Hindu,2019,P_D,H_D,0,5,0.058823529411764705
Hindu,2019,P_D,H_A,0,5,0.058823529411764705
Hindu,2019,P_D,P_D,5,5,0.6470588235294118
Hindu,2019,P_D,P_A,0,5,0.058823529411764705
Hindu,2020,D,D,5,6,0.5789473684210527
Hindu,2020,D,A,0,6,0.05263157894736842
Hindu,2020,D,H_D,1,6,0.15789473684210525
Hindu,2020,D,H_A,0,6,0.05263157894736842
Hindu,2020,D,P_D,0,6,0.05263157894736842
Hindu,2020,D,P_A,0,6,0.05263157894736842
Hindu,2020,H_D,D,0,14,0.02857142857142857
Hindu,2020,H_D,A,0,14,0.02857142857142857
Hindu,2020,H_D,H_D,12,14,0.7142857142857143
Hindu,2020,H_D,H_A,0,14,0.02857142857142857
Hindu,2020,H_D,P_D,2,14,0.14285714285714285
Hindu,2020,H_D,P_A,0,14,0.02857142857142857
Hindu,2020,P_A,D,0,1,0.1111111111111111
Hindu,2020,P_A,A,0,1,0.1111111111111111
Hindu,2020,P_A,H_D,0,1,0.1111111111111111
Hindu,2020,P_A,H_A,0,1,0.1111111111111111
Hindu,2020,P_A,P_D,1,1,0.3333333333333333
Hindu,2020,P_A,P_A,0,1,0.1111111111111111
Hindu,2020,P_D,D,0,5,0.058823529411764705
Hindu,2020,P_D,A,0,5,0.058823529411764705
Hindu,2020,P_D,H_D,0,5,0.058823529411764705
Hindu,2020,P_D,H_A,0,5,0.058823529411764705
Hindu,2020,P_D,P_D,5,5,0.6470588235294118
Hindu,2020,P_D,P_A,0,5,0.058823529411764705
Hindu,2021,D,D,5,5,0.6470588235294118
Hindu,2021,D,A,0,5,0.058823529411764705
Hindu,2021,D,H_D,0,5,0.058823529411764705
Hindu,2021,D,H_A,0,5,0.058823529411764705
Hindu,2021,D,P_D,0,5,0.058823529411764705
Hindu,2021,D,P_A,0,5,0.058823529411764705
Hindu,2021,H_D,D,0,13,0.030303030303030304
Hindu,2021,H_D,A,0,13,0.030303030303030304
Hindu,2021,H_D,H_D,12,13,0.7575757575757576
Hindu,2021,H_D,H_A,0,13,0.030303030303030304
Hindu,2021,H_D,P_D,1,13,0.09090909090909091
Hindu,2021,H_D,P_A,0,13,0.030303030303030304
Hindu,2021,P_D,D,0,8,0.043478260869565216
Hindu,2021,P_D,A,0,8,0.043478260869565216
Hindu,2021,P_D,H_D,0,8,0.043478260869565216
Hindu,2021,P_D,H_A,0,8,0.043478260869565216
Hindu,2021,P_D,P_D,8,8,0.7391304347826086
Hindu,2021,P_D,P_A,0,8,0.043478260869565216
Hindu,2022,D,D,4,5,0.5294117647058824
Hindu,2022,D,A,0,5,0.058823529411764705
Hindu,2022,D,H_D,1,5,0.17647058823529413
Hindu,2022,D,H_A,0,5,0.058823529411764705
Hindu,2022,D,P_D,0,5,0.058823529411764705
Hindu,2022,D,P_A,0,5,0.058823529411764705
Hindu,2022,H_D,D,0,12,0.03225806451612903
Hindu,2022,H_D,A,0,12,0.03225806451612903
Hindu,2022,H_D,H_D,12,12,0.8064516129032258
Hindu,2022,H_D,H_A,0,12,0.03225806451612903
Hindu,2022,H_D,P_D,0,12,0.03225806451612903
Hindu,2022,H_D,P_A,0,12,0.03225806451612903
Hindu,2022,P_D,D,0,9,0.04
Hindu,2022,P_D,A,0,9,0.04
Hindu,2022,P_D,H_D,0,9,0.04
Hindu,2022,P_D,H_A,0,9,0.04
Hindu,2022,P_D,P_D,9,9,0.76
Hindu,2022,P_D,P_A,0,9,0.04
Hindu,2023,D,D,0,4,0.06666666666666667
Hindu,2023,D,A,0,4,0.06666666666666667
Hindu,2023,D,H_D,0,4,0.06666666666666667
Hindu,2023,D,H_A,0,4,0.06666666666666667
Hindu,2023,D,P_D,0,4,0.06666666666666667
Hindu,2023,D,P_A,0,4,0.06666666666666667
Hindu,2023,H_D,D,0,13,0.030303030303030304
Hindu,2023,H_D,A,0,13,0.030303030303030304
Hindu,2023,H_D,H_D,0,13,0.030303030303030304
Hindu,2023,H_D,H_A,0,13,0.030303030303030304
Hindu,2023,H_D,P_D,0,13,0.030303030303030304
Hindu,2023,H_D,P_A,0,13,0.030303030303030304
Hindu,2023,P_D,D,0,9,0.04
Hindu,2023,P_D,A,0,9,0.04
Hindu,2023,P_D,H_D,0,9,0.04
Hindu,2023,P_D,H_A,0,9,0.04
Hindu,2023,P_D,P_D,0,9,0.04
Hindu,2023,P_D,P_A,0,9,0.04
Islamic,2001,D,D,1,1,0.3333333333333333
Islamic,2001,D,A,0,1,0.1111111111111111
Islamic,2001,D,H_D,0,1,0.1111111111111111
Islamic,2001,D,H_A,0,1,0.1111111111111111
Islamic,2001,D,P_D,0,1,0.1111111111111111
Islamic,2001,D,P_A,0,1,0.1111111111111111
Islamic,2002,D,D,1,1,0.3333333333333333
Islamic,2002,D,A,0,1,0.1111111111111111
Islamic,2002,D,H_D,0,1,0.1111111111111111
Islamic,2002,D,H_A,0,1,0.1111111111111111
Islamic,2002,D,P_D,0,1,0.1111111111111111
Islamic,2002,D,P_A,0,1,0.1111111111111111
Islamic,2003,D,D,0,1,0.1111111111111111
Islamic,2003,D,A,0,1,0.1111111111111111
Islamic,2003,D,H_D,1,1,0.3333333333333333
Islamic,2003,D,H_A,0,1,0.1111111111111111
Islamic,2003,D,P_D,0,1,0.1111111111111111
Islamic,2003,D,P_A,0,1,0.1111111111111111
Islamic,2004,H_D,D,0,1,0.1111111111111111
Islamic,2004,H_D,A,0,1,0.1111111111111111
Islamic,2004,H_D,H_D,1,1,0.3333333333333333
Islamic,2004,H_D,H_A,0,1,0.1111111111111111
Islamic,2004,H_D,P_D,0,1,0.1111111111111111
Islamic,2004,H_D,P_A,0,1,0.1111111111111111
Islamic,2005,H_D,D,0,1,0.1111111111111111
Islamic,2005,H_D,A,0,1,0.1111111111111111
Islamic,2005,H_D,H_D,1,1,0.3333333333333333
Islamic,2005,H_D,H_A,0,1,0.1111111111111111
Islamic,2005,H_D,P_D,0,1,0.1111111111111111
Islamic,2005,H_D,P_A,0,1,0.1111111111111111
Islamic,2006,D,D,1,1,0.3333333333333333
Islamic,2006,D,A,0,1,0.1111111111111111
Islamic,2006,D,H_D,0,1,0.1111111111111111
Islamic,2006,D,H_A,0,1,0.1111111111111111
Islamic,2006,D,P_D,0,1,0.1111111111111111
Islamic,2006,D,P_A,0,1,0.1111111111111111
Islamic,2006,H_D,D,0,1,0.1111111111111111
Islamic,2006,H_D,A,0,1,0.1111111111111111
Islamic,2006,H_D,H_D,1,1,0.3333333333333333
Islamic,2006,H_D,H_A,0,1,0.1111111111111111
Islamic,2006,H_D,P_D,0,1,0.1111111111111111
Islamic,2006,H_D,P_A,0,1,0.1111111111111111
Islamic,2007,D,D,1,1,0.3333333333333333
Islamic,2007,D,A,0,1,0.1111111111111111
Islamic,2007,D,H_D,0,1,0.1111111111111111
Islamic,2007,D,H_A,0,1,0.1111111111111111
Islamic,2007,D,P_D,0,1,0.1111111111111111
Islamic,2007,D,P_A,0,1,0.1111111111111111
Islamic,2007,H_D,D,0,1,0.1111111111111111
Islamic,2007,H_D,A,0,1,0.1111111111111111
Islamic,2007,H_D,H_D,1,1,0.3333333333333333
Islamic,2007,H_D,H_A,0,1,0.1111111111111111
Islamic,2007,H_D,P_D,0,1,0.1111111111111111
Islamic,2007,H_D,P_A,0,1,0.1111111111111111
Islamic,2008,A,D,0,1,0.1111111111111111
Islamic,2008,A,A,1,1,0.3333333333333333
Islamic,2008,A,H_D,0,1,0.1111111111111111
Islamic,2008,A,H_A,0,1,0.1111111111111111
Islamic,2008,A,P_D,0,1,0.1111111111111111
Islamic,2008,A,P_A,0,1,0.1111111111111111
Islamic,2008,D,D,1,1,0.3333333333333333
Islamic,2008,D,A,0,1,0.1111111111111111
Islamic,2008,D,H_D,0,1,0.1111111111111111
Islamic,2008,D,H_A,0,1,0.1111111111111111
Islamic,2008,D,P_D,0,1,0.1111111111111111
Islamic,2008,D,P_A,0,1,0.1111111111111111
Islamic,2008,H_D,D,0,2,0.09090909090909091
Islamic,2008,H_D,A,0,2,0.09090909090909091
Islamic,2008,H_D,H_D,2,2,0.45454545454545453
Islamic,2008,H_D,H_A,0,2,0.09090909090909091
Islamic,2008,H_D,P_D,0,2,0.09090909090909091
Islamic,2008,H_D,P_A,0,2,0.09090909090909091
Islamic,2009,A,D,0,1,0.1111111111111111
Islamic,2009,A,A,1,1,0.3333333333333333
Islamic,2009,A,H_D,0,1,0.1111111111111111
Islamic,2009,A,H_A,0,1,0.1111111111111111
Islamic,2009,A,P_D,0,1,0.1111111111111111
Islamic,2009,A,P_A,0,1,0.1111111111111111
Islamic,2009,D,D,3,3,0.5384615384615384
Islamic,2009,D,A,0,3,0.07692307692307693
Islamic,2009,D,H_D,0,3,0.07692307692307693
Islamic,2009,D,H_A,0,3,0.07692307692307693
Islamic,2009,D,P_D,0,3,0.07692307692307693
Islamic,2009,D,P_A,0,3,0.07692307692307693
Islamic,2009,H_D,D,0,3,0.07692307692307693
Islamic,2009,H_D,A,0,3,0.07692307692307693
Islamic,2009,H_D,H_D,3,3,0.5384615384615384
Islamic,2009,H_D,H_A,0,3,0.07692307692307693
Islamic,2009,H_D,P_D,0,3,0.07692307692307693
Islamic,2009,H_D,P_A,0,3,0.07692307692307693
Islamic,2010,A,D,0,1,0.1111111111111111
Islamic,2010,A,A,1,1,0.3333333333333333
Islamic,2010,A,H_D,0,1,0.1111111111111111
Islamic,2010,A,H_A,0,1,0.1111111111111111
Islamic,2010,A,P_D,0,1,0.1111111111111111
Islamic,2010,A,P_A,0,1,0.1111111111111111
Islamic,2010,D,D,3,3,0.5384615384615384
Islamic,2010,D,A,0,3,0.07692307692307693
Islamic,2010,D,H_D,0,3,0.07692307692307693
Islamic,2010,D,H_A,0,3,0.07692307692307693
Islamic,2010,D,P_D,0,3,0.07692307692307693
Islamic,2010,D,P_A,0,3,0.07692307692307693
Islamic,2010,H_D,D,0,3,0.07692307692307693
Islamic,2010,H_D,A,0,3,0.07692307692307693
Islamic,2010,H_D,H_D,3,3,0.5384615384615384
Islamic,2010,H_D,H_A,0,3,0.07692307692307693
Islamic,2010,H_D,P_D,0,3,0.07692307692307693
Islamic,2010,H_D,P_A,0,3,0.07692307692307693
Islamic,2011,A,D,0,1,0.1111111111111111
Islamic,2011,A,A,1,1,0.3333333333333333
Islamic,2011,A,H_D,0,1,0.1111111111111111
Islamic,2011,A,H_A,0,1,0.1111111111111111
Islamic,2011,A,P_D,0,1,0.1111111111111111
Islamic,2011,A,P_A,0,1,0.1111111111111111
Islamic,2011,D,D,3,4,0.4666666666666667
Islamic,2011,D,A,0,4,0.06666666666666667
Islamic,2011,D,H_D,1,4,0.2
Islamic,2011,D,H_A,0,4,0.06666666666666667
Islamic,2011,D,P_D,0,4,0.06666666666666667
Islamic,2011,D,P_A,0,4,0.06666666666666667
Islamic,2011,H_D,D,0,3,0.07692307692307693
Islamic,2011,H_D,A,0,3,0.07692307692307693
Islamic,2011,H_D,H_D,3,3,0.5384615384615384
Islamic,2011,H_D,H_A,0,3,0.07692307692307693
Islamic,2011,H_D,P_D,0,3,0.07692307692307693
Islamic,2011,H_D,P_A,0,3,0.07692307692307693
Islamic,2012,A,D,0,1,0.1111111111111111
Islamic,2012,A,A,1,1,0.3333333333333333
Islamic,2012,A,H_D,0,1,0.1111111111111111
Islamic,2012,A,H_A,0,1,0.1111111111111111
Islamic,2012,A,P_D,0,1,0.1111111111111111
Islamic,2012,A,P_A,0,1,0.1111111111111111
Islamic,2012,D,D,4,4,0.6
Islamic,2012,D,A,0,4,0.06666666666666667
Islamic,2012,D,H_D,0,4,0.06666666666666667
Islamic,2012,D,H_A,0,4,0.06666666666666667
Islamic,2012,D,P_D,0,4,0.06666666666666667
Islamic,2012,D,P_A,0,4,0.06666666666666667
Islamic,2012,H_D,D,0,5,0.058823529411764705
Islamic,2012,H_D,A,0,5,0.058823529411764705
Islamic,2012,H_D,H_D,5,5,0.6470588235294118
Islamic,2012,H_D,H_A,0,5,0.058823529411764705
Islamic,2012,H_D,P_D,0,5,0.058823529411764705
Islamic,2012,H_D,P_A,0,5,0.058823529411764705
Islamic,2013,A,D,0,1,0.1111111111111111
Islamic,2013,A,A,1,1,0.3333333333333333
Islamic,2013,A,H_D,0,1,0.1111111111111111
Islamic,2013,A,H_A,0,1,0.1111111111111111
Islamic,2013,A,P_D,0,1,0.1111111111111111
Islamic,2013,A,P_A,0,1,0.1111111111111111
Islamic,2013,D,D,5,6,0.5789473684210527
Islamic,2013,D,A,0,6,0.05263157894736842
Islamic,2013,D,H_D,1,6,0.15789473684210525
Islamic,2013,D,H_A,0,6,0.05263157894736842
Islamic,2013,D,P_D,0,6,0.05263157894736842
Islamic,2013,D,P_A,0,6,0.05263157894736842
Islamic,2013,H_D,D,0,6,0.05263157894736842
Islamic,2013,H_D,A,0,6,0.05263157894736842
Islamic,2013,H_D,H_D,6,6,0.6842105263157895
Islamic,2013,H_D,H_A,0,6,0.05263157894736842
Islamic,2013,H_D,P_D,0,6,0.05263157894736842
Islamic,2013,H_D,P_A,0,6,0.05263157894736842
Islamic,2014,A,D,0,1,0.1111111111111111
Islamic,2014,A,A,1,1,0.3333333333333333
Islamic,2014,A,H_D,0,1,0.1111111111111111
Islamic,2014,A,H_A,0,1,0.1111111111111111
Islamic,2014,A,P_D,0,1,0.1111111111111111
Islamic,2014,A,P_A,0,1,0.1111111111111111
Islamic,2014,D,D,5,5,0.6470588235294118
Islamic,2014,D,A,0,5,0.058823529411764705
Islamic,2014,D,H_D,0,5,0.058823529411764705
Islamic,2014,D,H_A,0,5,0.058823529411764705
Islamic,2014,D,P_D,0,5,0.058823529411764705
Islamic,2014,D,P_A,0,5,0.058823529411764705
Islamic,2014,H_D,D,0,7,0.047619047619047616
Islamic,2014,H_D,A,0,7,0.047619047619047616
Islamic,2014,H_D,H_D,6,7,0.6190476190476191
Islamic,2014,H_D,H_A,1,7,0.14285714285714285
Islamic,2014,H_D,P_D,0,7,0.047619047619047616
Islamic,2014,H_D,P_A,0,7,0.047619047619047616
Islamic,2015,A,D,0,1,0.1111111111111111
Islamic,2015,A,A,1,1,0.3333333333333333
Islamic,2015,A,H_D,0,1,0.1111111111111111
Islamic,2015,A,H_A,0,1,0.1111111111111111
Islamic,2015,A,P_D,0,1,0.1111111111111111
Islamic,2015,A,P_A,0,1,0.1111111111111111
Islamic,2015,D,D,7,9,0.6
Islamic,2015,D,A,0,9,0.04
Islamic,2015,D,H_D,2,9,0.2
Islamic,2015,D,H_A,0,9,0.04
Islamic,2015,D,P_D,0,9,0.04
Islamic,2015,D,P_A,0,9,0.04
Islamic,2015,H_A,D,0,2,0.09090909090909091
Islamic,2015,H_A,A,0,2,0.09090909090909091
Islamic,2015,H_A,H_D,0,2,0.09090909090909091
Islamic,2015,H_A,H_A,2,2,0.45454545454545453
Islamic,2015,H_A,P_D,0,2,0.09090909090909091
Islamic,2015,H_A,P_A,0,2,0.09090909090909091
Islamic,2015,H_D,D,0,7,0.047619047619047616
Islamic,2015,H_D,A,0,7,0.047619047619047616
Islamic,2015,H_D,H_D,7,7,0.7142857142857143
Islamic,2015,H_D,H_A,0,7,0.047619047619047616
Islamic,2015,H_D,P_D,0,7,0.047619047619047616
Islamic,2015,H_D,P_A,0,7,0.047619047619047616
Islamic,2016,A,D,0,1,0.1111111111111111
Islamic,2016,A,A,1,1,0.3333333333333333
Islamic,2016,A,H_D,0,1,0.1111111111111111
Islamic,2016,A,H_A,0,1,0.1111111111111111
Islamic,2016,A,P_D,0,1,0.1111111111111111
Islamic,2016,A,P_A,0,1,0.1111111111111111
Islamic,2016,D,D,7,8,0.6521739130434783
Islamic,2016,D,A,0,8,0.043478260869565216
Islamic,2016,D,H_D,1,8,0.13043478260869565
Islamic,2016,D,H_A,0,8,0.043478260869565216
Islamic,2016,D,P_D,0,8,0.043478260869565216
Islamic,2016,D,P_A,0,8,0.043478260869565216
Islamic,2016,H_A,D,0,2,0.09090909090909091
Islamic,2016,H_A,A,0,2,0.09090909090909091
Islamic,2016,H_A,H_D,0,2,0.09090909090909091
Islamic,2016,H_A,H_A,2,2,0.45454545454545453
Islamic,2016,H_A,P_D,0,2,0.09090909090909091
Islamic,2016,H_A,P_A,0,2,0.09090909090909091
Islamic,2016,H_D,D,0,9,0.04
Islamic,2016,H_D,A,0,9,0.04
Islamic,2016,H_D,H_D,9,9,0.76
Islamic,2016,H_D,H_A,0,9,0.04
Islamic,2016,H_D,P_D,0,9,0.04
Islamic,2016,H_D,P_A,0,9,0.04
Islamic,2017,A,D,0,1,0.1111111111111111
Islamic,2017,A,A,1,1,0.3333333333333333
Islamic,2017,A,H_D,0,1,0.1111111111111111
Islamic,2017,A,H_A,0,1,0.1111111111111111
Islamic,2017,A,P_D,0,1,0.1111111111111111
Islamic,2017,A,P_A,0,1,0.1111111111111111
Islamic,2017,D,D,7,7,0.7142857142857143
Islamic,2017,D,A,0,7,0.047619047619047616
Islamic,2017,D,H_D,0,7,0.047619047619047616
Islamic,2017,D,H_A,0,7,0.047619047619047616
Islamic,2017,D,P_D,0,7,0.047619047619047616
Islamic,2017,D,P_A,0,7,0.047619047619047616
Islamic,2017,H_A,D,0,2,0.09090909090909091
Islamic,2017,H_A,A,0,2,0.09090909090909091
Islamic,2017,H_A,H_D,0,2,0.09090909090909091
Islamic,2017,H_A,H_A,2,2,0.45454545454545453
Islamic,2017,H_A,P_D,0,2,0.09090909090909091
Islamic,2017,H_A,P_A,0,2,0.09090909090909091
Islamic,2017,H_D,D,0,10,0.037037037037037035
Islamic,2017,H_D,A,0,10,0.037037037037037035
Islamic,2017,H_D,H_D,9,10,0.7037037037037037
Islamic,2017,H_D,H_A,0,10,0.037037037037037035
Islamic,2017,H_D,P_D,0,10,0.037037037037037035
Islamic,2017,H_D,P_A,1,10,0.1111111111111111
Islamic,2018,A,D,0,1,0.1111111111111111
Islamic,2018,A,A,1,1,0.3333333333333333
Islamic,2018,A,H_D,0,1,0.1111111111111111
Islamic,2018,A,H_A,0,1,0.1111111111111111
Islamic,2018,A,P_D,0,1,0.1111111111111111
Islamic,2018,A,P_A,0,1,0.1111111111111111
Islamic,2018,D,D,7,7,0.7142857142857143
Islamic,2018,D,A,0,7,0.047619047619047616
Islamic,2018,D,H_D,0,7,0.047619047619047616
Islamic,2018,D,H_A,0,7,0.047619047619047616
Islamic,2018,D,P_D,0,7,0.047619047619047616
Islamic,2018,D,P_A,0,7,0.047619047619047616
Islamic,2018,H_A,D,0,2,0.09090909090909091
Islamic,2018,H_A,A,0,2,0.09090909090909091
Islamic,2018,H_A,H_D,0,2,0.09090909090909091
Islamic,2018,H_A,H_A,2,2,0.45454545454545453
Islamic,2018,H_A,P_D,0,2,0.09090909090909091
Islamic,2018,H_A,P_A,0,2,0.09090909090909091
Islamic,2018,H_D,D,0,9,0.04
Islamic,2018,H_D,A,0,9,0.04
Islamic,2018,H_D,H_D,8,9,0.68
Islamic,2018,H_D,H_A,1,9,0.12
Islamic,2018,H_D,P_D,0,9,0.04
Islamic,2018,H_D,P_A,0,9,0.04
Islamic,2018,P_A,D,0,1,0.1111111111111111
Islamic,2018,P_A,A,0,1,0.1111111111111111
Islamic,2018,P_A,H_D,0,1,0.1111111111111111
Islamic,2018,P_A,H_A,0,1,0.1111111111111111
Islamic,2018,P_A,P_D,0,1,0.1111111111111111
Islamic,2018,P_A,P_A,1,1,0.3333333333333333
Islamic,2019,A,D,0,1,0.1111111111111111
Islamic,2019,A,A,0,1,0.1111111111111111
Islamic,2019,A,H_D,0,1,0.1111111111111111
Islamic,2019,A,H_A,0,1,0.1111111111111111
Islamic,2019,A,P_D,0,1,0.1111111111111111
Islamic,2019,A,P_A,1,1,0.3333333333333333
Islamic,2019,D,D,5,7,0.5238095238095238
Islamic,2019,D,A,0,7,0.047619047619047616
Islamic,2019,D,H_D,1,7,0.14285714285714285
Islamic,2019,D,H_A,0,7,0.047619047619047616
Islamic,2019,D,P_D,0,7,0.047619047619047616
Islamic,2019,D,P_A,1,7,0.14285714285714285
Islamic,2019,H_A,D,0,3,0.07692307692307693
Islamic,2019,H_A,A,0,3,0.07692307692307693
Islamic,2019,H_A,H_D,1,3,0.23076923076923078
Islamic,2019,H_A,H_A,2,3,0.38461538461538464
Islamic,2019,H_A,P_D,0,3,0.07692307692307693
Islamic,2019,H_A,P_A,0,3,0.07692307692307693
Islamic,2019,H_D,D,0,8,0.043478260869565216
Islamic,2019,H_D,A,0,8,0.043478260869565216
Islamic,2019,H_D,H_D,7,8,0.6521739130434783
Islamic,2019,H_D,H_A,1,8,0.13043478260869565
Islamic,2019,H_D,P_D,0,8,0.043478260869565216
Islamic,2019,H_D,P_A,0,8,0.043478260869565216
Islamic,2019,P_A,D,0,1,0.1111111111111111
Islamic,2019,P_A,A,0,1,0.1111111111111111
Islamic,2019,P_A,H_D,0,1,0.1111111111111111
Islamic,2019,P_A,H_A,0,1,0.1111111111111111
Islamic,2019,P_A,P_D,0,1,0.1111111111111111
Islamic,2019,P_A,P_A,1,1,0.3333333333333333
Islamic,2020,D,D,5,5,0.6470588235294118
Islamic,2020,D,A,0,5,0.058823529411764705
Islamic,2020,D,H_D,0,5,0.058823529411764705
Islamic,2020,D,H_A,0,5,0.058823529411764705
Islamic,2020,D,P_D,0,5,0.058823529411764705
Islamic,2020,D,P_A,0,5,0.058823529411764705
Islamic,2020,H_A,D,0,3,0.07692307692307693
Islamic,2020,H_A,A,0,3,0.07692307692307693
Islamic,2020,H_A,H_D,1,3,0.23076923076923078
Islamic,2020,H_A,H_A,1,3,0.23076923076923078
Islamic,2020,H_A,P_D,0,3,0.07692307692307693
Islamic,2020,H_A,P_A,1,3,0.23076923076923078
Islamic,2020,H_D,D,0,9,0.04
Islamic,2020,H_D,A,0,9,0.04
Islamic,2020,H_D,H_D,6,9,0.52
Islamic,2020,H_D,H_A,1,9,0.12
Islamic,2020,H_D,P_D,1,9,0.12
Islamic,2020,H_D,P_A,1,9,0.12
Islamic,2020,P_A,D,0,3,0.07692307692307693
Islamic,2020,P_A,A,0,3,0.07692307692307693
Islamic,2020,P_A,H_D,0,3,0.07692307692307693
Islamic,2020,P_A,H_A,0,3,0.07692307692307693
Islamic,2020,P_A,P_D,1,3,0.23076923076923078
Islamic,2020,P_A,P_A,2,3,0.38461538461538464
Islamic,2021,D,D,4,5,0.5294117647058824
Islamic,2021,D,A,0,5,0.058823529411764705
Islamic,2021,D,H_D,0,5,0.058823529411764705
Islamic,2021,D,H_A,0,5,0.058823529411764705
Islamic,2021,D,P_D,1,5,0.17647058823529413
Islamic,2021,D,P_A,0,5,0.058823529411764705
Islamic,2021,H_A,D,0,2,0.09090909090909091
Islamic,2021,H_A,A,0,2,0.09090909090909091
Islamic,2021,H_A,H_D,1,2,0.2727272727272727
Islamic,2021,H_A,H_A,1,2,0.2727272727272727
Islamic,2021,H_A,P_D,0,2,0.09090909090909091
Islamic,2021,H_A,P_A,0,2,0.09090909090909091
Islamic,2021,H_D,D,0,7,0.047619047619047616
Islamic,2021,H_D,A,0,7,0.047619047619047616
Islamic,2021,H_D,H_D,6,7,0.6190476190476191
Islamic,2021,H_D,H_A,0,7,0.047619047619047616
Islamic,2021,H_D,P_D,1,7,0.14285714285714285
Islamic,2021,H_D,P_A,0,7,0.047619047619047616
Islamic,2021,P_A,D,0,4,0.06666666666666667
Islamic,2021,P_A,A,0,4,0.06666666666666667
Islamic,2021,P_A,H_D,0,4,0.06666666666666667
Islamic,2021,P_A,H_A,0,4,0.06666666666666667
Islamic,2021,P_A,P_D,2,4,0.3333333333333333
Islamic,2021,P_A,P_A,2,4,0.3333333333333333
Islamic,2021,P_D,D,0,2,0.09090909090909091
Islamic,2021,P_D,A,0,2,0.09090909090909091
Islamic,2021,P_D,H_D,0,2,0.09090909090909091
Islamic,2021,P_D,H_A,0,2,0.09090909090909091
Islamic,2021,P_D,P_D,2,2,0.45454545454545453
Islamic,2021,P_D,P_A,0,2,0.09090909090909091
Islamic,2022,D,D,4,4,0.6
Islamic,2022,D,A,0,4,0.06666666666666667
Islamic,2022,D,H_D,0,4,0.06666666666666667
Islamic,2022,D,H_A,0,4,0.06666666666666667
Islamic,2022,D,P_D,0,4,0.06666666666666667
Islamic,2022,D,P_A,0,4,0.06666666666666667
Islamic,2022,H_A,D,0,1,0.1111111111111111
Islamic,2022,H_A,A,0,1,0.1111111111111111
Islamic,2022,H_A,H_D,0,1,0.1111111111111111
Islamic,2022,H_A,H_A,1,1,0.3333333333333333
Islamic,2022,H_A,P_D,0,1,0.1111111111111111
Islamic,2022,H_A,P_A,0,1,0.1111111111111111
Islamic,2022,H_D,D,0,7,0.047619047619047616
Islamic,2022,H_D,A,0,7,0.047619047619047616
Islamic,2022,H_D,H_D,6,7,0.6190476190476191
Islamic,2022,H_D,H_A,0,7,0.047619047619047616
Islamic,2022,H_D,P_D,1,7,0.14285714285714285
Islamic,2022,H_D,P_A,0,7,0.047619047619047616
Islamic,2022,P_A,D,0,2,0.09090909090909091
Islamic,2022,P_A,A,0,2,0.09090909090909091
Islamic,2022,P_A,H_D,0,2,0.09090909090909091
Islamic,2022,P_A,H_A,0,2,0.09090909090909091
Islamic,2022,P_A,P_D,2,2,0.45454545454545453
Islamic,2022,P_A,P_A,0,2,0.09090909090909091
Islamic,2022,P_D,D,0,6,0.05263157894736842
Islamic,2022,P_D,A,0,6,0.05263157894736842
Islamic,2022,P_D,H_D,0,6,0.05263157894736842
Islamic,2022,P_D,H_A,0,6,0.05263157894736842
Islamic,2022,P_D,P_D,6,6,0.6842105263157895
Islamic,2022,P_D,P_A,0,6,0.05263157894736842
Islamic,2023,D,D,0,4,0.06666666666666667
Islamic,2023,D,A,0,4,0.06666666666666667
Islamic,2023,D,H_D,0,4,0.06666666666666667
Islamic,2023,D,H_A,0,4,0.06666666666666667
Islamic,2023,D,P_D,0,4,0.06666666666666667
Islamic,2023,D,P_A,0,4,0.06666666666666667
Islamic,2023,H_A,D,0,1,0.1111111111111111
Islamic,2023,H_A,A,0,1,0.1111111111111111
Islamic,2023,H_A,H_D,0,1,0.1111111111111111
Islamic,2023,H_A,H_A,0,1,0.1111111111111111
Islamic,2023,H_A,P_D,0,1,0.1111111111111111
Islamic,2023,H_A,P_A,0,1,0.1111111111111111
Islamic,2023,H_D,D,0,6,0.05263157894736842
Islamic,2023,H_D,A,0,6,0.05263157894736842
Islamic,2023,H_D,H_D,0,6,0.05263157894736842
Islamic,2023,H_D,H_A,0,6,0.05263157894736842
Islamic,2023,H_D,P_D,0,6,0.05263157894736842
Islamic,2023,H_D,P_A,0,6,0.05263157894736842
Islamic,2023,P_D,D,0,9,0.04
Islamic,2023,P_D,A,0,9,0.04
Islamic,2023,P_D,H_D,0,9,0.04
Islamic,2023,P_D,H_A,0,9,0.04
Islamic,2023,P_D,P_D,0,9,0.04
Islamic,2023,P_D,P_A,0,9,0.04
Japanese,2000,D,D,1,1,0.3333333333333333
Japanese,2000,D,A,0,1,0.1111111111111111
Japanese,2000,D,H_D,0,1,0.1111111111111111
Japanese,2000,D,H_A,0,1,0.1111111111111111
Japanese,2000,D,P_D,0,1,0.1111111111111111
Japanese,2000,D,P_A,0,1,0.1111111111111111
Japanese,2001,D,D,2,3,0.38461538461538464
Japanese,2001,D,A,0,3,0.07692307692307693
Japanese,2001,D,H_D,1,3,0.23076923076923078
Japanese,2001,D,H_A,0,3,0.07692307692307693
Japanese,2001,D,P_D,0,3,0.07692307692307693
Japanese,2001,D,P_A,0,3,0.07692307692307693
Japanese,2001,H_D,D,0,3,0.07692307692307693
Japanese,2001,H_D,A,0,3,0.07692307692307693
Japanese,2001,H_D,H_D,3,3,0.5384615384615384
Japanese,2001,H_D,H_A,0,3,0.07692307692307693
Japanese,2001,H_D,P_D,0,3,0.07692307692307693
Japanese,2001,H_D,P_A,0,3,0.07692307692307693
Japanese,2002,D,D,5,5,0.6470588235294118
Japanese,2002,D,A,0,5,0.058823529411764705
Japanese,2002,D,H_D,0,5,0.058823529411764705
Japanese,2002,D,H_A,0,5,0.058823529411764705
Japanese,2002,D,P_D,0,5,0.058823529411764705
Japanese,2002,D,P_A,0,5,0.058823529411764705
Japanese,2002,H_D,D,0,5,0.058823529411764705
Japanese,2002,H_D,A,0,5,0.058823529411764705
Japanese,2002,H_D,H_D,5,5,0.6470588235294118
Japanese,2002,H_D,H_A,0,5,0.058823529411764705
Japanese,2002,H_D,P_D,0,5,0.058823529411764705
Japanese,2002,H_D,P_A,0,5,0.058823529411764705
Japanese,2003,D,D,9,9,0.76
Japanese,2003,D,A,0,9,0.04
Japanese,2003,D,H_D,0,9,0.04
Japanese,2003,D,H_A,0,9,0.04
Japanese,2003,D,P_D,0,9,0.04
Japanese,2003,D,P_A,0,9,0.04
Japanese,2003,H_D,D,0,5,0.058823529411764705
Japanese,2003,H_D,A,0,5,0.058823529411764705
Japanese,2003,H_D,H_D,5,5,0.6470588235294118
Japanese,2003,H_D,H_A,0,5,0.058823529411764705
Japanese,2003,H_D,P_D,0,5,0.058823529411764705
Japanese,2003,H_D,P_A,0,5,0.058823529411764705
Japanese,2004,D,D,9,9,0.76
Japanese,2004,D,A,0,9,0.04
Japanese,2004,D,H_D,0,9,0.04
Japanese,2004,D,H_A,0,9,0.04
Japanese,2004,D,P_D,0,9,0.04
Japanese,2004,D,P_A,0,9,0.04
Japanese,2004,H_D,D,0,5,0.058823529411764705
Japanese,2004,H_D,A,0,5,0.058823529411764705
Japanese,2004,H_D,H_D,5,5,0.6470588235294118
Japanese,2004,H_D,H_A,0,5,0.058823529411764705
Japanese,2004,H_D,P_D,0,5,0.058823529411764705
Japanese,2004,H_D,P_A,0,5,0.058823529411764705
Japanese,2005,D,D,9,10,0.7037037037037037
Japanese,2005,D,A,0,10,0.037037037037037035
Japanese,2005,D,H_D,0,10,0.037037037037037035
Japanese,2005,D,H_A,0,10,0.037037037037037035
Japanese,2005,D,P_D,0,10,0.037037037037037035
Japanese,2005,D,P_A,0,10,0.037037037037037035
Japanese,2005,H_D,D,0,7,0.047619047619047616
Japanese,2005,H_D,A,0,7,0.047619047619047616
Japanese,2005,H_D,H_D,7,7,0.7142857142857143
Japanese,2005,H_D,H_A,0,7,0.047619047619047616
Japanese,2005,H_D,P_D,0,7,0.047619047619047616
Japanese,2005,H_D,P_A,0,7,0.047619047619047616
Japanese,2006,D,D,9,9,0.76
Japanese,2006,D,A,0,9,0.04
Japanese,2006,D,H_D,0,9,0.04
Japanese,2006,D,H_A,0,9,0.04
Japanese,2006,D,P_D,0,9,0.04
Japanese,2006,D,P_A,0,9,0.04
Japanese,2006,H_D,D,0,7,0.047619047619047616
Japanese,2006,H_D,A,0,7,0.047619047619047616
Japanese,2006,H_D,H_D,6,7,0.6190476190476191
Japanese,2006,H_D,H_A,1,7,0.14285714285714285
Japanese,2006,H_D,P_D,0,7,0.047619047619047616
Japanese,2006,H_D,P_A,0,7,0.047619047619047616
Japanese,2007,D,D,8,9,0.68
Japanese,2007,D,A,0,9,0.04
Japanese,2007,D,H_D,1,9,0.12
Japanese,2007,D,H_A,0,9,0.04
Japanese,2007,D,P_D,0,9,0.04
Japanese,2007,D,P_A,0,9,0.04
Japanese,2007,H_A,D,0,1,0.1111111111111111
Japanese,2007,H_A,A,0,1,0.1111111111111111
Japanese,2007,H_A,H_D,0,1,0.1111111111111111
Japanese,2007,H_A,H_A,1,1,0.3333333333333333
Japanese,2007,H_A,P_D,0,1,0.1111111111111111
Japanese,2007,H_A,P_A,0,1,0.1111111111111111
Japanese,2007,H_D,D,0,6,0.05263157894736842
Japanese,2007,H_D,A,0,6,0.05263157894736842
Japanese,2007,H_D,H_D,5,6,0.5789473684210527
Japanese,2007,H_D,H_A,1,6,0.15789473684210525
Japanese,2007,H_D,P_D,0,6,0.05263157894736842
Japanese,2007,H_D,P_A,0,6,0.05263157894736842
Japanese,2007,P_D,D,0,1,0.1111111111111111
Japanese,2007,P_D,A,0,1,0.1111111111111111
Japanese,2007,P_D,H_D,0,1,0.1111111111111111
Japanese,2007,P_D,H_A,0,1,0.1111111111111111
Japanese,2007,P_D,P_D,1,1,0.3333333333333333
Japanese,2007,P_D,P_A,0,1,0.1111111111111111
Japanese,2008,D,D,7,8,0.6521739130434783
Japanese,2008,D,A,0,8,0.043478260869565216
Japanese,2008,D,H_D,1,8,0.13043478260869565
Japanese,2008,D,H_A,0,8,0.043478260869565216
Japanese,2008,D,P_D,0,8,0.043478260869565216
Japanese,2008,D,P_A,0,8,0.043478260869565216
Japanese,2008,H_A,D,0,2,0.09090909090909091
Japanese,2008,H_A,A,0,2,0.09090909090909091
Japanese,2008,H_A,H_D,1,2,0.2727272727272727
Japanese,2008,H_A,H_A,1,2,0.2727272727272727
Japanese,2008,H_A,P_D,0,2,0.09090909090909091
Japanese,2008,H_A,P_A,0,2,0.09090909090909091
Japanese,2008,H_D,D,0,6,0.05263157894736842
Japanese,2008,H_D,A,0,6,0.05263157894736842
Japanese,2008,H_D,H_D,5,6,0.5789473684210527
Japanese,2008,H_D,H_A,0,6,0.05263157894736842
Japanese,2008,H_D,P_D,1,6,0.15789473684210525
Japanese,2008,H_D,P_A,0,6,0.05263157894736842
Japanese,2008,P_D,D,0,1,0.1111111111111111
Japanese,2008,P_D,A,0,1,0.1111111111111111
Japanese,2008,P_D,H_D,0,1,0.1111111111111111
Japanese,2008,P_D,H_A,0,1,0.1111111111111111
Japanese,2008,P_D,P_D,1,1,0.3333333333333333
Japanese,2008,P_D,P_A,0,1,0.1111111111111111
Japanese,2009,A,D,1,1,0.3333333333333333
Japanese,2009,A,A,0,1,0.1111111111111111
Japanese,2009,A,H_D,0,1,0.1111111111111111
Japanese,2009,A,H_A,0,1,0.1111111111111111
Japanese,2009,A,P_D,0,1,0.1111111111111111
Japanese,2009,A,P_A,0,1,0.1111111111111111
Japanese,2009,D,D,6,7,0.6190476190476191
Japanese,2009,D,A,0,7,0.047619047619047616
Japanese,2009,D,H_D,1,7,0.14285714285714285
Japanese,2009,D,H_A,0,7,0.047619047619047616
Japanese,2009,D,P_D,0,7,0.047619047619047616
Japanese,2009,D,P_A,0,7,0.047619047619047616
Japanese,2009,H_A,D,0,1,0.1111111111111111
Japanese,2009,H_A,A,0,1,0.1111111111111111
Japanese,2009,H_A,H_D,0,1,0.1111111111111111
Japanese,2009,H_A,H_A,1,1,0.3333333333333333
Japanese,2009,H_A,P_D,0,1,0.1111111111111111
Japanese,2009,H_A,P_A,0,1,0.1111111111111111
Japanese,2009,H_D,D,0,7,0.047619047619047616
Japanese,2009,H_D,A,0,7,0.047619047619047616
Japanese,2009,H_D,H_D,6,7,0.6190476190476191
Japanese,2009,H_D,H_A,0,7,0.047619047619047616
Japanese,2009,H_D,P_D,1,7,0.14285714285714285
Japanese,2009,H_D,P_A,0,7,0.047619047619047616
Japanese,2009,P_D,D,0,2,0.09090909090909091
Japanese,2009,P_D,A,0,2,0.09090909090909091
Japanese,2009,P_D,H_D,0,2,0.09090909090909091
Japanese,2009,P_D,H_A,0,2,0.09090909090909091
Japanese,2009,P_D,P_D,2,2,0.45454545454545453
Japanese,2009,P_D,P_A,0,2,0.09090909090909091
Japanese,2010,D,D,7,8,0.6521739130434783
Japanese,2010,D,A,0,8,0.043478260869565216
Japanese,2010,D,H_D,1,8,0.13043478260869565
Japanese,2010,D,H_A,0,8,0.043478260869565216
Japanese,2010,D,P_D,0,8,0.043478260869565216
Japanese,2010,D,P_A,0,8,0.043478260869565216
Japanese,2010,H_A,D,0,1,0.1111111111111111
Japanese,2010,H_A,A,0,1,0.1111111111111111
Japanese,2010,H_A,H_D,0,1,0.1111111111111111
Japanese,2010,H_A,H_A,1,1,0.3333333333333333
Japanese,2010,H_A,P_D,0,1,0.1111111111111111
Japanese,2010,H_A,P_A,0,1,0.1111111111111111
Japanese,2010,H_D,D,0,7,0.047619047619047616
Japanese,2010,H_D,A,0,7,0.047619047619047616
Japanese,2010,H_D,H_D,6,7,0.6190476190476191
Japanese,2010,H_D,H_A,0,7,0.047619047619047616
Japanese,2010,H_D,P_D,1,7,0.14285714285714285
Japanese,2010,H_D,P_A,0,7,0.047619047619047616
Japanese,2010,P_D,D,0,3,0.07692307692307693
Japanese,2010,P_D,A,0,3,0.07692307692307693
Japanese,2010,P_D,H_D,0,3,0.07692307692307693
Japanese,2010,P_D,H_A,0,3,0.07692307692307693
Japanese,2010,P_D,P_D,3,3,0.5384615384615384
Japanese,2010,P_D,P_A,0,3,0.07692307692307693
Japanese,2011,D,D,5,7,0.5238095238095238
Japanese,2011,D,A,0,7,0.047619047619047616
Japanese,2011,D,H_D,1,7,0.14285714285714285
Japanese,2011,D,H_A,0,7,0.047619047619047616
Japanese,2011,D,P_D,0,7,0.047619047619047616
Japanese,2011,D,P_A,0,7,0.047619047619047616
Japanese,2011,H_A,D,0,1,0.1111111111111111
Japanese,2011,H_A,A,0,1,0.1111111111111111
Japanese,2011,H_A,H_D,0,1,0.1111111111111111
Japanese,2011,H_A,H_A,1,1,0.3333333333333333
Japanese,2011,H_A,P_D,0,1,0.1111111111111111
Japanese,2011,H_A,P_A,0,1,0.1111111111111111
Japanese,2011,H_D,D,0,8,0.043478260869565216
Japanese,2011,H_D,A,0,8,0.043478260869565216
Japanese,2011,H_D,H_D,8,8,0.7391304347826086
Japanese,2011,H_D,H_A,0,8,0.043478260869565216
Japanese,2011,H_D,P_D,0,8,0.043478260869565216
Japanese,2011,H_D,P_A,0,8,0.043478260869565216
Japanese,2011,P_D,D,0,4,0.06666666666666667
Japanese,2011,P_D,A,0,4,0.06666666666666667
Japanese,2011,P_D,H_D,0,4,0.06666666666666667
Japanese,2011,P_D,H_A,0,4,0.06666666666666667
Japanese,2011,P_D,P_D,4,4,0.6
Japanese,2011,P_D,P_A,0,4,0.06666666666666667
Japanese,2012,D,D,4,5,0.5294117647058824
Japanese,2012,D,A,0,5,0.058823529411764705
Japanese,2012,D,H_D,0,5,0.058823529411764705
Japanese,2012,D,H_A,0,5,0.058823529411764705
Japanese,2012,D,P_D,1,5,0.17647058823529413
Japanese,2012,D,P_A,0,5,0.058823529411764705
Japanese,2012,H_A,D,0,1,0.1111111111111111
Japanese,2012,H_A,A,0,1,0.1111111111111111
Japanese,2012,H_A,H_D,0,1,0.1111111111111111
Japanese,2012,H_A,H_A,1,1,0.3333333333333333
Japanese,2012,H_A,P_D,0,1,0.1111111111111111
Japanese,2012,H_A,P_A,0,1,0.1111111111111111
Japanese,2012,H_D,D,0,9,0.04
Japanese,2012,H_D,A,0,9,0.04
Japanese,2012,H_D,H_D,8,9,0.68
Japanese,2012,H_D,H_A,1,9,0.12
Japanese,2012,H_D,P_D,0,9,0.04
Japanese,2012,H_D,P_A,0,9,0.04
Japanese,2012,P_D,D,0,4,0.06666666666666667
Japanese,2012,P_D,A,0,4,0.06666666666666667
Japanese,2012,P_D,H_D,0,4,0.06666666666666667
Japanese,2012,P_D,H_A,0,4,0.06666666666666667
Japanese,2012,P_D,P_D,4,4,0.6
Japanese,2012,P_D,P_A,0,4,0.06666666666666667
Japanese,2013,D,D,4,5,0.5294117647058824
Japanese,2013,D,A,0,5,0.058823529411764705
Japanese,2013,D,H_D,1,5,0.17647058823529413
Japanese,2013,D,H_A,0,5,0.058823529411764705
Japanese,2013,D,P_D,0,5,0.058823529411764705
Japanese,2013,D,P_A,0,5,0.058823529411764705
Japanese,2013,H_A,D,0,2,0.09090909090909091
Japanese,2013,H_A,A,0,2,0.09090909090909091
Japanese,2013,H_A,H_D,0,2,0.09090909090909091
Japanese,2013,H_A,H_A,2,2,0.45454545454545453
Japanese,2013,H_A,P_D,0,2,0.09090909090909091
Japanese,2013,H_A,P_A,0,2,0.09090909090909091
Japanese,2013,H_D,D,0,8,0.043478260869565216
Japanese,2013,H_D,A,0,8,0.043478260869565216
Japanese,2013,H_D,H_D,8,8,0.7391304347826086
Japanese,2013,H_D,H_A,0,8,0.043478260869565216
Japanese,2013,H_D,P_D,0,8,0.043478260869565216
Japanese,2013,H_D,P_A,0,8,0.043478260869565216
Japanese,2013,P_D,D,0,5,0.058823529411764705
Japanese,2013,P_D,A,0,5,0.058823529411764705
Japanese,2013,P_D,H_D,0,5,0.058823529411764705
Japanese,2013,P_D,H_A,0,5,0.058823529411764705
Japanese,2013,P_D,P_D,4,5,0.5294117647058824
Japanese,2013,P_D,P_A,0,5,0.058823529411764705
Japanese,2014,D,D,6,6,0.6842105263157895
Japanese,2014,D,A,0,6,0.05263157894736842
Japanese,2014,D,H_D,0,6,0.05263157894736842
Japanese,2014,D,H_A,0,6,0.05263157894736842
Japanese,2014,D,P_D,0,6,0.05263157894736842
Japanese,2014,D,P_A,0,6,0.05263157894736842
Japanese,2014,H_A,D,0,2,0.09090909090909091
Japanese,2014,H_A,A,0,2,0.09090909090909091
Japanese,2014,H_A,H_D,0,2,0.09090909090909091
Japanese,2014,H_A,H_A,2,2,0.45454545454545453
Japanese,2014,H_A,P_D,0,2,0.09090909090909091
Japanese,2014,H_A,P_A,0,2,0.09090909090909091
Japanese,2014,H_D,D,0,9,0.04
Japanese,2014,H_D,A,0,9,0.04
Japanese,2014,H_D,H_D,9,9,0.76
Japanese,2014,H_D,H_A,0,9,0.04
Japanese,2014,H_D,P_D,0,9,0.04
Japanese,2014,H_D,P_A,0,9,0.04
Japanese,2014,P_D,D,0,4,0.06666666666666667
Japanese,2014,P_D,A,0,4,0.06666666666666667
Japanese,2014,P_D,H_D,0,4,0.06666666666666667
Japanese,2014,P_D,H_A,0,4,0.06666666666666667
Japanese,2014,P_D,P_D,4,4,0.6
Japanese,2014,P_D,P_A,0,4,0.06666666666666667
Japanese,2015,D,D,5,6,0.5789473684210527
Japanese,2015,D,A,0,6,0.05263157894736842
Japanese,2015,D,H_D,1,6,0.15789473684210525
Japanese,2015,D,H_A,0,6,0.05263157894736842
Japanese,2015,D,P_D,0,6,0.05263157894736842
Japanese,2015,D,P_A,0,6,0.05263157894736842
Japanese,2015,H_A,D,0,2,0.09090909090909091
Japanese,2015,H_A,A,0,2,0.09090909090909091
Japanese,2015,H_A,H_D,0,2,0.09090909090909091
Japanese,2015,H_A,H_A,2,2,0.45454545454545453
Japanese,2015,H_A,P_D,0,2,0.09090909090909091
Japanese,2015,H_A,P_A,0,2,0.09090909090909091
Japanese,2015,H_D,D,0,10,0.037037037037037035
Japanese,2015,H_D,A,0,10,0.037037037037037035
Japanese,2015,H_D,H_D,9,10,0.7037037037037037
Japanese,2015,H_D,H_A,0,10,0.037037037037037035
Japanese,2015,H_D,P_D,1,10,0.1111111111111111
Japanese,2015,H_D,P_A,0,10,0.037037037037037035
Japanese,2015,P_D,D,0,4,0.06666666666666667
Japanese,2015,P_D,A,0,4,0.06666666666666667
Japanese,2015,P_D,H_D,0,4,0.06666666666666667
Japanese,2015,P_D,H_A,0,4,0.06666666666666667
Japanese,2015,P_D,P_D,4,4,0.6
Japanese,2015,P_D,P_A,0,4,0.06666666666666667
Japanese,2016,D,D,5,5,0.6470588235294118
Japanese,2016,D,A,0,5,0.058823529411764705
Japanese,2016,D,H_D,0,5,0.058823529411764705
Japanese,2016,D,H_A,0,5,0.058823529411764705
Japanese,2016,D,P_D,0,5,0.058823529411764705
Japanese,2016,D,P_A,0,5,0.058823529411764705
Japanese,2016,H_A,D,0,2,0.09090909090909091
Japanese,2016,H_A,A,0,2,0.09090909090909091
Japanese,2016,H_A,H_D,0,2,0.09090909090909091
Japanese,2016,H_A,H_A,2,2,0.45454545454545453
Japanese,2016,H_A,P_D,0,2,0.09090909090909091
Japanese,2016,H_A,P_A,0,2,0.09090909090909091
Japanese,2016,H_D,D,0,10,0.037037037037037035
Japanese,2016,H_D,A,0,10,0.037037037037037035
Japanese,2016,H_D,H_D,10,10,0.7777777777777778
Japanese,2016,H_D,H_A,0,10,0.037037037037037035
Japanese,2016,H_D,P_D,0,10,0.037037037037037035
Japanese,2016,H_D,P_A,0,10,0.037037037037037035
Japanese,2016,P_D,D,0,6,0.05263157894736842
Japanese,2016,P_D,A,0,6,0.05263157894736842
Japanese,2016,P_D,H_D,0,6,0.05263157894736842
Japanese,2016,P_D,H_A,0,6,0.05263157894736842
Japanese,2016,P_D,P_D,6,6,0.6842105263157895
Japanese,2016,P_D,P_A,0,6,0.05263157894736842
Japanese,2017,D,D,5,5,0.6470588235294118
Japanese,2017,D,A,0,5,0.058823529411764705
Japanese,2017,D,H_D,0,5,0.058823529411764705
Japanese,2017,D,H_A,0,5,0.058823529411764705
Japanese,2017,D,P_D,0,5,0.058823529411764705
Japanese,2017,D,P_A,0,5,0.058823529411764705
Japanese,2017,H_A,D,0,2,0.09090909090909091
Japanese,2017,H_A,A,0,2,0.09090909090909091
Japanese,2017,H_A,H_D,0,2,0.09090909090909091
Japanese,2017,H_A,H_A,2,2,0.45454545454545453
Japanese,2017,H_A,P_D,0,2,0.09090909090909091
Japanese,2017,H_A,P_A,0,2,0.09090909090909091
Japanese,2017,H_D,D,0,10,0.037037037037037035
Japanese,2017,H_D,A,0,10,0.037037037037037035
Japanese,2017,H_D,H_D,8,10,0.6296296296296297
Japanese,2017,H_D,H_A,1,10,0.1111111111111111
Japanese,2017,H_D,P_D,1,10,0.1111111111111111
Japanese,2017,H_D,P_A,0,10,0.037037037037037035
Japanese,2017,P_D,D,0,6,0.05263157894736842
Japanese,2017,P_D,A,0,6,0.05263157894736842
Japanese,2017,P_D,H_D,0,6,0.05263157894736842
Japanese,2017,P_D,H_A,0,6,0.05263157894736842
Japanese,2017,P_D,P_D,6,6,0.6842105263157895
Japanese,2017,P_D,P_A,0,6,0.05263157894736842
Japanese,2018,D,D,5,5,0.6470588235294118
Japanese,2018,D,A,0,5,0.058823529411764705
Japanese,2018,D,H_D,0,5,0.058823529411764705
Japanese,2018,D,H_A,0,5,0.058823529411764705
Japanese,2018,D,P_D,0,5,0.058823529411764705
Japanese,2018,D,P_A,0,5,0.058823529411764705
Japanese,2018,H_A,D,0,3,0.07692307692307693
Japanese,2018,H_A,A,0,3,0.07692307692307693
Japanese,2018,H_A,H_D,1,3,0.23076923076923078
Japanese,2018,H_A,H_A,2,3,0.38461538461538464
Japanese,2018,H_A,P_D,0,3,0.07692307692307693
Japanese,2018,H_A,P_A,0,3,0.07692307692307693
Japanese,2018,H_D,D,0,8,0.043478260869565216
Japanese,2018,H_D,A,0,8,0.043478260869565216
Japanese,2018,H_D,H_D,8,8,0.7391304347826086
Japanese,2018,H_D,H_A,0,8,0.043478260869565216
Japanese,2018,H_D,P_D,0,8,0.043478260869565216
Japanese,2018,H_D,P_A,0,8,0.043478260869565216
Japanese,2018,P_D,D,0,7,0.047619047619047616
Japanese,2018,P_D,A,0,7,0.047619047619047616
Japanese,2018,P_D,H_D,0,7,0.047619047619047616
Japanese,2018,P_D,H_A,0,7,0.047619047619047616
Japanese,2018,P_D,P_D,6,7,0.6190476190476191
Japanese,2018,P_D,P_A,0,7,0.047619047619047616
Japanese,2019,D,D,4,5,0.5294117647058824
Japanese,2019,D,A,0,5,0.058823529411764705
Japanese,2019,D,H_D,0,5,0.058823529411764705
Japanese,2019,D,H_A,0,5,0.058823529411764705
Japanese,2019,D,P_D,1,5,0.17647058823529413
Japanese,2019,D,P_A,0,5,0.058823529411764705
Japanese,2019,H_A,D,0,2,0.09090909090909091
Japanese,2019,H_A,A,0,2,0.09090909090909091
Japanese,2019,H_A,H_D,0,2,0.09090909090909091
Japanese,2019,H_A,H_A,2,2,0.45454545454545453
Japanese,2019,H_A,P_D,0,2,0.09090909090909091
Japanese,2019,H_A,P_A,0,2,0.09090909090909091
Japanese,2019,H_D,D,0,9,0.04
Japanese,2019,H_D,A,0,9,0.04
Japanese,2019,H_D,H_D,8,9,0.68
Japanese,2019,H_D,H_A,0,9,0.04
Japanese,2019,H_D,P_D,0,9,0.04
Japanese,2019,H_D,P_A,0,9,0.04
Japanese,2019,P_D,D,0,6,0.05263157894736842
Japanese,2019,P_D,A,0,6,0.05263157894736842
Japanese,2019,P_D,H_D,0,6,0.05263157894736842
Japanese,2019,P_D,H_A,0,6,0.05263157894736842
Japanese,2019,P_D,P_D,5,6,0.5789473684210527
Japanese,2019,P_D,P_A,1,6,0.15789473684210525
Japanese,2020,D,D,4,4,0.6
Japanese,2020,D,A,0,4,0.06666666666666667
Japanese,2020,D,H_D,0,4,0.06666666666666667
Japanese,2020,D,H_A,0,4,0.06666666666666667
Japanese,2020,D,P_D,0,4,0.06666666666666667
Japanese,2020,D,P_A,0,4,0.06666666666666667
Japanese,2020,H_A,D,0,2,0.09090909090909091
Japanese,2020,H_A,A,0,2,0.09090909090909091
Japanese,2020,H_A,H_D,1,2,0.2727272727272727
Japanese,2020,H_A,H_A,1,2,0.2727272727272727
Japanese,2020,H_A,P_D,0,2,0.09090909090909091
Japanese,2020,H_A,P_A,0,2,0.09090909090909091
Japanese,2020,H_D,D,0,8,0.043478260869565216
Japanese,2020,H_D,A,0,8,0.043478260869565216
Japanese,2020,H_D,H_D,8,8,0.7391304347826086
Japanese,2020,H_D,H_A,0,8,0.043478260869565216
Japanese,2020,H_D,P_D,0,8,0.043478260869565216
Japanese,2020,H_D,P_A,0,8,0.043478260869565216
Japanese,2020,P_A,D,0,1,0.1111111111111111
Japanese,2020,P_A,A,0,1,0.1111111111111111
Japanese,2020,P_A,H_D,0,1,0.1111111111111111
Japanese,2020,P_A,H_A,0,1,0.1111111111111111
Japanese,2020,P_A,P_D,1,1,0.3333333333333333
Japanese,2020,P_A,P_A,0,1,0.1111111111111111
Japanese,2020,P_D,D,0,6,0.05263157894736842
Japanese,2020,P_D,A,0,6,0.05263157894736842
Japanese,2020,P_D,H_D,0,6,0.05263157894736842
Japanese,2020,P_D,H_A,0,6,0.05263157894736842
Japanese,2020,P_D,P_D,6,6,0.6842105263157895
Japanese,2020,P_D,P_A,0,6,0.05263157894736842
Japanese,2021,D,D,4,4,0.6
Japanese,2021,D,A,0,4,0.06666666666666667
Japanese,2021,D,H_D,0,4,0.06666666666666667
Japanese,2021,D,H_A,0,4,0.06666666666666667
Japanese,2021,D,P_D,0,4,0.06666666666666667
Japanese,2021,D,P_A,0,4,0.06666666666666667
Japanese,2021,H_A,D,0,1,0.1111111111111111
Japanese,2021,H_A,A,0,1,0.1111111111111111
Japanese,2021,H_A,H_D,0,1,0.1111111111111111
Japanese,2021,H_A,H_A,1,1,0.3333333333333333
Japanese,2021,H_A,P_D,0,1,0.1111111111111111
Japanese,2021,H_A,P_A,0,1,0.1111111111111111
Japanese,2021,H_D,D,0,9,0.04
Japanese,2021,H_D,A,0,9,0.04
Japanese,2021,H_D,H_D,8,9,0.68
Japanese,2021,H_D,H_A,0,9,0.04
Japanese,2021,H_D,P_D,1,9,0.12
Japanese,2021,H_D,P_A,0,9,0.04
Japanese,2021,P_D,D,0,7,0.047619047619047616
Japanese,2021,P_D,A,0,7,0.047619047619047616
Japanese,2021,P_D,H_D,0,7,0.047619047619047616
Japanese,2021,P_D,H_A,0,7,0.047619047619047616
Japanese,2021,P_D,P_D,7,7,0.7142857142857143
Japanese,2021,P_D,P_A,0,7,0.047619047619047616
Japanese,2022,D,D,3,4,0.4666666666666667
Japanese,2022,D,A,0,4,0.06666666666666667
Japanese,2022,D,H_D,0,4,0.06666666666666667
Japanese,2022,D,H_A,0,4,0.06666666666666667
Japanese,2022,D,P_D,1,4,0.2
Japanese,2022,D,P_A,0,4,0.06666666666666667
Japanese,2022,H_A,D,0,1,0.1111111111111111
Japanese,2022,H_A,A,0,1,0.1111111111111111
Japanese,2022,H_A,H_D,0,1,0.1111111111111111
Japanese,2022,H_A,H_A,1,1,0.3333333333333333
Japanese,2022,H_A,P_D,0,1,0.1111111111111111
Japanese,2022,H_A,P_A,0,1,0.1111111111111111
Japanese,2022,H_D,D,0,8,0.043478260869565216
Japanese,2022,H_D,A,0,8,0.043478260869565216
Japanese,2022,H_D,H_D,8,8,0.7391304347826086
Japanese,2022,H_D,H_A,0,8,0.043478260869565216
Japanese,2022,H_D,P_D,0,8,0.043478260869565216
Japanese,2022,H_D,P_A,0,8,0.043478260869565216
Japanese,2022,P_D,D,0,8,0.043478260869565216
Japanese,2022,P_D,A,0,8,0.043478260869565216
Japanese,2022,P_D,H_D,0,8,0.043478260869565216
Japanese,2022,P_D,H_A,0,8,0.043478260869565216
Japanese,2022,P_D,P_D,8,8,0.7391304347826086
Japanese,2022,P_D,P_A,0,8,0.043478260869565216
Japanese,2023,D,D,0,3,0.07692307692307693
Japanese,2023,D,A,0,3,0.07692307692307693
Japanese,2023,D,H_D,0,3,0.07692307692307693
Japanese,2023,D,H_A,0,3,0.07692307692307693
Japanese,2023,D,P_D,0,3,0.07692307692307693
Japanese,2023,D,P_A,0,3,0.07692307692307693
Japanese,2023,H_A,D,0,1,0.1111111111111111
Japanese,2023,H_A,A,0,1,0.1111111111111111
Japanese,2023,H_A,H_D,0,1,0.1111111111111111
Japanese,2023,H_A,H_A,0,1,0.1111111111111111
Japanese,2023,H_A,P_D,0,1,0.1111111111111111
Japanese,2023,H_A,P_A,0,1,0.1111111111111111
Japanese,2023,H_D,D,0,8,0.043478260869565216
Japanese,2023,H_D,A,0,8,0.043478260869565216
Japanese,2023,H_D,H_D,0,8,0.043478260869565216
Japanese,2023,H_D,H_A,0,8,0.043478260869565216
Japanese,2023,H_D,P_D,0,8,0.043478260869565216
Japanese,2023,H_D,P_A,0,8,0.043478260869565216
Japanese,2023,P_D,D,0,9,0.04
Japanese,2023,P_D,A,0,9,0.04
Japanese,2023,P_D,H_D,0,9,0.04
Japanese,2023,P_D,H_A,0,9,0.04
Japanese,2023,P_D,P_D,0,9,0.04
Japanese,2023,P_D,P_A,0,9,0.04
Other Civilizations,2000,H_D,D,0,1,0.1111111111111111
Other Civilizations,2000,H_D,A,0,1,0.1111111111111111
Other Civilizations,2000,H_D,H_D,1,1,0.3333333333333333
Other Civilizations,2000,H_D,H_A,0,1,0.1111111111111111
Other Civilizations,2000,H_D,P_D,0,1,0.1111111111111111
Other Civilizations,2000,H_D,P_A,0,1,0.1111111111111111
Other Civilizations,2001,D,D,1,1,0.3333333333333333
Other Civilizations,2001,D,A,0,1,0.1111111111111111
Other Civilizations,2001,D,H_D,0,1,0.1111111111111111
Other Civilizations,2001,D,H_A,0,1,0.1111111111111111
Other Civilizations,2001,D,P_D,0,1,0.1111111111111111
Other Civilizations,2001,D,P_A,0,1,0.1111111111111111
Other Civilizations,2001,H_D,D,0,1,0.1111111111111111
Other Civilizations,2001,H_D,A,0,1,0.1111111111111111
Other Civilizations,2001,H_D,H_D,1,1,0.3333333333333333
Other Civilizations,2001,H_D,H_A,0,1,0.1111111111111111
Other Civilizations,2001,H_D,P_D,0,1,0.1111111111111111
Other Civilizations,2001,H_D,P_A,0,1,0.1111111111111111
Other Civilizations,2002,D,D,2,3,0.38461538461538464
Other Civilizations,2002,D,A,0,3,0.07692307692307693
Other Civilizations,2002,D,H_D,1,3,0.23076923076923078
Other Civilizations,2002,D,H_A,0,3,0.07692307692307693
Other Civilizations,2002,D,P_D,0,3,0.07692307692307693
Other Civilizations,2002,D,P_A,0,3,0.07692307692307693
Other Civilizations,2002,H_D,D,0,1,0.1111111111111111
Other Civilizations,2002,H_D,A,0,1,0.1111111111111111
Other Civilizations,2002,H_D,H_D,1,1,0.3333333333333333
Other Civilizations,2002,H_D,H_A,0,1,0.1111111111111111
Other Civilizations,2002,H_D,P_D,0,1,0.1111111111111111
Other Civilizations,2002,H_D,P_A,0,1,0.1111111111111111
Other Civilizations,2003,D,D,2,2,0.45454545454545453
Other Civilizations,2003,D,A,0,2,0.09090909090909091
Other Civilizations,2003,D,H_D,0,2,0.09090909090909091
Other Civilizations,2003,D,H_A,0,2,0.09090909090909091
Other Civilizations,2003,D,P_D,0,2,0.09090909090909091
Other Civilizations,2003,D,P_A,0,2,0.09090909090909091
Other Civilizations,2003,H_D,D,0,3,0.07692307692307693
Other Civilizations,2003,H_D,A,0,3,0.07692307692307693
Other Civilizations,2003,H_D,H_D,2,3,0.38461538461538464
Other Civilizations,2003,H_D,H_A,1,3,0.23076923076923078
Other Civilizations,2003,H_D,P_D,0,3,0.07692307692307693
Other Civilizations,2003,H_D,P_A,0,3,0.07692307692307693
Other Civilizations,2004,D,D,3,4,0.4666666666666667
Other Civilizations,2004,D,A,1,4,0.2
Other Civilizations,2004,D,H_D,0,4,0.06666666666666667
Other Civilizations,2004,D,H_A,0,4,0.06666666666666667
Other Civilizations,2004,D,P_D,0,4,0.06666666666666667
Other Civilizations,2004,D,P_A,0,4,0.06666666666666667
Other Civilizations,2004,H_A,D,0,1,0.1111111111111111
Other Civilizations,2004,H_A,A,0,1,0.1111111111111111
Other Civilizations,2004,H_A,H_D,0,1,0.1111111111111111
Other Civilizations,2004,H_A,H_A,1,1,0.3333333333333333
Other Civilizations,2004,H_A,P_D,0,1,0.1111111111111111
Other Civilizations,2004,H_A,P_A,0,1,0.1111111111111111
Other Civilizations,2004,H_D,D,0,2,0.09090909090909091
Other Civilizations,2004,H_D,A,0,2,0.09090909090909091
Other Civilizations,2004,H_D,H_D,2,2,0.45454545454545453
Other Civilizations,2004,H_D,H_A,0,2,0.09090909090909091
Other Civilizations,2004,H_D,P_D,0,2,0.09090909090909091
Other Civilizations,2004,H_D,P_A,0,2,0.09090909090909091
Other Civilizations,2005,A,D,0,1,0.1111111111111111
Other Civilizations,2005,A,A,1,1,0.3333333333333333
Other Civilizations,2005,A,H_D,0,1,0.1111111111111111
Other Civilizations,2005,A,H_A,0,1,0.1111111111111111
Other Civilizations,2005,A,P_D,0,1,0.1111111111111111
Other Civilizations,2005,A,P_A,0,1,0.1111111111111111
Other Civilizations,2005,D,D,2,3,0.38461538461538464
Other Civilizations,2005,D,A,0,3,0.07692307692307693
Other Civilizations,2005,D,H_D,0,3,0.07692307692307693
Other Civilizations,2005,D,H_A,0,3,0.07692307692307693
Other Civilizations,2005,D,P_D,1,3,0.23076923076923078
Other Civilizations,2005,D,P_A,0,3,0.07692307692307693
Other Civilizations,2005,H_A,D,0,1,0.1111111111111111
Other Civilizations,2005,H_A,A,0,1,0.1111111111111111
Other Civilizations,2005,H_A,H_D,0,1,0.1111111111111111
Other Civilizations,2005,H_A,H_A,1,1,0.3333333333333333
Other Civilizations,2005,H_A,P_D,0,1,0.1111111111111111
Other Civilizations,2005,H_A,P_A,0,1,0.1111111111111111
Other Civilizations,2005,H_D,D,0,2,0.09090909090909091
Other Civilizations,2005,H_D,A,0,2,0.09090909090909091
Other Civilizations,2005,H_D,H_D,2,2,0.45454545454545453
Other Civilizations,2005,H_D,H_A,0,2,0.09090909090909091
Other Civilizations,2005,H_D,P_D,0,2,0.09090909090909091
Other Civilizations,2005,H_D,P_A,0,2,0.09090909090909091
Other Civilizations,2006,A,D,0,1,0.1111111111111111
Other Civilizations,2006,A,A,1,1,0.3333333333333333
Other Civilizations,2006,A,H_D,0,1,0.1111111111111111
Other Civilizations,2006,A,H_A,0,1,0.1111111111111111
Other Civilizations,2006,A,P_D,0,1,0.1111111111111111
Other Civilizations,2006,A,P_A,0,1,0.1111111111111111
Other Civilizations,2006,D,D,3,3,0.5384615384615384
Other Civilizations,2006,D,A,0,3,0.07692307692307693
Other Civilizations,2006,D,H_D,0,3,0.07692307692307693
Other Civilizations,2006,D,H_A,0,3,0.07692307692307693
Other Civilizations,2006,D,P_D,0,3,0.07692307692307693
Other Civilizations,2006,D,P_A,0,3,0.07692307692307693
Other Civilizations,2006,H_A,D,0,1,0.1111111111111111
Other Civilizations,2006,H_A,A,0,1,0.1111111111111111
Other Civilizations,2006,H_A,H_D,0,1,0.1111111111111111
Other Civilizations,2006,H_A,H_A,1,1,0.3333333333333333
Other Civilizations,2006,H_A,P_D,0,1,0.1111111111111111
Other Civilizations,2006,H_A,P_A,0,1,0.1111111111111111
Other Civilizations,2006,H_D,D,0,2,0.09090909090909091
Other Civilizations,2006,H_D,A,0,2,0.09090909090909091
Other Civilizations,2006,H_D,H_D,2,2,0.45454545454545453
Other Civilizations,2006,H_D,H_A,0,2,0.09090909090909091
Other Civilizations,2006,H_D,P_D,0,2,0.09090909090909091
Other Civilizations,2006,H_D,P_A,0,2,0.09090909090909091
Other Civilizations,2006,P_D,D,0,1,0.1111111111111111
Other Civilizations,2006,P_D,A,0,1,0.1111111111111111
Other Civilizations,2006,P_D,H_D,0,1,0.1111111111111111
Other Civilizations,2006,P_D,H_A,0,1,0.1111111111111111
Other Civilizations,2006,P_D,P_D,1,1,0.3333333333333333
Other Civilizations,2006,P_D,P_A,0,1,0.1111111111111111
Other Civilizations,2007,A,D,0,1,0.1111111111111111
Other Civilizations,2007,A,A,1,1,0.3333333333333333
Other Civilizations,2007,A,H_D,0,1,0.1111111111111111
Other Civilizations,2007,A,H_A,0,1,0.1111111111111111
Other Civilizations,2007,A,P_D,0,1,0.1111111111111111
Other Civilizations,2007,A,P_A,0,1,0.1111111111111111
Other Civilizations,2007,D,D,1,3,0.23076923076923078
Other Civilizations,2007,D,A,0,3,0.07692307692307693
Other Civilizations,2007,D,H_D,2,3,0.38461538461538464
Other Civilizations,2007,D,H_A,0,3,0.07692307692307693
Other Civilizations,2007,D,P_D,0,3,0.07692307692307693
Other Civilizations,2007,D,P_A,0,3,0.07692307692307693
Other Civilizations,2007,H_A,D,0,1,0.1111111111111111
Other Civilizations,2007,H_A,A,0,1,0.1111111111111111
Other Civilizations,2007,H_A,H_D,0,1,0.1111111111111111
Other Civilizations,2007,H_A,H_A,1,1,0.3333333333333333
Other Civilizations,2007,H_A,P_D,0,1,0.1111111111111111
Other Civilizations,2007,H_A,P_A,0,1,0.1111111111111111
Other Civilizations,2007,H_D,D,0,2,0.09090909090909091
Other Civilizations,2007,H_D,A,0,2,0.09090909090909091
Other Civilizations,2007,H_D,H_D,2,2,0.45454545454545453
Other Civilizations,2007,H_D,H_A,0,2,0.09090909090909091
Other Civilizations,2007,H_D,P_D,0,2,0.09090909090909091
Other Civilizations,2007,H_D,P_A,0,2,0.09090909090909091
Other Civilizations,2007,P_D,D,0,1,0.1111111111111111
Other Civilizations,2007,P_D,A,0,1,0.1111111111111111
Other Civilizations,2007,P_D,H_D,0,1,0.1111111111111111
Other Civilizations,2007,P_D,H_A,0,1,0.1111111111111111
Other Civilizations,2007,P_D,P_D,1,1,0.3333333333333333
Other Civilizations,2007,P_D,P_A,0,1,0.1111111111111111
Other Civilizations,2008,A,D,0,1,0.1111111111111111
Other Civilizations,2008,A,A,0,1,0.1111111111111111
Other Civilizations,2008,A,H_D,0,1,0.1111111111111111
Other Civilizations,2008,A,H_A,1,1,0.3333333333333333
Other Civilizations,2008,A,P_D,0,1,0.1111111111111111
Other Civilizations,2008,A,P_A,0,1,0.1111111111111111
Other Civilizations,2008,D,D,0,1,0.1111111111111111
Other Civilizations,2008,D,A,0,1,0.1111111111111111
Other Civilizations,2008,D,H_D,1,1,0.3333333333333333
Other Civilizations,2008,D,H_A,0,1,0.1111111111111111
Other Civilizations,2008,D,P_D,0,1,0.1111111111111111
Other Civilizations,2008,D,P_A,0,1,0.1111111111111111
Other Civilizations,2008,H_A,D,0,1,0.1111111111111111
Other Civilizations,2008,H_A,A,0,1,0.1111111111111111
Other Civilizations,2008,H_A,H_D,0,1,0.1111111111111111
Other Civilizations,2008,H_A,H_A,0,1,0.1111111111111111
Other Civilizations,2008,H_A,P_D,1,1,0.3333333333333333
Other Civilizations,2008,H_A,P_A,0,1,0.1111111111111111
Other Civilizations,2008,H_D,D,0,4,0.06666666666666667
Other Civilizations,2008,H_D,A,0,4,0.06666666666666667
Other Civilizations,2008,H_D,H_D,3,4,0.4666666666666667
Other Civilizations,2008,H_D,H_A,1,4,0.2
Other Civilizations,2008,H_D,P_D,0,4,0.06666666666666667
Other Civilizations,2008,H_D,P_A,0,4,0.06666666666666667
Other Civilizations,2008,P_D,D,0,1,0.1111111111111111
Other Civilizations,2008,P_D,A,0,1,0.1111111111111111
Other Civilizations,2008,P_D,H_D,0,1,0.1111111111111111
Other Civilizations,2008,P_D,H_A,0,1,0.1111111111111111
Other Civilizations,2008,P_D,P_D,1,1,0.3333333333333333
Other Civilizations,2008,P_D,P_A,0,1,0.1111111111111111
Other Civilizations,2009,D,D,1,1,0.3333333333333333
Other Civilizations,2009,D,A,0,1,0.1111111111111111
Other Civilizations,2009,D,H_D,0,1,0.1111111111111111
Other Civilizations,2009,D,H_A,0,1,0.1111111111111111
Other Civilizations,2009,D,P_D,0,1,0.1111111111111111
Other Civilizations,2009,D,P_A,0,1,0.1111111111111111
Other Civilizations,2009,H_A,D,0,2,0.09090909090909091
Other Civilizations,2009,H_A,A,0,2,0.09090909090909091
Other Civilizations,2009,H_A,H_D,0,2,0.09090909090909091
Other Civilizations,2009,H_A,H_A,2,2,0.45454545454545453
Other Civilizations,2009,H_A,P_D,0,2,0.09090909090909091
Other Civilizations,2009,H_A,P_A,0,2,0.09090909090909091
Other Civilizations,2009,H_D,D,0,4,0.06666666666666667
Other Civilizations,2009,H_D,A,0,4,0.06666666666666667
Other Civilizations,2009,H_D,H_D,4,4,0.6
Other Civilizations,2009,H_D,H_A,0,4,0.06666666666666667
Other Civilizations,2009,H_D,P_D,0,4,0.06666666666666667
Other Civilizations,2009,H_D,P_A,0,4,0.06666666666666667
Other Civilizations,2009,P_D,D,0,2,0.09090909090909091
Other Civilizations,2009,P_D,A,0,2,0.09090909090909091
Other Civilizations,2009,P_D,H_D,0,2,0.09090909090909091
Other Civilizations,2009,P_D,H_A,0,2,0.09090909090909091
Other Civilizations,2009,P_D,P_D,2,2,0.45454545454545453
Other Civilizations,2009,P_D,P_A,0,2,0.09090909090909091
Other Civilizations,2010,D,D,2,2,0.45454545454545453
Other Civilizations,2010,D,A,0,2,0.09090909090909091
Other Civilizations,2010,D,H_D,0,2,0.09090909090909091
Other Civilizations,2010,D,H_A,0,2,0.09090909090909091
Other Civilizations,2010,D,P_D,0,2,0.09090909090909091
Other Civilizations,2010,D,P_A,0,2,0.09090909090909091
Other Civilizations,2010,H_A,D,0,2,0.09090909090909091
Other Civilizations,2010,H_A,A,0,2,0.09090909090909091
Other Civilizations,2010,H_A,H_D,0,2,0.09090909090909091
Other Civilizations,2010,H_A,H_A,2,2,0.45454545454545453
Other Civilizations,2010,H_A,P_D,0,2,0.09090909090909091
Other Civilizations,2010,H_A,P_A,0,2,0.09090909090909091
Other Civilizations,2010,H_D,D,0,4,0.06666666666666667
Other Civilizations,2010,H_D,A,0,4,0.06666666666666667
Other Civilizations,2010,H_D,H_D,4,4,0.6
Other Civilizations,2010,H_D,H_A,0,4,0.06666666666666667
Other Civilizations,2010,H_D,P_D,0,4,0.06666666666666667
Other Civilizations,2010,H_D,P_A,0,4,0.06666666666666667
Other Civilizations,2010,P_D,D,0,2,0.09090909090909091
Other Civilizations,2010,P_D,A,0,2,0.09090909090909091
Other Civilizations,2010,P_D,H_D,0,2,0.09090909090909091
Other Civilizations,2010,P_D,H_A,0,2,0.09090909090909091
Other Civilizations,2010,P_D,P_D,1,2,0.2727272727272727
Other Civilizations,2010,P_D,P_A,0,2,0.09090909090909091
Other Civilizations,2011,D,D,3,3,0.5384615384615384
Other Civilizations,2011,D,A,0,3,0.07692307692307693
Other Civilizations,2011,D,H_D,0,3,0.07692307692307693
Other Civilizations,2011,D,H_A,0,3,0.07692307692307693
Other Civilizations,2011,D,P_D,0,3,0.07692307692307693
Other Civilizations,2011,D,P_A,0,3,0.07692307692307693
Other Civilizations,2011,H_A,D,0,2,0.09090909090909091
Other Civilizations,2011,H_A,A,0,2,0.09090909090909091
Other Civilizations,2011,H_A,H_D,0,2,0.09090909090909091
Other Civilizations,2011,H_A,H_A,2,2,0.45454545454545453
Other Civilizations,2011,H_A,P_D,0,2,0.09090909090909091
Other Civilizations,2011,H_A,P_A,0,2,0.09090909090909091
Other Civilizations,2011,H_D,D,0,4,0.06666666666666667
Other Civilizations,2011,H_D,A,0,4,0.06666666666666667
Other Civilizations,2011,H_D,H_D,4,4,0.6
Other Civilizations,2011,H_D,H_A,0,4,0.06666666666666667
Other Civilizations,2011,H_D,P_D,0,4,0.06666666666666667
Other Civilizations,2011,H_D,P_A,0,4,0.06666666666666667
Other Civilizations,2011,P_D,D,0,1,0.1111111111111111
Other Civilizations,2011,P_D,A,0,1,0.1111111111111111
Other Civilizations,2011,P_D,H_D,0,1,0.1111111111111111
Other Civilizations,2011,P_D,H_A,0,1,0.1111111111111111
Other Civilizations,2011,P_D,P_D,1,1,0.3333333333333333
Other Civilizations,2011,P_D,P_A,0,1,0.1111111111111111
Other Civilizations,2012,D,D,3,3,0.5384615384615384
Other Civilizations,2012,D,A,0,3,0.07692307692307693
Other Civilizations,2012,D,H_D,0,3,0.07692307692307693
Other Civilizations,2012,D,H_A,0,3,0.07692307692307693
Other Civilizations,2012,D,P_D,0,3,0.07692307692307693
Other Civilizations,2012,D,P_A,0,3,0.07692307692307693
Other Civilizations,2012,H_A,D,0,2,0.09090909090909091
Other Civilizations,2012,H_A,A,0,2,0.09090909090909091
Other Civilizations,2012,H_A,H_D,0,2,0.09090909090909091
Other Civilizations,2012,H_A,H_A,2,2,0.45454545454545453
Other Civilizations,2012,H_A,P_D,0,2,0.09090909090909091
Other Civilizations,2012,H_A,P_A,0,2,0.09090909090909091
Other Civilizations,2012,H_D,D,0,4,0.06666666666666667
Other Civilizations,2012,H_D,A,0,4,0.06666666666666667
Other Civilizations,2012,H_D,H_D,3,4,0.4666666666666667
Other Civilizations,2012,H_D,H_A,0,4,0.06666666666666667
Other Civilizations,2012,H_D,P_D,1,4,0.2
Other Civilizations,2012,H_D,P_A,0,4,0.06666666666666667
Other Civilizations,2012,P_D,D,0,1,0.1111111111111111
Other Civilizations,2012,P_D,A,0,1,0.1111111111111111
Other Civilizations,2012,P_D,H_D,0,1,0.1111111111111111
Other Civilizations,2012,P_D,H_A,0,1,0.1111111111111111
Other Civilizations,2012,P_D,P_D,1,1,0.3333333333333333
Other Civilizations,2012,P_D,P_A,0,1,0.1111111111111111
Other Civilizations,2013,D,D,3,4,0.4666666666666667
Other Civilizations,2013,D,A,1,4,0.2
Other Civilizations,2013,D,H_D,0,4,0.06666666666666667
Other Civilizations,2013,D,H_A,0,4,0.06666666666666667
Other Civilizations,2013,D,P_D,0,4,0.06666666666666667
Other Civilizations,2013,D,P_A,0,4,0.06666666666666667
Other Civilizations,2013,H_A,D,0,2,0.09090909090909091
Other Civilizations,2013,H_A,A,0,2,0.09090909090909091
Other Civilizations,2013,H_A,H_D,0,2,0.09090909090909091
Other Civilizations,2013,H_A,H_A,2,2,0.45454545454545453
Other Civilizations,2013,H_A,P_D,0,2,0.09090909090909091
Other Civilizations,2013,H_A,P_A,0,2,0.09090909090909091
Other Civilizations,2013,H_D,D,0,3,0.07692307692307693
Other Civilizations,2013,H_D,A,0,3,0.07692307692307693
Other Civilizations,2013,H_D,H_D,3,3,0.5384615384615384
Other Civilizations,2013,H_D,H_A,0,3,0.07692307692307693
Other Civilizations,2013,H_D,P_D,0,3,0.07692307692307693
Other Civilizations,2013,H_D,P_A,0,3,0.07692307692307693
Other Civilizations,2013,P_D,D,0,2,0.09090909090909091
Other Civilizations,2013,P_D,A,0,2,0.09090909090909091
Other Civilizations,2013,P_D,H_D,0,2,0.09090909090909091
Other Civilizations,2013,P_D,H_A,0,2,0.09090909090909091
Other Civilizations,2013,P_D,P_D,2,2,0.45454545454545453
Other Civilizations,2013,P_D,P_A,0,2,0.09090909090909091
Other Civilizations,2014,A,D,0,1,0.1111111111111111
Other Civilizations,2014,A,A,0,1,0.1111111111111111
Other Civilizations,2014,A,H_D,0,1,0.1111111111111111
Other Civilizations,2014,A,H_A,1,1,0.3333333333333333
Other Civilizations,2014,A,P_D,0,1,0.1111111111111111
Other Civilizations,2014,A,P_A,0,1,0.1111111111111111
Other Civilizations,2014,D,D,4,6,0.47368421052631576
Other Civilizations,2014,D,A,0,6,0.05263157894736842
Other Civilizations,2014,D,H_D,1,6,0.15789473684210525
Other Civilizations,2014,D,H_A,0,6,0.05263157894736842
Other Civilizations,2014,D,P_D,1,6,0.15789473684210525
Other Civilizations,2014,D,P_A,0,6,0.05263157894736842
Other Civilizations,2014,H_A,D,0,3,0.07692307692307693
Other Civilizations,2014,H_A,A,0,3,0.07692307692307693
Other Civilizations,2014,H_A,H_D,0,3,0.07692307692307693
Other Civilizations,2014,H_A,H_A,3,3,0.5384615384615384
Other Civilizations,2014,H_A,P_D,0,3,0.07692307692307693
Other Civilizations,2014,H_A,P_A,0,3,0.07692307692307693
Other Civilizations,2014,H_D,D,0,4,0.06666666666666667
Other Civilizations,2014,H_D,A,0,4,0.06666666666666667
Other Civilizations,2014,H_D,H_D,4,4,0.6
Other Civilizations,2014,H_D,H_A,0,4,0.06666666666666667
Other Civilizations,2014,H_D,P_D,0,4,0.06666666666666667
Other Civilizations,2014,H_D,P_A,0,4,0.06666666666666667
Other Civilizations,2014,P_D,D,0,2,0.09090909090909091
Other Civilizations,2014,P_D,A,0,2,0.09090909090909091
Other Civilizations,2014,P_D,H_D,0,2,0.09090909090909091
Other Civilizations,2014,P_D,H_A,0,2,0.09090909090909091
Other Civilizations,2014,P_D,P_D,2,2,0.45454545454545453
Other Civilizations,2014,P_D,P_A,0,2,0.09090909090909091
Other Civilizations,2015,D,D,6,6,0.6842105263157895
Other Civilizations,2015,D,A,0,6,0.05263157894736842
Other Civilizations,2015,D,H_D,0,6,0.05263157894736842
Other Civilizations,2015,D,H_A,0,6,0.05263157894736842
Other Civilizations,2015,D,P_D,0,6,0.05263157894736842
Other Civilizations,2015,D,P_A,0,6,0.05263157894736842
Other Civilizations,2015,H_A,D,0,4,0.06666666666666667
Other Civilizations,2015,H_A,A,0,4,0.06666666666666667
Other Civilizations,2015,H_A,H_D,1,4,0.2
Other Civilizations,2015,H_A,H_A,2,4,0.3333333333333333
Other Civilizations,2015,H_A,P_D,0,4,0.06666666666666667
Other Civilizations,2015,H_A,P_A,1,4,0.2
Other Civilizations,2015,H_D,D,0,6,0.05263157894736842
Other Civilizations,2015,H_D,A,0,6,0.05263157894736842
Other Civilizations,2015,H_D,H_D,6,6,0.6842105263157895
Other Civilizations,2015,H_D,H_A,0,6,0.05263157894736842
Other Civilizations,2015,H_D,P_D,0,6,0.05263157894736842
Other Civilizations,2015,H_D,P_A,0,6,0.05263157894736842
Other Civilizations,2015,P_D,D,0,3,0.07692307692307693
Other Civilizations,2015,P_D,A,0,3,0.07692307692307693
Other Civilizations,2015,P_D,H_D,0,3,0.07692307692307693
Other Civilizations,2015,P_D,H_A,0,3,0.07692307692307693
Other Civilizations,2015,P_D,P_D,3,3,0.5384615384615384
Other Civilizations,2015,P_D,P_A,0,3,0.07692307692307693
Other Civilizations,2016,D,D,6,6,0.6842105263157895
Other Civilizations,2016,D,A,0,6,0.05263157894736842
Other Civilizations,2016,D,H_D,0,6,0.05263157894736842
Other Civilizations,2016,D,H_A,0,6,0.05263157894736842
Other Civilizations,2016,D,P_D,0,6,0.05263157894736842
Other Civilizations,2016,D,P_A,0,6,0.05263157894736842
Other Civilizations,2016,H_A,D,0,2,0.09090909090909091
Other Civilizations,2016,H_A,A,0,2,0.09090909090909091
Other Civilizations,2016,H_A,H_D,0,2,0.09090909090909091
Other Civilizations,2016,H_A,H_A,2,2,0.45454545454545453
Other Civilizations,2016,H_A,P_D,0,2,0.09090909090909091
Other Civilizations,2016,H_A,P_A,0,2,0.09090909090909091
Other Civilizations,2016,H_D,D,0,7,0.047619047619047616
Other Civilizations,2016,H_D,A,0,7,0.047619047619047616
Other Civilizations,2016,H_D,H_D,7,7,0.7142857142857143
Other Civilizations,2016,H_D,H_A,0,7,0.047619047619047616
Other Civilizations,2016,H_D,P_D,0,7,0.047619047619047616
Other Civilizations,2016,H_D,P_A,0,7,0.047619047619047616
Other Civilizations,2016,P_A,D,0,1,0.1111111111111111
Other Civilizations,2016,P_A,A,0,1,0.1111111111111111
Other Civilizations,2016,P_A,H_D,0,1,0.1111111111111111
Other Civilizations,2016,P_A,H_A,0,1,0.1111111111111111
Other Civilizations,2016,P_A,P_D,0,1,0.1111111111111111
Other Civilizations,2016,P_A,P_A,1,1,0.3333333333333333
Other Civilizations,2016,P_D,D,0,3,0.07692307692307693
Other Civilizations,2016,P_D,A,0,3,0.07692307692307693
Other Civilizations,2016,P_D,H_D,0,3,0.07692307692307693
Other Civilizations,2016,P_D,H_A,0,3,0.07692307692307693
Other Civilizations,2016,P_D,P_D,3,3,0.5384615384615384
Other Civilizations,2016,P_D,P_A,0,3,0.07692307692307693
Other Civilizations,2017,D,D,6,6,0.6842105263157895
Other Civilizations,2017,D,A,0,6,0.05263157894736842
Other Civilizations,2017,D,H_D,0,6,0.05263157894736842
Other Civilizations,2017,D,H_A,0,6,0.05263157894736842
Other Civilizations,2017,D,P_D,0,6,0.05263157894736842
Other Civilizations,2017,D,P_A,0,6,0.05263157894736842
Other Civilizations,2017,H_A,D,0,2,0.09090909090909091
Other Civilizations,2017,H_A,A,0,2,0.09090909090909091
Other Civilizations,2017,H_A,H_D,0,2,0.09090909090909091
Other Civilizations,2017,H_A,H_A,2,2,0.45454545454545453
Other Civilizations,2017,H_A,P_D,0,2,0.09090909090909091
Other Civilizations,2017,H_A,P_A,0,2,0.09090909090909091
Other Civilizations,2017,H_D,D,0,7,0.047619047619047616
Other Civilizations,2017,H_D,A,0,7,0.047619047619047616
Other Civilizations,2017,H_D,H_D,7,7,0.7142857142857143
Other Civilizations,2017,H_D,H_A,0,7,0.047619047619047616
Other Civilizations,2017,H_D,P_D,0,7,0.047619047619047616
Other Civilizations,2017,H_D,P_A,0,7,0.047619047619047616
Other Civilizations,2017,P_A,D,0,1,0.1111111111111111
Other Civilizations,2017,P_A,A,0,1,0.1111111111111111
Other Civilizations,2017,P_A,H_D,0,1,0.1111111111111111
Other Civilizations,2017,P_A,H_A,0,1,0.1111111111111111
Other Civilizations,2017,P_A,P_D,0,1,0.1111111111111111
Other Civilizations,2017,P_A,P_A,1,1,0.3333333333333333
Other Civilizations,2017,P_D,D,0,3,0.07692307692307693
Other Civilizations,2017,P_D,A,0,3,0.07692307692307693
Other Civilizations,2017,P_D,H_D,0,3,0.07692307692307693
Other Civilizations,2017,P_D,H_A,0,3,0.07692307692307693
Other Civilizations,2017,P_D,P_D,3,3,0.5384615384615384
Other Civilizations,2017,P_D,P_A,0,3,0.07692307692307693
Other Civilizations,2018,D,D,6,6,0.6842105263157895
Other Civilizations,2018,D,A,0,6,0.05263157894736842
Other Civilizations,2018,D,H_D,0,6,0.05263157894736842
Other Civilizations,2018,D,H_A,0,6,0.05263157894736842
Other Civilizations,2018,D,P_D,0,6,0.05263157894736842
Other Civilizations,2018,D,P_A,0,6,0.05263157894736842
Other Civilizations,2018,H_A,D,0,2,0.09090909090909091
Other Civilizations,2018,H_A,A,0,2,0.09090909090909091
Other Civilizations,2018,H_A,H_D,0,2,0.09090909090909091
Other Civilizations,2018,H_A,H_A,2,2,0.45454545454545453
Other Civilizations,2018,H_A,P_D,0,2,0.09090909090909091
Other Civilizations,2018,H_A,P_A,0,2,0.09090909090909091
Other Civilizations,2018,H_D,D,0,7,0.047619047619047616
Other Civilizations,2018,H_D,A,0,7,0.047619047619047616
Other Civilizations,2018,H_D,H_D,5,7,0.5238095238095238
Other Civilizations,2018,H_D,H_A,1,7,0.14285714285714285
Other Civilizations,2018,H_D,P_D,1,7,0.14285714285714285
Other Civilizations,2018,H_D,P_A,0,7,0.047619047619047616
Other Civilizations,2018,P_A,D,0,1,0.1111111111111111
Other Civilizations,2018,P_A,A,0,1,0.1111111111111111
Other Civilizations,2018,P_A,H_D,0,1,0.1111111111111111
Other Civilizations,2018,P_A,H_A,0,1,0.1111111111111111
Other Civilizations,2018,P_A,P_D,0,1,0.1111111111111111
Other Civilizations,2018,P_A,P_A,1,1,0.3333333333333333
Other Civilizations,2018,P_D,D,0,3,0.07692307692307693
Other Civilizations,2018,P_D,A,0,3,0.07692307692307693
Other Civilizations,2018,P_D,H_D,0,3,0.07692307692307693
Other Civilizations,2018,P_D,H_A,0,3,0.07692307692307693
Other Civilizations,2018,P_D,P_D,3,3,0.5384615384615384
Other Civilizations,2018,P_D,P_A,0,3,0.07692307692307693
Other Civilizations,2019,D,D,5,6,0.5789473684210527
Other Civilizations,2019,D,A,0,6,0.05263157894736842
Other Civilizations,2019,D,H_D,1,6,0.15789473684210525
Other Civilizations,2019,D,H_A,0,6,0.05263157894736842
Other Civilizations,2019,D,P_D,0,6,0.05263157894736842
Other Civilizations,2019,D,P_A,0,6,0.05263157894736842
Other Civilizations,2019,H_A,D,0,3,0.07692307692307693
Other Civilizations,2019,H_A,A,0,3,0.07692307692307693
Other Civilizations,2019,H_A,H_D,0,3,0.07692307692307693
Other Civilizations,2019,H_A,H_A,3,3,0.5384615384615384
Other Civilizations,2019,H_A,P_D,0,3,0.07692307692307693
Other Civilizations,2019,H_A,P_A,0,3,0.07692307692307693
Other Civilizations,2019,H_D,D,0,5,0.058823529411764705
Other Civilizations,2019,H_D,A,0,5,0.058823529411764705
Other Civilizations,2019,H_D,H_D,5,5,0.6470588235294118
Other Civilizations,2019,H_D,H_A,0,5,0.058823529411764705
Other Civilizations,2019,H_D,P_D,0,5,0.058823529411764705
Other Civilizations,2019,H_D,P_A,0,5,0.058823529411764705
Other Civilizations,2019,P_A,D,0,1,0.1111111111111111
Other Civilizations,2019,P_A,A,0,1,0.1111111111111111
Other Civilizations,2019,P_A,H_D,0,1,0.1111111111111111
Other Civilizations,2019,P_A,H_A,0,1,0.1111111111111111
Other Civilizations,2019,P_A,P_D,0,1,0.1111111111111111
Other Civilizations,2019,P_A,P_A,1,1,0.3333333333333333
Other Civilizations,2019,P_D,D,0,4,0.06666666666666667
Other Civilizations,2019,P_D,A,0,4,0.06666666666666667
Other Civilizations,2019,P_D,H_D,0,4,0.06666666666666667
Other Civilizations,2019,P_D,H_A,0,4,0.06666666666666667
Other Civilizations,2019,P_D,P_D,4,4,0.6
Other Civilizations,2019,P_D,P_A,0,4,0.06666666666666667
Other Civilizations,2020,D,D,5,5,0.6470588235294118
Other Civilizations,2020,D,A,0,5,0.058823529411764705
Other Civilizations,2020,D,H_D,0,5,0.058823529411764705
Other Civilizations,2020,D,H_A,0,5,0.058823529411764705
Other Civilizations,2020,D,P_D,0,5,0.058823529411764705
Other Civilizations,2020,D,P_A,0,5,0.058823529411764705
Other Civilizations,2020,H_A,D,0,3,0.07692307692307693
Other Civilizations,2020,H_A,A,0,3,0.07692307692307693
Other Civilizations,2020,H_A,H_D,0,3,0.07692307692307693
Other Civilizations,2020,H_A,H_A,3,3,0.5384615384615384
Other Civilizations,2020,H_A,P_D,0,3,0.07692307692307693
Other Civilizations,2020,H_A,P_A,0,3,0.07692307692307693
Other Civilizations,2020,H_D,D,0,6,0.05263157894736842
Other Civilizations,2020,H_D,A,0,6,0.05263157894736842
Other Civilizations,2020,H_D,H_D,6,6,0.6842105263157895
Other Civilizations,2020,H_D,H_A,0,6,0.05263157894736842
Other Civilizations,2020,H_D,P_D,0,6,0.05263157894736842
Other Civilizations,2020,H_D,P_A,0,6,0.05263157894736842
Other Civilizations,2020,P_A,D,0,1,0.1111111111111111
Other Civilizations,2020,P_A,A,0,1,0.1111111111111111
Other Civilizations,2020,P_A,H_D,0,1,0.1111111111111111
Other Civilizations,2020,P_A,H_A,0,1,0.1111111111111111
Other Civilizations,2020,P_A,P_D,1,1,0.3333333333333333
Other Civilizations,2020,P_A,P_A,0,1,0.1111111111111111
Other Civilizations,2020,P_D,D,0,4,0.06666666666666667
Other Civilizations,2020,P_D,A,0,4,0.06666666666666667
Other Civilizations,2020,P_D,H_D,0,4,0.06666666666666667
Other Civilizations,2020,P_D,H_A,0,4,0.06666666666666667
Other Civilizations,2020,P_D,P_D,4,4,0.6
Other Civilizations,2020,P_D,P_A,0,4,0.06666666666666667
Other Civilizations,2021,D,D,5,5,0.6470588235294118
Other Civilizations,2021,D,A,0,5,0.058823529411764705
Other Civilizations,2021,D,H_D,0,5,0.058823529411764705
Other Civilizations,2021,D,H_A,0,5,0.058823529411764705
Other Civilizations,2021,D,P_D,0,5,0.058823529411764705
Other Civilizations,2021,D,P_A,0,5,0.058823529411764705
Other Civilizations,2021,H_A,D,0,3,0.07692307692307693
Other Civilizations,2021,H_A,A,0,3,0.07692307692307693
Other Civilizations,2021,H_A,H_D,0,3,0.07692307692307693
Other Civilizations,2021,H_A,H_A,3,3,0.5384615384615384
Other Civilizations,2021,H_A,P_D,0,3,0.07692307692307693
Other Civilizations,2021,H_A,P_A,0,3,0.07692307692307693
Other Civilizations,2021,H_D,D,0,6,0.05263157894736842
Other Civilizations,2021,H_D,A,0,6,0.05263157894736842
Other Civilizations,2021,H_D,H_D,6,6,0.6842105263157895
Other Civilizations,2021,H_D,H_A,0,6,0.05263157894736842
Other Civilizations,2021,H_D,P_D,0,6,0.05263157894736842
Other Civilizations,2021,H_D,P_A,0,6,0.05263157894736842
Other Civilizations,2021,P_D,D,0,5,0.058823529411764705
Other Civilizations,2021,P_D,A,0,5,0.058823529411764705
Other Civilizations,2021,P_D,H_D,0,5,0.058823529411764705
Other Civilizations,2021,P_D,H_A,0,5,0.058823529411764705
Other Civilizations,2021,P_D,P_D,5,5,0.6470588235294118
Other Civilizations,2021,P_D,P_A,0,5,0.058823529411764705
Other Civilizations,2022,D,D,4,5,0.5294117647058824
Other Civilizations,2022,D,A,0,5,0.058823529411764705
Other Civilizations,2022,D,H_D,0,5,0.058823529411764705
Other Civilizations,2022,D,H_A,0,5,0.058823529411764705
Other Civilizations,2022,D,P_D,1,5,0.17647058823529413
Other Civilizations,2022,D,P_A,0,5,0.058823529411764705
Other Civilizations,2022,H_A,D,0,3,0.07692307692307693
Other Civilizations,2022,H_A,A,0,3,0.07692307692307693
Other Civilizations,2022,H_A,H_D,1,3,0.23076923076923078
Other Civilizations,2022,H_A,H_A,2,3,0.38461538461538464
Other Civilizations,2022,H_A,P_D,0,3,0.07692307692307693
Other Civilizations,2022,H_A,P_A,0,3,0.07692307692307693
Other Civilizations,2022,H_D,D,0,6,0.05263157894736842
Other Civilizations,2022,H_D,A,0,6,0.05263157894736842
Other Civilizations,2022,H_D,H_D,5,6,0.5789473684210527
Other Civilizations,2022,H_D,H_A,0,6,0.05263157894736842
Other Civilizations,2022,H_D,P_D,1,6,0.15789473684210525
Other Civilizations,2022,H_D,P_A,0,6,0.05263157894736842
Other Civilizations,2022,P_D,D,0,5,0.058823529411764705
Other Civilizations,2022,P_D,A,0,5,0.058823529411764705
Other Civilizations,2022,P_D,H_D,0,5,0.058823529411764705
Other Civilizations,2022,P_D,H_A,0,5,0.058823529411764705
Other Civilizations,2022,P_D,P_D,5,5,0.6470588235294118
Other Civilizations,2022,P_D,P_A,0,5,0.058823529411764705
Other Civilizations,2023,D,D,0,4,0.06666666666666667
Other Civilizations,2023,D,A,0,4,0.06666666666666667
Other Civilizations,2023,D,H_D,0,4,0.06666666666666667
Other Civilizations,2023,D,H_A,0,4,0.06666666666666667
Other Civilizations,2023,D,P_D,0,4,0.06666666666666667
Other Civilizations,2023,D,P_A,0,4,0.06666666666666667
Other Civilizations,2023,H_A,D,0,2,0.09090909090909091
Other Civilizations,2023,H_A,A,0,2,0.09090909090909091
Other Civilizations,2023,H_A,H_D,0,2,0.09090909090909091
Other Civilizations,2023,H_A,H_A,0,2,0.09090909090909091
Other Civilizations,2023,H_A,P_D,0,2,0.09090909090909091
Other Civilizations,2023,H_A,P_A,0,2,0.09090909090909091
Other Civilizations,2023,H_D,D,0,6,0.05263157894736842
Other Civilizations,2023,H_D,A,0,6,0.05263157894736842
Other Civilizations,2023,H_D,H_D,0,6,0.05263157894736842
Other Civilizations,2023,H_D,H_A,0,6,0.05263157894736842
Other Civilizations,2023,H_D,P_D,0,6,0.05263157894736842
Other Civilizations,2023,H_D,P_A,0,6,0.05263157894736842
Other Civilizations,2023,P_D,D,0,7,0.047619047619047616
Other Civilizations,2023,P_D,A,0,7,0.047619047619047616
Other Civilizations,2023,P_D,H_D,0,7,0.047619047619047616
Other Civilizations,2023,P_D,H_A,0,7,0.047619047619047616
Other Civilizations,2023,P_D,P_D,0,7,0.047619047619047616
Other Civilizations,2023,P_D,P_A,0,7,0.047619047619047616
Other Western,2000,D,D,1,1,0.3333333333333333
Other Western,2000,D,A,0,1,0.1111111111111111
Other Western,2000,D,H_D,0,1,0.1111111111111111
Other Western,2000,D,H_A,0,1,0.1111111111111111
Other Western,2000,D,P_D,0,1,0.1111111111111111
Other Western,2000,D,P_A,0,1,0.1111111111111111
Other Western,2001,D,D,2,3,0.38461538461538464
Other Western,2001,D,A,0,3,0.07692307692307693
Other Western,2001,D,H_D,1,3,0.23076923076923078
Other Western,2001,D,H_A,0,3,0.07692307692307693
Other Western,2001,D,P_D,0,3,0.07692307692307693
Other Western,2001,D,P_A,0,3,0.07692307692307693
Other Western,2002,D,D,2,2,0.45454545454545453
Other Western,2002,D,A,0,2,0.09090909090909091
Other Western,2002,D,H_D,0,2,0.09090909090909091
Other Western,2002,D,H_A,0,2,0.09090909090909091
Other Western,2002,D,P_D,0,2,0.09090909090909091
Other Western,2002,D,P_A,0,2,0.09090909090909091
Other Western,2002,H_D,D,0,1,0.1111111111111111
Other Western,2002,H_D,A,0,1,0.1111111111111111
Other Western,2002,H_D,H_D,1,1,0.3333333333333333
Other Western,2002,H_D,H_A,0,1,0.1111111111111111
Other Western,2002,H_D,P_D,0,1,0.1111111111111111
Other Western,2002,H_D,P_A,0,1,0.1111111111111111
Other Western,2003,D,D,2,2,0.45454545454545453
Other Western,2003,D,A,0,2,0.09090909090909091
Other Western,2003,D,H_D,0,2,0.09090909090909091
Other Western,2003,D,H_A,0,2,0.09090909090909091
Other Western,2003,D,P_D,0,2,0.09090909090909091
Other Western,2003,D,P_A,0,2,0.09090909090909091
Other Western,2003,H_D,D,0,1,0.1111111111111111
Other Western,2003,H_D,A,0,1,0.1111111111111111
Other Western,2003,H_D,H_D,1,1,0.3333333333333333
Other Western,2003,H_D,H_A,0,1,0.1111111111111111
Other Western,2003,H_D,P_D,0,1,0.1111111111111111
Other Western,2003,H_D,P_A,0,1,0.1111111111111111
Other Western,2004,D,D,2,3,0.38461538461538464
Other Western,2004,D,A,0,3,0.07692307692307693
Other Western,2004,D,H_D,1,3,0.23076923076923078
Other Western,2004,D,H_A,0,3,0.07692307692307693
Other Western,2004,D,P_D,0,3,0.07692307692307693
Other Western,2004,D,P_A,0,3,0.07692307692307693
Other Western,2004,H_D,D,0,2,0.09090909090909091
Other Western,2004,H_D,A,0,2,0.09090909090909091
Other Western,2004,H_D,H_D,2,2,0.45454545454545453
Other Western,2004,H_D,H_A,0,2,0.09090909090909091
Other Western,2004,H_D,P_D,0,2,0.09090909090909091
Other Western,2004,H_D,P_A,0,2,0.09090909090909091
Other Western,2005,D,D,1,2,0.2727272727272727
Other Western,2005,D,A,0,2,0.09090909090909091
Other Western,2005,D,H_D,1,2,0.2727272727272727
Other Western,2005,D,H_A,0,2,0.09090909090909091
Other Western,2005,D,P_D,0,2,0.09090909090909091
Other Western,2005,D,P_A,0,2,0.09090909090909091
Other Western,2005,H_D,D,0,3,0.07692307692307693
Other Western,2005,H_D,A,0,3,0.07692307692307693
Other Western,2005,H_D,H_D,3,3,0.5384615384615384
Other Western,2005,H_D,H_A,0,3,0.07692307692307693
Other Western,2005,H_D,P_D,0,3,0.07692307692307693
Other Western,2005,H_D,P_A,0,3,0.07692307692307693
Other Western,2006,D,D,2,3,0.38461538461538464
Other Western,2006,D,A,0,3,0.07692307692307693
Other Western,2006,D,H_D,1,3,0.23076923076923078
Other Western,2006,D,H_A,0,3,0.07692307692307693
Other Western,2006,D,P_D,0,3,0.07692307692307693
Other Western,2006,D,P_A,0,3,0.07692307692307693
Other Western,2006,H_D,D,0,4,0.06666666666666667
Other Western,2006,H_D,A,0,4,0.06666666666666667
Other Western,2006,H_D,H_D,3,4,0.4666666666666667
Other Western,2006,H_D,H_A,1,4,0.2
Other Western,2006,H_D,P_D,0,4,0.06666666666666667
Other Western,2006,H_D,P_A,0,4,0.06666666666666667
Other Western,2007,D,D,2,2,0.45454545454545453
Other Western,2007,D,A,0,2,0.09090909090909091
Other Western,2007,D,H_D,0,2,0.09090909090909091
Other Western,2007,D,H_A,0,2,0.09090909090909091
Other Western,2007,D,P_D,0,2,0.09090909090909091
Other Western,2007,D,P_A,0,2,0.09090909090909091
Other Western,2007,H_A,D,0,1,0.1111111111111111
Other Western,2007,H_A,A,0,1,0.1111111111111111
Other Western,2007,H_A,H_D,0,1,0.1111111111111111
Other Western,2007,H_A,H_A,1,1,0.3333333333333333
Other Western,2007,H_A,P_D,0,1,0.1111111111111111
Other Western,2007,H_A,P_A,0,1,0.1111111111111111
Other Western,2007,H_D,D,0,4,0.06666666666666667
Other Western,2007,H_D,A,0,4,0.06666666666666667
Other Western,2007,H_D,H_D,3,4,0.4666666666666667
Other Western,2007,H_D,H_A,1,4,0.2
Other Western,2007,H_D,P_D,0,4,0.06666666666666667
Other Western,2007,H_D,P_A,0,4,0.06666666666666667
Other Western,2008,D,D,1,2,0.2727272727272727
Other Western,2008,D,A,0,2,0.09090909090909091
Other Western,2008,D,H_D,1,2,0.2727272727272727
Other Western,2008,D,H_A,0,2,0.09090909090909091
Other Western,2008,D,P_D,0,2,0.09090909090909091
Other Western,2008,D,P_A,0,2,0.09090909090909091
Other Western,2008,H_A,D,0,2,0.09090909090909091
Other Western,2008,H_A,A,0,2,0.09090909090909091
Other Western,2008,H_A,H_D,0,2,0.09090909090909091
Other Western,2008,H_A,H_A,2,2,0.45454545454545453
Other Western,2008,H_A,P_D,0,2,0.09090909090909091
Other Western,2008,H_A,P_A,0,2,0.09090909090909091
Other Western,2008,H_D,D,0,3,0.07692307692307693
Other Western,2008,H_D,A,0,3,0.07692307692307693
Other Western,2008,H_D,H_D,3,3,0.5384615384615384
Other Western,2008,H_D,H_A,0,3,0.07692307692307693
Other Western,2008,H_D,P_D,0,3,0.07692307692307693
Other Western,2008,H_D,P_A,0,3,0.07692307692307693
Other Western,2009,D,D,0,1,0.1111111111111111
Other Western,2009,D,A,0,1,0.1111111111111111
Other Western,2009,D,H_D,1,1,0.3333333333333333
Other Western,2009,D,H_A,0,1,0.1111111111111111
Other Western,2009,D,P_D,0,1,0.1111111111111111
Other Western,2009,D,P_A,0,1,0.1111111111111111
Other Western,2009,H_A,D,0,2,0.09090909090909091
Other Western,2009,H_A,A,0,2,0.09090909090909091
Other Western,2009,H_A,H_D,0,2,0.09090909090909091
Other Western,2009,H_A,H_A,2,2,0.45454545454545453
Other Western,2009,H_A,P_D,0,2,0.09090909090909091
Other Western,2009,H_A,P_A,0,2,0.09090909090909091
Other Western,2009,H_D,D,0,4,0.06666666666666667
Other Western,2009,H_D,A,0,4,0.06666666666666667
Other Western,2009,H_D,H_D,4,4,0.6
Other Western,2009,H_D,H_A,0,4,0.06666666666666667
Other Western,2009,H_D,P_D,0,4,0.06666666666666667
Other Western,2009,H_D,P_A,0,4,0.06666666666666667
Other Western,2010,H_A,D,0,2,0.09090909090909091
Other Western,2010,H_A,A,0,2,0.09090909090909091
Other Western,2010,H_A,H_D,0,2,0.09090909090909091
Other Western,2010,H_A,H_A,2,2,0.45454545454545453
Other Western,2010,H_A,P_D,0,2,0.09090909090909091
Other Western,2010,H_A,P_A,0,2,0.09090909090909091
Other Western,2010,H_D,D,0,7,0.047619047619047616
Other Western,2010,H_D,A,0,7,0.047619047619047616
Other Western,2010,H_D,H_D,6,7,0.6190476190476191
Other Western,2010,H_D,H_A,1,7,0.14285714285714285
Other Western,2010,H_D,P_D,0,7,0.047619047619047616
Other Western,2010,H_D,P_A,0,7,0.047619047619047616
Other Western,2011,H_A,D,0,3,0.07692307692307693
Other Western,2011,H_A,A,0,3,0.07692307692307693
Other Western,2011,H_A,H_D,0,3,0.07692307692307693
Other Western,2011,H_A,H_A,3,3,0.5384615384615384
Other Western,2011,H_A,P_D,0,3,0.07692307692307693
Other Western,2011,H_A,P_A,0,3,0.07692307692307693
Other Western,2011,H_D,D,0,7,0.047619047619047616
Other Western,2011,H_D,A,0,7,0.047619047619047616
Other Western,2011,H_D,H_D,7,7,0.7142857142857143
Other Western,2011,H_D,H_A,0,7,0.047619047619047616
Other Western,2011,H_D,P_D,0,7,0.047619047619047616
Other Western,2011,H_D,P_A,0,7,0.047619047619047616
Other Western,2012,H_A,D,0,3,0.07692307692307693
Other Western,2012,H_A,A,0,3,0.07692307692307693
Other Western,2012,H_A,H_D,0,3,0.07692307692307693
Other Western,2012,H_A,H_A,3,3,0.5384615384615384
Other Western,2012,H_A,P_D,0,3,0.07692307692307693
Other Western,2012,H_A,P_A,0,3,0.07692307692307693
Other Western,2012,H_D,D,0,8,0.043478260869565216
Other Western,2012,H_D,A,0,8,0.043478260869565216
Other Western,2012,H_D,H_D,8,8,0.7391304347826086
Other Western,2012,H_D,H_A,0,8,0.043478260869565216
Other Western,2012,H_D,P_D,0,8,0.043478260869565216
Other Western,2012,H_D,P_A,0,8,0.043478260869565216
Other Western,2013,H_A,D,0,3,0.07692307692307693
Other Western,2013,H_A,A,0,3,0.07692307692307693
Other Western,2013,H_A,H_D,0,3,0.07692307692307693
Other Western,2013,H_A,H_A,3,3,0.5384615384615384
Other Western,2013,H_A,P_D,0,3,0.07692307692307693
Other Western,2013,H_A,P_A,0,3,0.07692307692307693
Other Western,2013,H_D,D,0,8,0.043478260869565216
Other Western,2013,H_D,A,0,8,0.043478260869565216
Other Western,2013,H_D,H_D,8,8,0.7391304347826086
Other Western,2013,H_D,H_A,0,8,0.043478260869565216
Other Western,2013,H_D,P_D,0,8,0.043478260869565216
Other Western,2013,H_D,P_A,0,8,0.043478260869565216
Other Western,2014,D,D,2,2,0.45454545454545453
Other Western,2014,D,A,0,2,0.09090909090909091
Other Western,2014,D,H_D,0,2,0.09090909090909091
Other Western,2014,D,H_A,0,2,0.09090909090909091
Other Western,2014,D,P_D,0,2,0.09090909090909091
Other Western,2014,D,P_A,0,2,0.09090909090909091
Other Western,2014,H_A,D,0,4,0.06666666666666667
Other Western,2014,H_A,A,0,4,0.06666666666666667
Other Western,2014,H_A,H_D,1,4,0.2
Other Western,2014,H_A,H_A,3,4,0.4666666666666667
Other Western,2014,H_A,P_D,0,4,0.06666666666666667
Other Western,2014,H_A,P_A,0,4,0.06666666666666667
Other Western,2014,H_D,D,0,8,0.043478260869565216
Other Western,2014,H_D,A,0,8,0.043478260869565216
Other Western,2014,H_D,H_D,7,8,0.6521739130434783
Other Western,2014,H_D,H_A,1,8,0.13043478260869565
Other Western,2014,H_D,P_D,0,8,0.043478260869565216
Other Western,2014,H_D,P_A,0,8,0.043478260869565216
Other Western,2015,D,D,1,2,0.2727272727272727
Other Western,2015,D,A,0,2,0.09090909090909091
Other Western,2015,D,H_D,1,2,0.2727272727272727
Other Western,2015,D,H_A,0,2,0.09090909090909091
Other Western,2015,D,P_D,0,2,0.09090909090909091
Other Western,2015,D,P_A,0,2,0.09090909090909091
Other Western,2015,H_A,D,0,4,0.06666666666666667
Other Western,2015,H_A,A,0,4,0.06666666666666667
Other Western,2015,H_A,H_D,0,4,0.06666666666666667
Other Western,2015,H_A,H_A,4,4,0.6
Other Western,2015,H_A,P_D,0,4,0.06666666666666667
Other Western,2015,H_A,P_A,0,4,0.06666666666666667
Other Western,2015,H_D,D,0,8,0.043478260869565216
Other Western,2015,H_D,A,0,8,0.043478260869565216
Other Western,2015,H_D,H_D,8,8,0.7391304347826086
Other Western,2015,H_D,H_A,0,8,0.043478260869565216
Other Western,2015,H_D,P_D,0,8,0.043478260869565216
Other Western,2015,H_D,P_A,0,8,0.043478260869565216
Other Western,2016,D,D,1,2,0.2727272727272727
Other Western,2016,D,A,0,2,0.09090909090909091
Other Western,2016,D,H_D,1,2,0.2727272727272727
Other Western,2016,D,H_A,0,2,0.09090909090909091
Other Western,2016,D,P_D,0,2,0.09090909090909091
Other Western,2016,D,P_A,0,2,0.09090909090909091
Other Western,2016,H_A,D,0,4,0.06666666666666667
Other Western,2016,H_A,A,0,4,0.06666666666666667
Other Western,2016,H_A,H_D,1,4,0.2
Other Western,2016,H_A,H_A,3,4,0.4666666666666667
Other Western,2016,H_A,P_D,0,4,0.06666666666666667
Other Western,2016,H_A,P_A,0,4,0.06666666666666667
Other Western,2016,H_D,D,0,9,0.04
Other Western,2016,H_D,A,0,9,0.04
Other Western,2016,H_D,H_D,9,9,0.76
Other Western,2016,H_D,H_A,0,9,0.04
Other Western,2016,H_D,P_D,0,9,0.04
Other Western,2016,H_D,P_A,0,9,0.04
Other Western,2017,D,D,1,1,0.3333333333333333
Other Western,2017,D,A,0,1,0.1111111111111111
Other Western,2017,D,H_D,0,1,0.1111111111111111
Other Western,2017,D,H_A,0,1,0.1111111111111111
Other Western,2017,D,P_D,0,1,0.1111111111111111
Other Western,2017,D,P_A,0,1,0.1111111111111111
Other Western,2017,H_A,D,0,3,0.07692307692307693
Other Western,2017,H_A,A,0,3,0.07692307692307693
Other Western,2017,H_A,H_D,0,3,0.07692307692307693
Other Western,2017,H_A,H_A,3,3,0.5384615384615384
Other Western,2017,H_A,P_D,0,3,0.07692307692307693
Other Western,2017,H_A,P_A,0,3,0.07692307692307693
Other Western,2017,H_D,D,0,11,0.034482758620689655
Other Western,2017,H_D,A,0,11,0.034482758620689655
Other Western,2017,H_D,H_D,7,11,0.5172413793103449
Other Western,2017,H_D,H_A,3,11,0.2413793103448276
Other Western,2017,H_D,P_D,1,11,0.10344827586206896
Other Western,2017,H_D,P_A,0,11,0.034482758620689655
Other Western,2018,D,D,1,1,0.3333333333333333
Other Western,2018,D,A,0,1,0.1111111111111111
Other Western,2018,D,H_D,0,1,0.1111111111111111
Other Western,2018,D,H_A,0,1,0.1111111111111111
Other Western,2018,D,P_D,0,1,0.1111111111111111
Other Western,2018,D,P_A,0,1,0.1111111111111111
Other Western,2018,H_A,D,0,6,0.05263157894736842
Other Western,2018,H_A,A,0,6,0.05263157894736842
Other Western,2018,H_A,H_D,1,6,0.15789473684210525
Other Western,2018,H_A,H_A,5,6,0.5789473684210527
Other Western,2018,H_A,P_D,0,6,0.05263157894736842
Other Western,2018,H_A,P_A,0,6,0.05263157894736842
Other Western,2018,H_D,D,0,7,0.047619047619047616
Other Western,2018,H_D,A,0,7,0.047619047619047616
Other Western,2018,H_D,H_D,6,7,0.6190476190476191
Other Western,2018,H_D,H_A,0,7,0.047619047619047616
Other Western,2018,H_D,P_D,1,7,0.14285714285714285
Other Western,2018,H_D,P_A,0,7,0.047619047619047616
Other Western,2018,P_D,D,0,1,0.1111111111111111
Other Western,2018,P_D,A,0,1,0.1111111111111111
Other Western,2018,P_D,H_D,0,1,0.1111111111111111
Other Western,2018,P_D,H_A,0,1,0.1111111111111111
Other Western,2018,P_D,P_D,1,1,0.3333333333333333
Other Western,2018,P_D,P_A,0,1,0.1111111111111111
Other Western,2019,D,D,1,1,0.3333333333333333
Other Western,2019,D,A,0,1,0.1111111111111111
Other Western,2019,D,H_D,0,1,0.1111111111111111
Other Western,2019,D,H_A,0,1,0.1111111111111111
Other Western,2019,D,P_D,0,1,0.1111111111111111
Other Western,2019,D,P_A,0,1,0.1111111111111111
Other Western,2019,H_A,D,0,5,0.058823529411764705
Other Western,2019,H_A,A,0,5,0.058823529411764705
Other Western,2019,H_A,H_D,1,5,0.17647058823529413
Other Western,2019,H_A,H_A,3,5,0.4117647058823529
Other Western,2019,H_A,P_D,0,5,0.058823529411764705
Other Western,2019,H_A,P_A,1,5,0.17647058823529413
Other Western,2019,H_D,D,0,7,0.047619047619047616
Other Western,2019,H_D,A,0,7,0.047619047619047616
Other Western,2019,H_D,H_D,6,7,0.6190476190476191
Other Western,2019,H_D,H_A,1,7,0.14285714285714285
Other Western,2019,H_D,P_D,0,7,0.047619047619047616
Other Western,2019,H_D,P_A,0,7,0.047619047619047616
Other Western,2019,P_D,D,0,2,0.09090909090909091
Other Western,2019,P_D,A,0,2,0.09090909090909091
Other Western,2019,P_D,H_D,0,2,0.09090909090909091
Other Western,2019,P_D,H_A,0,2,0.09090909090909091
Other Western,2019,P_D,P_D,2,2,0.45454545454545453
Other Western,2019,P_D,P_A,0,2,0.09090909090909091
Other Western,2020,D,D,1,1,0.3333333333333333
Other Western,2020,D,A,0,1,0.1111111111111111
Other Western,2020,D,H_D,0,1,0.1111111111111111
Other Western,2020,D,H_A,0,1,0.1111111111111111
Other Western,2020,D,P_D,0,1,0.1111111111111111
Other Western,2020,D,P_A,0,1,0.1111111111111111
Other Western,2020,H_A,D,0,4,0.06666666666666667
Other Western,2020,H_A,A,0,4,0.06666666666666667
Other Western,2020,H_A,H_D,1,4,0.2
Other Western,2020,H_A,H_A,3,4,0.4666666666666667
Other Western,2020,H_A,P_D,0,4,0.06666666666666667
Other Western,2020,H_A,P_A,0,4,0.06666666666666667
Other Western,2020,H_D,D,0,7,0.047619047619047616
Other Western,2020,H_D,A,0,7,0.047619047619047616
Other Western,2020,H_D,H_D,7,7,0.7142857142857143
Other Western,2020,H_D,H_A,0,7,0.047619047619047616
Other Western,2020,H_D,P_D,0,7,0.047619047619047616
Other Western,2020,H_D,P_A,0,7,0.047619047619047616
Other Western,2020,P_A,D,0,1,0.1111111111111111
Other Western,2020,P_A,A,0,1,0.1111111111111111
Other Western,2020,P_A,H_D,0,1,0.1111111111111111
Other Western,2020,P_A,H_A,0,1,0.1111111111111111
Other Western,2020,P_A,P_D,1,1,0.3333333333333333
Other Western,2020,P_A,P_A,0,1,0.1111111111111111
Other Western,2020,P_D,D,0,2,0.09090909090909091
Other Western,2020,P_D,A,0,2,0.09090909090909091
Other Western,2020,P_D,H_D,0,2,0.09090909090909091
Other Western,2020,P_D,H_A,0,2,0.09090909090909091
Other Western,2020,P_D,P_D,2,2,0.45454545454545453
Other Western,2020,P_D,P_A,0,2,0.09090909090909091
Other Western,2021,D,D,1,1,0.3333333333333333
Other Western,2021,D,A,0,1,0.1111111111111111
Other Western,2021,D,H_D,0,1,0.1111111111111111
Other Western,2021,D,H_A,0,1,0.1111111111111111
Other Western,2021,D,P_D,0,1,0.1111111111111111
Other Western,2021,D,P_A,0,1,0.1111111111111111
Other Western,2021,H_A,D,0,3,0.07692307692307693
Other Western,2021,H_A,A,0,3,0.07692307692307693
Other Western,2021,H_A,H_D,1,3,0.23076923076923078
Other Western,2021,H_A,H_A,1,3,0.23076923076923078
Other Western,2021,H_A,P_D,1,3,0.23076923076923078
Other Western,2021,H_A,P_A,0,3,0.07692307692307693
Other Western,2021,H_D,D,0,8,0.043478260869565216
Other Western,2021,H_D,A,0,8,0.043478260869565216
Other Western,2021,H_D,H_D,8,8,0.7391304347826086
Other Western,2021,H_D,H_A,0,8,0.043478260869565216
Other Western,2021,H_D,P_D,0,8,0.043478260869565216
Other Western,2021,H_D,P_A,0,8,0.043478260869565216
Other Western,2021,P_D,D,0,3,0.07692307692307693
Other Western,2021,P_D,A,0,3,0.07692307692307693
Other Western,2021,P_D,H_D,0,3,0.07692307692307693
Other Western,2021,P_D,H_A,0,3,0.07692307692307693
Other Western,2021,P_D,P_D,3,3,0.5384615384615384
Other Western,2021,P_D,P_A,0,3,0.07692307692307693
Other Western,2022,D,D,1,1,0.3333333333333333
Other Western,2022,D,A,0,1,0.1111111111111111
Other Western,2022,D,H_D,0,1,0.1111111111111111
Other Western,2022,D,H_A,0,1,0.1111111111111111
Other Western,2022,D,P_D,0,1,0.1111111111111111
Other Western,2022,D,P_A,0,1,0.1111111111111111
Other Western,2022,H_A,D,0,1,0.1111111111111111
Other Western,2022,H_A,A,0,1,0.1111111111111111
Other Western,2022,H_A,H_D,0,1,0.1111111111111111
Other Western,2022,H_A,H_A,0,1,0.1111111111111111
Other Western,2022,H_A,P_D,0,1,0.1111111111111111
Other Western,2022,H_A,P_A,1,1,0.3333333333333333
Other Western,2022,H_D,D,0,9,0.04
Other Western,2022,H_D,A,0,9,0.04
Other Western,2022,H_D,H_D,9,9,0.76
Other Western,2022,H_D,H_A,0,9,0.04
Other Western,2022,H_D,P_D,0,9,0.04
Other Western,2022,H_D,P_A,0,9,0.04
Other Western,2022,P_D,D,0,4,0.06666666666666667
Other Western,2022,P_D,A,0,4,0.06666666666666667
Other Western,2022,P_D,H_D,0,4,0.06666666666666667
Other Western,2022,P_D,H_A,0,4,0.06666666666666667
Other Western,2022,P_D,P_D,4,4,0.6
Other Western,2022,P_D,P_A,0,4,0.06666666666666667
Other Western,2023,D,D,0,1,0.1111111111111111
Other Western,2023,D,A,0,1,0.1111111111111111
Other Western,2023,D,H_D,0,1,0.1111111111111111
Other Western,2023,D,H_A,0,1,0.1111111111111111
Other Western,2023,D,P_D,0,1,0.1111111111111111
Other Western,2023,D,P_A,0,1,0.1111111111111111
Other Western,2023,H_D,D,0,9,0.04
Other Western,2023,H_D,A,0,9,0.04
Other Western,2023,H_D,H_D,0,9,0.04
Other Western,2023,H_D,H_A,0,9,0.04
Other Western,2023,H_D,P_D,0,9,0.04
Other Western,2023,H_D,P_A,0,9,0.04
Other Western,2023,P_A,D,0,1,0.1111111111111111
Other Western,2023,P_A,A,0,1,0.1111111111111111
Other Western,2023,P_A,H_D,0,1,0.1111111111111111
Other Western,2023,P_A,H_A,0,1,0.1111111111111111
Other Western,2023,P_A,P_D,0,1,0.1111111111111111
Other Western,2023,P_A,P_A,0,1,0.1111111111111111
Other Western,2023,P_D,D,0,4,0.06666666666666667
Other Western,2023,P_D,A,0,4,0.06666666666666667
Other Western,2023,P_D,H_D,0,4,0.06666666666666667
Other Western,2023,P_D,H_A,0,4,0.06666666666666667
Other Western,2023,P_D,P_D,0,4,0.06666666666666667
Other Western,2023,P_D,P_A,0,4,0.06666666666666667
Sinic,2000,A,D,0,1,0.1111111111111111
Sinic,2000,A,A,1,1,0.3333333333333333
Sinic,2000,A,H_D,0,1,0.1111111111111111
Sinic,2000,A,H_A,0,1,0.1111111111111111
Sinic,2000,A,P_D,0,1,0.1111111111111111
Sinic,2000,A,P_A,0,1,0.1111111111111111
Sinic,2000,D,D,2,2,0.45454545454545453
Sinic,2000,D,A,0,2,0.09090909090909091
Sinic,2000,D,H_D,0,2,0.09090909090909091
Sinic,2000,D,H_A,0,2,0.09090909090909091
Sinic,2000,D,P_D,0,2,0.09090909090909091
Sinic,2000,D,P_A,0,2,0.09090909090909091
Sinic,2001,A,D,0,1,0.1111111111111111
Sinic,2001,A,A,1,1,0.3333333333333333
Sinic,2001,A,H_D,0,1,0.1111111111111111
Sinic,2001,A,H_A,0,1,0.1111111111111111
Sinic,2001,A,P_D,0,1,0.1111111111111111
Sinic,2001,A,P_A,0,1,0.1111111111111111
Sinic,2001,D,D,4,4,0.6
Sinic,2001,D,A,0,4,0.06666666666666667
Sinic,2001,D,H_D,0,4,0.06666666666666667
Sinic,2001,D,H_A,0,4,0.06666666666666667
Sinic,2001,D,P_D,0,4,0.06666666666666667
Sinic,2001,D,P_A,0,4,0.06666666666666667
Sinic,2002,A,D,0,1,0.1111111111111111
Sinic,2002,A,A,1,1,0.3333333333333333
Sinic,2002,A,H_D,0,1,0.1111111111111111
Sinic,2002,A,H_A,0,1,0.1111111111111111
Sinic,2002,A,P_D,0,1,0.1111111111111111
Sinic,2002,A,P_A,0,1,0.1111111111111111
Sinic,2002,D,D,4,5,0.5294117647058824
Sinic,2002,D,A,0,5,0.058823529411764705
Sinic,2002,D,H_D,1,5,0.17647058823529413
Sinic,2002,D,H_A,0,5,0.058823529411764705
Sinic,2002,D,P_D,0,5,0.058823529411764705
Sinic,2002,D,P_A,0,5,0.058823529411764705
Sinic,2003,A,D,0,1,0.1111111111111111
Sinic,2003,A,A,1,1,0.3333333333333333
Sinic,2003,A,H_D,0,1,0.1111111111111111
Sinic,2003,A,H_A,0,1,0.1111111111111111
Sinic,2003,A,P_D,0,1,0.1111111111111111
Sinic,2003,A,P_A,0,1,0.1111111111111111
Sinic,2003,D,D,5,6,0.5789473684210527
Sinic,2003,D,A,0,6,0.05263157894736842
Sinic,2003,D,H_D,1,6,0.15789473684210525
Sinic,2003,D,H_A,0,6,0.05263157894736842
Sinic,2003,D,P_D,0,6,0.05263157894736842
Sinic,2003,D,P_A,0,6,0.05263157894736842
Sinic,2003,H_D,D,0,2,0.09090909090909091
Sinic,2003,H_D,A,0,2,0.09090909090909091
Sinic,2003,H_D,H_D,2,2,0.45454545454545453
Sinic,2003,H_D,H_A,0,2,0.09090909090909091
Sinic,2003,H_D,P_D,0,2,0.09090909090909091
Sinic,2003,H_D,P_A,0,2,0.09090909090909091
Sinic,2004,A,D,0,2,0.09090909090909091
Sinic,2004,A,A,2,2,0.45454545454545453
Sinic,2004,A,H_D,0,2,0.09090909090909091
Sinic,2004,A,H_A,0,2,0.09090909090909091
Sinic,2004,A,P_D,0,2,0.09090909090909091
Sinic,2004,A,P_A,0,2,0.09090909090909091
Sinic,2004,D,D,6,7,0.6190476190476191
Sinic,2004,D,A,0,7,0.047619047619047616
Sinic,2004,D,H_D,0,7,0.047619047619047616
Sinic,2004,D,H_A,1,7,0.14285714285714285
Sinic,2004,D,P_D,0,7,0.047619047619047616
Sinic,2004,D,P_A,0,7,0.047619047619047616
Sinic,2004,H_D,D,0,3,0.07692307692307693
Sinic,2004,H_D,A,0,3,0.07692307692307693
Sinic,2004,H_D,H_D,3,3,0.5384615384615384
Sinic,2004,H_D,H_A,0,3,0.07692307692307693
Sinic,2004,H_D,P_D,0,3,0.07692307692307693
Sinic,2004,H_D,P_A,0,3,0.07692307692307693
Sinic,2005,A,D,0,2,0.09090909090909091
Sinic,2005,A,A,2,2,0.45454545454545453
Sinic,2005,A,H_D,0,2,0.09090909090909091
Sinic,2005,A,H_A,0,2,0.09090909090909091
Sinic,2005,A,P_D,0,2,0.09090909090909091
Sinic,2005,A,P_A,0,2,0.09090909090909091
Sinic,2005,D,D,9,9,0.76
Sinic,2005,D,A,0,9,0.04
Sinic,2005,D,H_D,0,9,0.04
Sinic,2005,D,H_A,0,9,0.04
Sinic,2005,D,P_D,0,9,0.04
Sinic,2005,D,P_A,0,9,0.04
Sinic,2005,H_A,D,0,1,0.1111111111111111
Sinic,2005,H_A,A,0,1,0.1111111111111111
Sinic,2005,H_A,H_D,0,1,0.1111111111111111
Sinic,2005,H_A,H_A,1,1,0.3333333333333333
Sinic,2005,H_A,P_D,0,1,0.1111111111111111
Sinic,2005,H_A,P_A,0,1,0.1111111111111111
Sinic,2005,H_D,D,0,3,0.07692307692307693
Sinic,2005,H_D,A,0,3,0.07692307692307693
Sinic,2005,H_D,H_D,3,3,0.5384615384615384
Sinic,2005,H_D,H_A,0,3,0.07692307692307693
Sinic,2005,H_D,P_D,0,3,0.07692307692307693
Sinic,2005,H_D,P_A,0,3,0.07692307692307693
Sinic,2006,A,D,1,3,0.23076923076923078
Sinic,2006,A,A,2,3,0.38461538461538464
Sinic,2006,A,H_D,0,3,0.07692307692307693
Sinic,2006,A,H_A,0,3,0.07692307692307693
Sinic,2006,A,P_D,0,3,0.07692307692307693
Sinic,2006,A,P_A,0,3,0.07692307692307693
Sinic,2006,D,D,10,11,0.7241379310344828
Sinic,2006,D,A,0,11,0.034482758620689655
Sinic,2006,D,H_D,1,11,0.10344827586206896
Sinic,2006,D,H_A,0,11,0.034482758620689655
Sinic,2006,D,P_D,0,11,0.034482758620689655
Sinic,2006,D,P_A,0,11,0.034482758620689655
Sinic,2006,H_A,D,0,1,0.1111111111111111
Sinic,2006,H_A,A,0,1,0.1111111111111111
Sinic,2006,H_A,H_D,0,1,0.1111111111111111
Sinic,2006,H_A,H_A,1,1,0.3333333333333333
Sinic,2006,H_A,P_D,0,1,0.1111111111111111
Sinic,2006,H_A,P_A,0,1,0.1111111111111111
Sinic,2006,H_D,D,0,4,0.06666666666666667
Sinic,2006,H_D,A,0,4,0.06666666666666667
Sinic,2006,H_D,H_D,4,4,0.6
Sinic,2006,H_D,H_A,0,4,0.06666666666666667
Sinic,2006,H_D,P_D,0,4,0.06666666666666667
Sinic,2006,H_D,P_A,0,4,0.06666666666666667
Sinic,2007,A,D,0,2,0.09090909090909091
Sinic,2007,A,A,2,2,0.45454545454545453
Sinic,2007,A,H_D,0,2,0.09090909090909091
Sinic,2007,A,H_A,0,2,0.09090909090909091
Sinic,2007,A,P_D,0,2,0.09090909090909091
Sinic,2007,A,P_A,0,2,0.09090909090909091
Sinic,2007,D,D,13,14,0.7714285714285715
Sinic,2007,D,A,0,14,0.02857142857142857
Sinic,2007,D,H_D,0,14,0.02857142857142857
Sinic,2007,D,H_A,0,14,0.02857142857142857
Sinic,2007,D,P_D,1,14,0.08571428571428572
Sinic,2007,D,P_A,0,14,0.02857142857142857
Sinic,2007,H_A,D,0,2,0.09090909090909091
Sinic,2007,H_A,A,0,2,0.09090909090909091
Sinic,2007,H_A,H_D,0,2,0.09090909090909091
Sinic,2007,H_A,H_A,2,2,0.45454545454545453
Sinic,2007,H_A,P_D,0,2,0.09090909090909091
Sinic,2007,H_A,P_A,0,2,0.09090909090909091
Sinic,2007,H_D,D,0,6,0.05263157894736842
Sinic,2007,H_D,A,0,6,0.05263157894736842
Sinic,2007,H_D,H_D,6,6,0.6842105263157895
Sinic,2007,H_D,H_A,0,6,0.05263157894736842
Sinic,2007,H_D,P_D,0,6,0.05263157894736842
Sinic,2007,H_D,P_A,0,6,0.05263157894736842
Sinic,2008,A,D,0,2,0.09090909090909091
Sinic,2008,A,A,2,2,0.45454545454545453
Sinic,2008,A,H_D,0,2,0.09090909090909091
Sinic,2008,A,H_A,0,2,0.09090909090909091
Sinic,2008,A,P_D,0,2,0.09090909090909091
Sinic,2008,A,P_A,0,2,0.09090909090909091
Sinic,2008,D,D,14,15,0.7837837837837838
Sinic,2008,D,A,0,15,0.02702702702702703
Sinic,2008,D,H_D,0,15,0.02702702702702703
Sinic,2008,D,H_A,1,15,0.08108108108108109
Sinic,2008,D,P_D,0,15,0.02702702702702703
Sinic,2008,D,P_A,0,15,0.02702702702702703
Sinic,2008,H_A,D,0,2,0.09090909090909091
Sinic,2008,H_A,A,0,2,0.09090909090909091
Sinic,2008,H_A,H_D,0,2,0.09090909090909091
Sinic,2008,H_A,H_A,2,2,0.45454545454545453
Sinic,2008,H_A,P_D,0,2,0.09090909090909091
Sinic,2008,H_A,P_A,0,2,0.09090909090909091
Sinic,2008,H_D,D,0,6,0.05263157894736842
Sinic,2008,H_D,A,0,6,0.05263157894736842
Sinic,2008,H_D,H_D,6,6,0.6842105263157895
Sinic,2008,H_D,H_A,0,6,0.05263157894736842
Sinic,2008,H_D,P_D,0,6,0.05263157894736842
Sinic,2008,H_D,P_A,0,6,0.05263157894736842
Sinic,2008,P_D,D,0,1,0.1111111111111111
Sinic,2008,P_D,A,0,1,0.1111111111111111
Sinic,2008,P_D,H_D,0,1,0.1111111111111111
Sinic,2008,P_D,H_A,0,1,0.1111111111111111
Sinic,2008,P_D,P_D,1,1,0.3333333333333333
Sinic,2008,P_D,P_A,0,1,0.1111111111111111
Sinic,2009,A,D,0,2,0.09090909090909091
Sinic,2009,A,A,2,2,0.45454545454545453
Sinic,2009,A,H_D,0,2,0.09090909090909091
Sinic,2009,A,H_A,0,2,0.09090909090909091
Sinic,2009,A,P_D,0,2,0.09090909090909091
Sinic,2009,A,P_A,0,2,0.09090909090909091
Sinic,2009,D,D,13,15,0.7297297297297297
Sinic,2009,D,A,0,15,0.02702702702702703
Sinic,2009,D,H_D,2,15,0.13513513513513514
Sinic,2009,D,H_A,0,15,0.02702702702702703
Sinic,2009,D,P_D,0,15,0.02702702702702703
Sinic,2009,D,P_A,0,15,0.02702702702702703
Sinic,2009,H_A,D,0,3,0.07692307692307693
Sinic,2009,H_A,A,0,3,0.07692307692307693
Sinic,2009,H_A,H_D,0,3,0.07692307692307693
Sinic,2009,H_A,H_A,3,3,0.5384615384615384
Sinic,2009,H_A,P_D,0,3,0.07692307692307693
Sinic,2009,H_A,P_A,0,3,0.07692307692307693
Sinic,2009,H_D,D,0,6,0.05263157894736842
Sinic,2009,H_D,A,0,6,0.05263157894736842
Sinic,2009,H_D,H_D,6,6,0.6842105263157895
Sinic,2009,H_D,H_A,0,6,0.05263157894736842
Sinic,2009,H_D,P_D,0,6,0.05263157894736842
Sinic,2009,H_D,P_A,0,6,0.05263157894736842
Sinic,2009,P_D,D,0,1,0.1111111111111111
Sinic,2009,P_D,A,0,1,0.1111111111111111
Sinic,2009,P_D,H_D,0,1,0.1111111111111111
Sinic,2009,P_D,H_A,0,1,0.1111111111111111
Sinic,2009,P_D,P_D,1,1,0.3333333333333333
Sinic,2009,P_D,P_A,0,1,0.1111111111111111
Sinic,2010,A,D,0,2,0.09090909090909091
Sinic,2010,A,A,1,2,0.2727272727272727
Sinic,2010,A,H_D,1,2,0.2727272727272727
Sinic,2010,A,H_A,0,2,0.09090909090909091
Sinic,2010,A,P_D,0,2,0.09090909090909091
Sinic,2010,A,P_A,0,2,0.09090909090909091
Sinic,2010,D,D,14,15,0.7837837837837838
Sinic,2010,D,A,0,15,0.02702702702702703
Sinic,2010,D,H_D,1,15,0.08108108108108109
Sinic,2010,D,H_A,0,15,0.02702702702702703
Sinic,2010,D,P_D,0,15,0.02702702702702703
Sinic,2010,D,P_A,0,15,0.02702702702702703
Sinic,2010,H_A,D,0,3,0.07692307692307693
Sinic,2010,H_A,A,0,3,0.07692307692307693
Sinic,2010,H_A,H_D,0,3,0.07692307692307693
Sinic,2010,H_A,H_A,3,3,0.5384615384615384
Sinic,2010,H_A,P_D,0,3,0.07692307692307693
Sinic,2010,H_A,P_A,0,3,0.07692307692307693
Sinic,2010,H_D,D,0,8,0.043478260869565216
Sinic,2010,H_D,A,0,8,0.043478260869565216
Sinic,2010,H_D,H_D,7,8,0.6521739130434783
Sinic,2010,H_D,H_A,1,8,0.13043478260869565
Sinic,2010,H_D,P_D,0,8,0.043478260869565216
Sinic,2010,H_D,P_A,0,8,0.043478260869565216
Sinic,2010,P_D,D,0,1,0.1111111111111111
Sinic,2010,P_D,A,0,1,0.1111111111111111
Sinic,2010,P_D,H_D,0,1,0.1111111111111111
Sinic,2010,P_D,H_A,0,1,0.1111111111111111
Sinic,2010,P_D,P_D,1,1,0.3333333333333333
Sinic,2010,P_D,P_A,0,1,0.1111111111111111
Sinic,2011,A,D,0,1,0.1111111111111111
Sinic,2011,A,A,1,1,0.3333333333333333
Sinic,2011,A,H_D,0,1,0.1111111111111111
Sinic,2011,A,H_A,0,1,0.1111111111111111
Sinic,2011,A,P_D,0,1,0.1111111111111111
Sinic,2011,A,P_A,0,1,0.1111111111111111
Sinic,2011,D,D,13,16,0.6923076923076923
Sinic,2011,D,A,0,16,0.02564102564102564
Sinic,2011,D,H_D,3,16,0.1794871794871795
Sinic,2011,D,H_A,0,16,0.02564102564102564
Sinic,2011,D,P_D,0,16,0.02564102564102564
Sinic,2011,D,P_A,0,16,0.02564102564102564
Sinic,2011,H_A,D,0,5,0.058823529411764705
Sinic,2011,H_A,A,0,5,0.058823529411764705
Sinic,2011,H_A,H_D,1,5,0.17647058823529413
Sinic,2011,H_A,H_A,4,5,0.5294117647058824
Sinic,2011,H_A,P_D,0,5,0.058823529411764705
Sinic,2011,H_A,P_A,0,5,0.058823529411764705
Sinic,2011,H_D,D,0,10,0.037037037037037035
Sinic,2011,H_D,A,0,10,0.037037037037037035
Sinic,2011,H_D,H_D,10,10,0.7777777777777778
Sinic,2011,H_D,H_A,0,10,0.037037037037037035
Sinic,2011,H_D,P_D,0,10,0.037037037037037035
Sinic,2011,H_D,P_A,0,10,0.037037037037037035
Sinic,2011,P_D,D,0,1,0.1111111111111111
Sinic,2011,P_D,A,0,1,0.1111111111111111
Sinic,2011,P_D,H_D,0,1,0.1111111111111111
Sinic,2011,P_D,H_A,0,1,0.1111111111111111
Sinic,2011,P_D,P_D,1,1,0.3333333333333333
Sinic,2011,P_D,P_A,0,1,0.1111111111111111
Sinic,2012,A,D,0,1,0.1111111111111111
Sinic,2012,A,A,0,1,0.1111111111111111
Sinic,2012,A,H_D,0,1,0.1111111111111111
Sinic,2012,A,H_A,1,1,0.3333333333333333
Sinic,2012,A,P_D,0,1,0.1111111111111111
Sinic,2012,A,P_A,0,1,0.1111111111111111
Sinic,2012,D,D,13,13,0.8181818181818182
Sinic,2012,D,A,0,13,0.030303030303030304
Sinic,2012,D,H_D,0,13,0.030303030303030304
Sinic,2012,D,H_A,0,13,0.030303030303030304
Sinic,2012,D,P_D,0,13,0.030303030303030304
Sinic,2012,D,P_A,0,13,0.030303030303030304
Sinic,2012,H_A,D,0,4,0.06666666666666667
Sinic,2012,H_A,A,0,4,0.06666666666666667
Sinic,2012,H_A,H_D,0,4,0.06666666666666667
Sinic,2012,H_A,H_A,4,4,0.6
Sinic,2012,H_A,P_D,0,4,0.06666666666666667
Sinic,2012,H_A,P_A,0,4,0.06666666666666667
Sinic,2012,H_D,D,0,14,0.02857142857142857
Sinic,2012,H_D,A,0,14,0.02857142857142857
Sinic,2012,H_D,H_D,14,14,0.8285714285714286
Sinic,2012,H_D,H_A,0,14,0.02857142857142857
Sinic,2012,H_D,P_D,0,14,0.02857142857142857
Sinic,2012,H_D,P_A,0,14,0.02857142857142857
Sinic,2012,P_D,D,0,1,0.1111111111111111
Sinic,2012,P_D,A,0,1,0.1111111111111111
Sinic,2012,P_D,H_D,0,1,0.1111111111111111
Sinic,2012,P_D,H_A,0,1,0.1111111111111111
Sinic,2012,P_D,P_D,1,1,0.3333333333333333
Sinic,2012,P_D,P_A,0,1,0.1111111111111111
Sinic,2013,D,D,15,17,0.7560975609756098
Sinic,2013,D,A,0,17,0.024390243902439025
Sinic,2013,D,H_D,2,17,0.12195121951219512
Sinic,2013,D,H_A,0,17,0.024390243902439025
Sinic,2013,D,P_D,0,17,0.024390243902439025
Sinic,2013,D,P_A,0,17,0.024390243902439025
Sinic,2013,H_A,D,0,5,0.058823529411764705
Sinic,2013,H_A,A,0,5,0.058823529411764705
Sinic,2013,H_A,H_D,1,5,0.17647058823529413
Sinic,2013,H_A,H_A,4,5,0.5294117647058824
Sinic,2013,H_A,P_D,0,5,0.058823529411764705
Sinic,2013,H_A,P_A,0,5,0.058823529411764705
Sinic,2013,H_D,D,0,14,0.02857142857142857
Sinic,2013,H_D,A,0,14,0.02857142857142857
Sinic,2013,H_D,H_D,14,14,0.8285714285714286
Sinic,2013,H_D,H_A,0,14,0.02857142857142857
Sinic,2013,H_D,P_D,0,14,0.02857142857142857
Sinic,2013,H_D,P_A,0,14,0.02857142857142857
Sinic,2013,P_D,D,0,1,0.1111111111111111
Sinic,2013,P_D,A,0,1,0.1111111111111111
Sinic,2013,P_D,H_D,0,1,0.1111111111111111
Sinic,2013,P_D,H_A,0,1,0.1111111111111111
Sinic,2013,P_D,P_D,1,1,0.3333333333333333
Sinic,2013,P_D,P_A,0,1,0.1111111111111111
Sinic,2014,D,D,14,17,0.7073170731707317
Sinic,2014,D,A,2,17,0.12195121951219512
Sinic,2014,D,H_D,1,17,0.07317073170731707
Sinic,2014,D,H_A,0,17,0.024390243902439025
Sinic,2014,D,P_D,0,17,0.024390243902439025
Sinic,2014,D,P_A,0,17,0.024390243902439025
Sinic,2014,H_A,D,0,4,0.06666666666666667
Sinic,2014,H_A,A,0,4,0.06666666666666667
Sinic,2014,H_A,H_D,0,4,0.06666666666666667
Sinic,2014,H_A,H_A,4,4,0.6
Sinic,2014,H_A,P_D,0,4,0.06666666666666667
Sinic,2014,H_A,P_A,0,4,0.06666666666666667
Sinic,2014,H_D,D,0,17,0.024390243902439025
Sinic,2014,H_D,A,0,17,0.024390243902439025
Sinic,2014,H_D,H_D,16,17,0.8048780487804879
Sinic,2014,H_D,H_A,1,17,0.07317073170731707
Sinic,2014,H_D,P_D,0,17,0.024390243902439025
Sinic,2014,H_D,P_A,0,17,0.024390243902439025
Sinic,2014,P_D,D,0,1,0.1111111111111111
Sinic,2014,P_D,A,0,1,0.1111111111111111
Sinic,2014,P_D,H_D,0,1,0.1111111111111111
Sinic,2014,P_D,H_A,0,1,0.1111111111111111
Sinic,2014,P_D,P_D,1,1,0.3333333333333333
Sinic,2014,P_D,P_A,0,1,0.1111111111111111
Sinic,2015,A,D,0,3,0.07692307692307693
Sinic,2015,A,A,2,3,0.38461538461538464
Sinic,2015,A,H_D,0,3,0.07692307692307693
Sinic,2015,A,H_A,1,3,0.23076923076923078
Sinic,2015,A,P_D,0,3,0.07692307692307693
Sinic,2015,A,P_A,0,3,0.07692307692307693
Sinic,2015,D,D,11,14,0.6571428571428571
Sinic,2015,D,A,0,14,0.02857142857142857
Sinic,2015,D,H_D,1,14,0.08571428571428572
Sinic,2015,D,H_A,1,14,0.08571428571428572
Sinic,2015,D,P_D,1,14,0.08571428571428572
Sinic,2015,D,P_A,0,14,0.02857142857142857
Sinic,2015,H_A,D,0,5,0.058823529411764705
Sinic,2015,H_A,A,0,5,0.058823529411764705
Sinic,2015,H_A,H_D,0,5,0.058823529411764705
Sinic,2015,H_A,H_A,5,5,0.6470588235294118
Sinic,2015,H_A,P_D,0,5,0.058823529411764705
Sinic,2015,H_A,P_A,0,5,0.058823529411764705
Sinic,2015,H_D,D,0,17,0.024390243902439025
Sinic,2015,H_D,A,0,17,0.024390243902439025
Sinic,2015,H_D,H_D,16,17,0.8048780487804879
Sinic,2015,H_D,H_A,1,17,0.07317073170731707
Sinic,2015,H_D,P_D,0,17,0.024390243902439025
Sinic,2015,H_D,P_A,0,17,0.024390243902439025
Sinic,2015,P_D,D,0,1,0.1111111111111111
Sinic,2015,P_D,A,0,1,0.1111111111111111
Sinic,2015,P_D,H_D,0,1,0.1111111111111111
Sinic,2015,P_D,H_A,0,1,0.1111111111111111
Sinic,2015,P_D,P_D,1,1,0.3333333333333333
Sinic,2015,P_D,P_A,0,1,0.1111111111111111
Sinic,2016,A,D,0,2,0.09090909090909091
Sinic,2016,A,A,2,2,0.45454545454545453
Sinic,2016,A,H_D,0,2,0.09090909090909091
Sinic,2016,A,H_A,0,2,0.09090909090909091
Sinic,2016,A,P_D,0,2,0.09090909090909091
Sinic,2016,A,P_A,0,2,0.09090909090909091
Sinic,2016,D,D,11,11,0.7931034482758621
Sinic,2016,D,A,0,11,0.034482758620689655
Sinic,2016,D,H_D,0,11,0.034482758620689655
Sinic,2016,D,H_A,0,11,0.034482758620689655
Sinic,2016,D,P_D,0,11,0.034482758620689655
Sinic,2016,D,P_A,0,11,0.034482758620689655
Sinic,2016,H_A,D,0,8,0.043478260869565216
Sinic,2016,H_A,A,0,8,0.043478260869565216
Sinic,2016,H_A,H_D,0,8,0.043478260869565216
Sinic,2016,H_A,H_A,7,8,0.6521739130434783
Sinic,2016,H_A,P_D,0,8,0.043478260869565216
Sinic,2016,H_A,P_A,1,8,0.13043478260869565
Sinic,2016,H_D,D,0,18,0.023255813953488372
Sinic,2016,H_D,A,0,18,0.023255813953488372
Sinic,2016,H_D,H_D,17,18,0.813953488372093
Sinic,2016,H_D,H_A,0,18,0.023255813953488372
Sinic,2016,H_D,P_D,1,18,0.06976744186046512
Sinic,2016,H_D,P_A,0,18,0.023255813953488372
Sinic,2016,P_D,D,0,2,0.09090909090909091
Sinic,2016,P_D,A,0,2,0.09090909090909091
Sinic,2016,P_D,H_D,0,2,0.09090909090909091
Sinic,2016,P_D,H_A,0,2,0.09090909090909091
Sinic,2016,P_D,P_D,2,2,0.45454545454545453
Sinic,2016,P_D,P_A,0,2,0.09090909090909091
Sinic,2017,A,D,0,2,0.09090909090909091
Sinic,2017,A,A,1,2,0.2727272727272727
Sinic,2017,A,H_D,0,2,0.09090909090909091
Sinic,2017,A,H_A,1,2,0.2727272727272727
Sinic,2017,A,P_D,0,2,0.09090909090909091
Sinic,2017,A,P_A,0,2,0.09090909090909091
Sinic,2017,D,D,10,11,0.7241379310344828
Sinic,2017,D,A,0,11,0.034482758620689655
Sinic,2017,D,H_D,1,11,0.10344827586206896
Sinic,2017,D,H_A,0,11,0.034482758620689655
Sinic,2017,D,P_D,0,11,0.034482758620689655
Sinic,2017,D,P_A,0,11,0.034482758620689655
Sinic,2017,H_A,D,0,7,0.047619047619047616
Sinic,2017,H_A,A,0,7,0.047619047619047616
Sinic,2017,H_A,H_D,0,7,0.047619047619047616
Sinic,2017,H_A,H_A,6,7,0.6190476190476191
Sinic,2017,H_A,P_D,0,7,0.047619047619047616
Sinic,2017,H_A,P_A,1,7,0.14285714285714285
Sinic,2017,H_D,D,0,17,0.024390243902439025
Sinic,2017,H_D,A,0,17,0.024390243902439025
Sinic,2017,H_D,H_D,14,17,0.7073170731707317
Sinic,2017,H_D,H_A,1,17,0.07317073170731707
Sinic,2017,H_D,P_D,2,17,0.12195121951219512
Sinic,2017,H_D,P_A,0,17,0.024390243902439025
Sinic,2017,P_A,D,0,1,0.1111111111111111
Sinic,2017,P_A,A,0,1,0.1111111111111111
Sinic,2017,P_A,H_D,0,1,0.1111111111111111
Sinic,2017,P_A,H_A,0,1,0.1111111111111111
Sinic,2017,P_A,P_D,1,1,0.3333333333333333
Sinic,2017,P_A,P_A,0,1,0.1111111111111111
Sinic,2017,P_D,D,0,3,0.07692307692307693
Sinic,2017,P_D,A,0,3,0.07692307692307693
Sinic,2017,P_D,H_D,0,3,0.07692307692307693
Sinic,2017,P_D,H_A,0,3,0.07692307692307693
Sinic,2017,P_D,P_D,3,3,0.5384615384615384
Sinic,2017,P_D,P_A,0,3,0.07692307692307693
Sinic,2018,A,D,0,1,0.1111111111111111
Sinic,2018,A,A,1,1,0.3333333333333333
Sinic,2018,A,H_D,0,1,0.1111111111111111
Sinic,2018,A,H_A,0,1,0.1111111111111111
Sinic,2018,A,P_D,0,1,0.1111111111111111
Sinic,2018,A,P_A,0,1,0.1111111111111111
Sinic,2018,D,D,8,10,0.6296296296296297
Sinic,2018,D,A,0,10,0.037037037037037035
Sinic,2018,D,H_D,1,10,0.1111111111111111
Sinic,2018,D,H_A,0,10,0.037037037037037035
Sinic,2018,D,P_D,0,10,0.037037037037037035
Sinic,2018,D,P_A,0,10,0.037037037037037035
Sinic,2018,H_A,D,0,8,0.043478260869565216
Sinic,2018,H_A,A,0,8,0.043478260869565216
Sinic,2018,H_A,H_D,0,8,0.043478260869565216
Sinic,2018,H_A,H_A,7,8,0.6521739130434783
Sinic,2018,H_A,P_D,0,8,0.043478260869565216
Sinic,2018,H_A,P_A,1,8,0.13043478260869565
Sinic,2018,H_D,D,0,15,0.02702702702702703
Sinic,2018,H_D,A,0,15,0.02702702702702703
Sinic,2018,H_D,H_D,13,15,0.7297297297297297
Sinic,2018,H_D,H_A,1,15,0.08108108108108109
Sinic,2018,H_D,P_D,1,15,0.08108108108108109
Sinic,2018,H_D,P_A,0,15,0.02702702702702703
Sinic,2018,P_A,D,0,1,0.1111111111111111
Sinic,2018,P_A,A,0,1,0.1111111111111111
Sinic,2018,P_A,H_D,0,1,0.1111111111111111
Sinic,2018,P_A,H_A,0,1,0.1111111111111111
Sinic,2018,P_A,P_D,0,1,0.1111111111111111
Sinic,2018,P_A,P_A,1,1,0.3333333333333333
Sinic,2018,P_D,D,0,6,0.05263157894736842
Sinic,2018,P_D,A,0,6,0.05263157894736842
Sinic,2018,P_D,H_D,0,6,0.05263157894736842
Sinic,2018,P_D,H_A,0,6,0.05263157894736842
Sinic,2018,P_D,P_D,6,6,0.6842105263157895
Sinic,2018,P_D,P_A,0,6,0.05263157894736842
Sinic,2019,A,D,0,1,0.1111111111111111
Sinic,2019,A,A,1,1,0.3333333333333333
Sinic,2019,A,H_D,0,1,0.1111111111111111
Sinic,2019,A,H_A,0,1,0.1111111111111111
Sinic,2019,A,P_D,0,1,0.1111111111111111
Sinic,2019,A,P_A,0,1,0.1111111111111111
Sinic,2019,D,D,8,8,0.7391304347826086
Sinic,2019,D,A,0,8,0.043478260869565216
Sinic,2019,D,H_D,0,8,0.043478260869565216
Sinic,2019,D,H_A,0,8,0.043478260869565216
Sinic,2019,D,P_D,0,8,0.043478260869565216
Sinic,2019,D,P_A,0,8,0.043478260869565216
Sinic,2019,H_A,D,0,8,0.043478260869565216
Sinic,2019,H_A,A,0,8,0.043478260869565216
Sinic,2019,H_A,H_D,1,8,0.13043478260869565
Sinic,2019,H_A,H_A,7,8,0.6521739130434783
Sinic,2019,H_A,P_D,0,8,0.043478260869565216
Sinic,2019,H_A,P_A,0,8,0.043478260869565216
Sinic,2019,H_D,D,0,14,0.02857142857142857
Sinic,2019,H_D,A,0,14,0.02857142857142857
Sinic,2019,H_D,H_D,13,14,0.7714285714285715
Sinic,2019,H_D,H_A,0,14,0.02857142857142857
Sinic,2019,H_D,P_D,1,14,0.08571428571428572
Sinic,2019,H_D,P_A,0,14,0.02857142857142857
Sinic,2019,P_A,D,0,2,0.09090909090909091
Sinic,2019,P_A,A,0,2,0.09090909090909091
Sinic,2019,P_A,H_D,0,2,0.09090909090909091
Sinic,2019,P_A,H_A,0,2,0.09090909090909091
Sinic,2019,P_A,P_D,0,2,0.09090909090909091
Sinic,2019,P_A,P_A,2,2,0.45454545454545453
Sinic,2019,P_D,D,0,7,0.047619047619047616
Sinic,2019,P_D,A,0,7,0.047619047619047616
Sinic,2019,P_D,H_D,0,7,0.047619047619047616
Sinic,2019,P_D,H_A,0,7,0.047619047619047616
Sinic,2019,P_D,P_D,7,7,0.7142857142857143
Sinic,2019,P_D,P_A,0,7,0.047619047619047616
Sinic,2020,A,D,1,1,0.3333333333333333
Sinic,2020,A,A,0,1,0.1111111111111111
Sinic,2020,A,H_D,0,1,0.1111111111111111
Sinic,2020,A,H_A,0,1,0.1111111111111111
Sinic,2020,A,P_D,0,1,0.1111111111111111
Sinic,2020,A,P_A,0,1,0.1111111111111111
Sinic,2020,D,D,8,8,0.7391304347826086
Sinic,2020,D,A,0,8,0.043478260869565216
Sinic,2020,D,H_D,0,8,0.043478260869565216
Sinic,2020,D,H_A,0,8,0.043478260869565216
Sinic,2020,D,P_D,0,8,0.043478260869565216
Sinic,2020,D,P_A,0,8,0.043478260869565216
Sinic,2020,H_A,D,0,7,0.047619047619047616
Sinic,2020,H_A,A,0,7,0.047619047619047616
Sinic,2020,H_A,H_D,2,7,0.23809523809523808
Sinic,2020,H_A,H_A,5,7,0.5238095238095238
Sinic,2020,H_A,P_D,0,7,0.047619047619047616
Sinic,2020,H_A,P_A,0,7,0.047619047619047616
Sinic,2020,H_D,D,0,14,0.02857142857142857
Sinic,2020,H_D,A,0,14,0.02857142857142857
Sinic,2020,H_D,H_D,12,14,0.7142857142857143
Sinic,2020,H_D,H_A,0,14,0.02857142857142857
Sinic,2020,H_D,P_D,2,14,0.14285714285714285
Sinic,2020,H_D,P_A,0,14,0.02857142857142857
Sinic,2020,P_A,D,0,2,0.09090909090909091
Sinic,2020,P_A,A,0,2,0.09090909090909091
Sinic,2020,P_A,H_D,0,2,0.09090909090909091
Sinic,2020,P_A,H_A,0,2,0.09090909090909091
Sinic,2020,P_A,P_D,2,2,0.45454545454545453
Sinic,2020,P_A,P_A,0,2,0.09090909090909091
Sinic,2020,P_D,D,0,8,0.043478260869565216
Sinic,2020,P_D,A,0,8,0.043478260869565216
Sinic,2020,P_D,H_D,0,8,0.043478260869565216
Sinic,2020,P_D,H_A,0,8,0.043478260869565216
Sinic,2020,P_D,P_D,8,8,0.7391304347826086
Sinic,2020,P_D,P_A,0,8,0.043478260869565216
Sinic,2021,D,D,8,9,0.68
Sinic,2021,D,A,1,9,0.12
Sinic,2021,D,H_D,0,9,0.04
Sinic,2021,D,H_A,0,9,0.04
Sinic,2021,D,P_D,0,9,0.04
Sinic,2021,D,P_A,0,9,0.04
Sinic,2021,H_A,D,0,5,0.058823529411764705
Sinic,2021,H_A,A,0,5,0.058823529411764705
Sinic,2021,H_A,H_D,0,5,0.058823529411764705
Sinic,2021,H_A,H_A,4,5,0.5294117647058824
Sinic,2021,H_A,P_D,0,5,0.058823529411764705
Sinic,2021,H_A,P_A,1,5,0.17647058823529413
Sinic,2021,H_D,D,0,14,0.02857142857142857
Sinic,2021,H_D,A,0,14,0.02857142857142857
Sinic,2021,H_D,H_D,14,14,0.8285714285714286
Sinic,2021,H_D,H_A,0,14,0.02857142857142857
Sinic,2021,H_D,P_D,0,14,0.02857142857142857
Sinic,2021,H_D,P_A,0,14,0.02857142857142857
Sinic,2021,P_D,D,0,12,0.03225806451612903
Sinic,2021,P_D,A,0,12,0.03225806451612903
Sinic,2021,P_D,H_D,0,12,0.03225806451612903
Sinic,2021,P_D,H_A,0,12,0.03225806451612903
Sinic,2021,P_D,P_D,12,12,0.8064516129032258
Sinic,2021,P_D,P_A,0,12,0.03225806451612903
Sinic,2022,A,D,1,1,0.3333333333333333
Sinic,2022,A,A,0,1,0.1111111111111111
Sinic,2022,A,H_D,0,1,0.1111111111111111
Sinic,2022,A,H_A,0,1,0.1111111111111111
Sinic,2022,A,P_D,0,1,0.1111111111111111
Sinic,2022,A,P_A,0,1,0.1111111111111111
Sinic,2022,D,D,8,8,0.7391304347826086
Sinic,2022,D,A,0,8,0.043478260869565216
Sinic,2022,D,H_D,0,8,0.043478260869565216
Sinic,2022,D,H_A,0,8,0.043478260869565216
Sinic,2022,D,P_D,0,8,0.043478260869565216
Sinic,2022,D,P_A,0,8,0.043478260869565216
Sinic,2022,H_A,D,0,4,0.06666666666666667
Sinic,2022,H_A,A,0,4,0.06666666666666667
Sinic,2022,H_A,H_D,1,4,0.2
Sinic,2022,H_A,H_A,3,4,0.4666666666666667
Sinic,2022,H_A,P_D,0,4,0.06666666666666667
Sinic,2022,H_A,P_A,0,4,0.06666666666666667
Sinic,2022,H_D,D,0,14,0.02857142857142857
Sinic,2022,H_D,A,0,14,0.02857142857142857
Sinic,2022,H_D,H_D,11,14,0.6571428571428571
Sinic,2022,H_D,H_A,0,14,0.02857142857142857
Sinic,2022,H_D,P_D,3,14,0.2
Sinic,2022,H_D,P_A,0,14,0.02857142857142857
Sinic,2022,P_A,D,0,1,0.1111111111111111
Sinic,2022,P_A,A,0,1,0.1111111111111111
Sinic,2022,P_A,H_D,0,1,0.1111111111111111
Sinic,2022,P_A,H_A,0,1,0.1111111111111111
Sinic,2022,P_A,P_D,1,1,0.3333333333333333
Sinic,2022,P_A,P_A,0,1,0.1111111111111111
Sinic,2022,P_D,D,0,12,0.03225806451612903
Sinic,2022,P_D,A,0,12,0.03225806451612903
Sinic,2022,P_D,H_D,0,12,0.03225806451612903
Sinic,2022,P_D,H_A,0,12,0.03225806451612903
Sinic,2022,P_D,P_D,12,12,0.8064516129032258
Sinic,2022,P_D,P_A,0,12,0.03225806451612903
Sinic,2023,D,D,0,9,0.04
Sinic,2023,D,A,0,9,0.04
Sinic,2023,D,H_D,0,9,0.04
Sinic,2023,D,H_A,0,9,0.04
Sinic,2023,D,P_D,0,9,0.04
Sinic,2023,D,P_A,0,9,0.04
Sinic,2023,H_A,D,0,3,0.07692307692307693
Sinic,2023,H_A,A,0,3,0.07692307692307693
Sinic,2023,H_A,H_D,0,3,0.07692307692307693
Sinic,2023,H_A,H_A,0,3,0.07692307692307693
Sinic,2023,H_A,P_D,0,3,0.07692307692307693
Sinic,2023,H_A,P_A,0,3,0.07692307692307693
Sinic,2023,H_D,D,0,12,0.03225806451612903
Sinic,2023,H_D,A,0,12,0.03225806451612903
Sinic,2023,H_D,H_D,0,12,0.03225806451612903
Sinic,2023,H_D,H_A,0,12,0.03225806451612903
Sinic,2023,H_D,P_D,0,12,0.03225806451612903
Sinic,2023,H_D,P_A,0,12,0.03225806451612903
Sinic,2023,P_D,D,0,16,0.02564102564102564
Sinic,2023,P_D,A,0,16,0.02564102564102564
Sinic,2023,P_D,H_D,0,16,0.02564102564102564
Sinic,2023,P_D,H_A,0,16,0.02564102564102564
Sinic,2023,P_D,P_D,0,16,0.02564102564102564
Sinic,2023,P_D,P_A,0,16,0.02564102564102564
United States,2000,A,D,0,1,0.1111111111111111
United States,2000,A,A,1,1,0.3333333333333333
United States,2000,A,H_D,0,1,0.1111111111111111
United States,2000,A,H_A,0,1,0.1111111111111111
United States,2000,A,P_D,0,1,0.1111111111111111
United States,2000,A,P_A,0,1,0.1111111111111111
United States,2000,D,D,4,4,0.6
United States,2000,D,A,0,4,0.06666666666666667
United States,2000,D,H_D,0,4,0.06666666666666667
United States,2000,D,H_A,0,4,0.06666666666666667
United States,2000,D,P_D,0,4,0.06666666666666667
United States,2000,D,P_A,0,4,0.06666666666666667
United States,2000,H_D,D,0,1,0.1111111111111111
United States,2000,H_D,A,0,1,0.1111111111111111
United States,2000,H_D,H_D,1,1,0.3333333333333333
United States,2000,H_D,H_A,0,1,0.1111111111111111
United States,2000,H_D,P_D,0,1,0.1111111111111111
United States,2000,H_D,P_A,0,1,0.1111111111111111
United States,2001,A,D,0,1,0.1111111111111111
United States,2001,A,A,1,1,0.3333333333333333
United States,2001,A,H_D,0,1,0.1111111111111111
United States,2001,A,H_A,0,1,0.1111111111111111
United States,2001,A,P_D,0,1,0.1111111111111111
United States,2001,A,P_A,0,1,0.1111111111111111
United States,2001,D,D,4,5,0.5294117647058824
United States,2001,D,A,0,5,0.058823529411764705
United States,2001,D,H_D,1,5,0.17647058823529413
United States,2001,D,H_A,0,5,0.058823529411764705
United States,2001,D,P_D,0,5,0.058823529411764705
United States,2001,D,P_A,0,5,0.058823529411764705
United States,2001,H_D,D,0,3,0.07692307692307693
United States,2001,H_D,A,0,3,0.07692307692307693
United States,2001,H_D,H_D,2,3,0.38461538461538464
United States,2001,H_D,H_A,1,3,0.23076923076923078
United States,2001,H_D,P_D,0,3,0.07692307692307693
United States,2001,H_D,P_A,0,3,0.07692307692307693
United States,2002,A,D,0,1,0.1111111111111111
United States,2002,A,A,1,1,0.3333333333333333
United States,2002,A,H_D,0,1,0.1111111111111111
United States,2002,A,H_A,0,1,0.1111111111111111
United States,2002,A,P_D,0,1,0.1111111111111111
United States,2002,A,P_A,0,1,0.1111111111111111
United States,2002,D,D,5,5,0.6470588235294118
United States,2002,D,A,0,5,0.058823529411764705
United States,2002,D,H_D,0,5,0.058823529411764705
United States,2002,D,H_A,0,5,0.058823529411764705
United States,2002,D,P_D,0,5,0.058823529411764705
United States,2002,D,P_A,0,5,0.058823529411764705
United States,2002,H_A,D,0,1,0.1111111111111111
United States,2002,H_A,A,0,1,0.1111111111111111
United States,2002,H_A,H_D,0,1,0.1111111111111111
United States,2002,H_A,H_A,1,1,0.3333333333333333
United States,2002,H_A,P_D,0,1,0.1111111111111111
United States,2002,H_A,P_A,0,1,0.1111111111111111
United States,2002,H_D,D,0,5,0.058823529411764705
United States,2002,H_D,A,0,5,0.058823529411764705
United States,2002,H_D,H_D,5,5,0.6470588235294118
United States,2002,H_D,H_A,0,5,0.058823529411764705
United States,2002,H_D,P_D,0,5,0.058823529411764705
United States,2002,H_D,P_A,0,5,0.058823529411764705
United States,2003,A,D,0,1,0.1111111111111111
United States,2003,A,A,0,1,0.1111111111111111
United States,2003,A,H_D,0,1,0.1111111111111111
United States,2003,A,H_A,1,1,0.3333333333333333
United States,2003,A,P_D,0,1,0.1111111111111111
United States,2003,A,P_A,0,1,0.1111111111111111
United States,2003,D,D,4,6,0.47368421052631576
United States,2003,D,A,1,6,0.15789473684210525
United States,2003,D,H_D,1,6,0.15789473684210525
United States,2003,D,H_A,0,6,0.05263157894736842
United States,2003,D,P_D,0,6,0.05263157894736842
United States,2003,D,P_A,0,6,0.05263157894736842
United States,2003,H_A,D,0,1,0.1111111111111111
United States,2003,H_A,A,0,1,0.1111111111111111
United States,2003,H_A,H_D,0,1,0.1111111111111111
United States,2003,H_A,H_A,1,1,0.3333333333333333
United States,2003,H_A,P_D,0,1,0.1111111111111111
United States,2003,H_A,P_A,0,1,0.1111111111111111
United States,2003,H_D,D,0,7,0.047619047619047616
United States,2003,H_D,A,0,7,0.047619047619047616
United States,2003,H_D,H_D,7,7,0.7142857142857143
United States,2003,H_D,H_A,0,7,0.047619047619047616
United States,2003,H_D,P_D,0,7,0.047619047619047616
United States,2003,H_D,P_A,0,7,0.047619047619047616
United States,2004,A,D,0,2,0.09090909090909091
United States,2004,A,A,1,2,0.2727272727272727
United States,2004,A,H_D,0,2,0.09090909090909091
United States,2004,A,H_A,1,2,0.2727272727272727
United States,2004,A,P_D,0,2,0.09090909090909091
United States,2004,A,P_A,0,2,0.09090909090909091
United States,2004,D,D,6,6,0.6842105263157895
United States,2004,D,A,0,6,0.05263157894736842
United States,2004,D,H_D,0,6,0.05263157894736842
United States,2004,D,H_A,0,6,0.05263157894736842
United States,2004,D,P_D,0,6,0.05263157894736842
United States,2004,D,P_A,0,6,0.05263157894736842
United States,2004,H_A,D,0,2,0.09090909090909091
United States,2004,H_A,A,0,2,0.09090909090909091
United States,2004,H_A,H_D,0,2,0.09090909090909091
United States,2004,H_A,H_A,2,2,0.45454545454545453
United States,2004,H_A,P_D,0,2,0.09090909090909091
United States,2004,H_A,P_A,0,2,0.09090909090909091
United States,2004,H_D,D,0,8,0.043478260869565216
United States,2004,H_D,A,0,8,0.043478260869565216
United States,2004,H_D,H_D,7,8,0.6521739130434783
United States,2004,H_D,H_A,1,8,0.13043478260869565
United States,2004,H_D,P_D,0,8,0.043478260869565216
United States,2004,H_D,P_A,0,8,0.043478260869565216
United States,2005,A,D,0,2,0.09090909090909091
United States,2005,A,A,1,2,0.2727272727272727
United States,2005,A,H_D,0,2,0.09090909090909091
United States,2005,A,H_A,1,2,0.2727272727272727
United States,2005,A,P_D,0,2,0.09090909090909091
United States,2005,A,P_A,0,2,0.09090909090909091
United States,2005,D,D,6,7,0.6190476190476191
United States,2005,D,A,0,7,0.047619047619047616
United States,2005,D,H_D,1,7,0.14285714285714285
United States,2005,D,H_A,0,7,0.047619047619047616
United States,2005,D,P_D,0,7,0.047619047619047616
United States,2005,D,P_A,0,7,0.047619047619047616
United States,2005,H_A,D,0,5,0.058823529411764705
United States,2005,H_A,A,0,5,0.058823529411764705
United States,2005,H_A,H_D,0,5,0.058823529411764705
United States,2005,H_A,H_A,5,5,0.6470588235294118
United States,2005,H_A,P_D,0,5,0.058823529411764705
United States,2005,H_A,P_A,0,5,0.058823529411764705
United States,2005,H_D,D,0,7,0.047619047619047616
United States,2005,H_D,A,0,7,0.047619047619047616
United States,2005,H_D,H_D,6,7,0.6190476190476191
United States,2005,H_D,H_A,1,7,0.14285714285714285
United States,2005,H_D,P_D,0,7,0.047619047619047616
United States,2005,H_D,P_A,0,7,0.047619047619047616
United States,2006,A,D,0,2,0.09090909090909091
United States,2006,A,A,1,2,0.2727272727272727
United States,2006,A,H_D,0,2,0.09090909090909091
United States,2006,A,H_A,1,2,0.2727272727272727
United States,2006,A,P_D,0,2,0.09090909090909091
United States,2006,A,P_A,0,2,0.09090909090909091
United States,2006,D,D,8,8,0.7391304347826086
United States,2006,D,A,0,8,0.043478260869565216
United States,2006,D,H_D,0,8,0.043478260869565216
United States,2006,D,H_A,0,8,0.043478260869565216
United States,2006,D,P_D,0,8,0.043478260869565216
United States,2006,D,P_A,0,8,0.043478260869565216
United States,2006,H_A,D,0,7,0.047619047619047616
United States,2006,H_A,A,0,7,0.047619047619047616
United States,2006,H_A,H_D,2,7,0.23809523809523808
United States,2006,H_A,H_A,5,7,0.5238095238095238
United States,2006,H_A,P_D,0,7,0.047619047619047616
United States,2006,H_A,P_A,0,7,0.047619047619047616
United States,2006,H_D,D,0,9,0.04
United States,2006,H_D,A,0,9,0.04
United States,2006,H_D,H_D,9,9,0.76
United States,2006,H_D,H_A,0,9,0.04
United States,2006,H_D,P_D,0,9,0.04
United States,2006,H_D,P_A,0,9,0.04
United States,2007,A,D,0,2,0.09090909090909091
United States,2007,A,A,1,2,0.2727272727272727
United States,2007,A,H_D,0,2,0.09090909090909091
United States,2007,A,H_A,1,2,0.2727272727272727
United States,2007,A,P_D,0,2,0.09090909090909091
United States,2007,A,P_A,0,2,0.09090909090909091
United States,2007,D,D,6,11,0.4482758620689655
United States,2007,D,A,0,11,0.034482758620689655
United States,2007,D,H_D,5,11,0.3793103448275862
United States,2007,D,H_A,0,11,0.034482758620689655
United States,2007,D,P_D,0,11,0.034482758620689655
United States,2007,D,P_A,0,11,0.034482758620689655
United States,2007,H_A,D,0,6,0.05263157894736842
United States,2007,H_A,A,0,6,0.05263157894736842
United States,2007,H_A,H_D,0,6,0.05263157894736842
United States,2007,H_A,H_A,6,6,0.6842105263157895
United States,2007,H_A,P_D,0,6,0.05263157894736842
United States,2007,H_A,P_A,0,6,0.05263157894736842
United States,2007,H_D,D,0,12,0.03225806451612903
United States,2007,H_D,A,0,12,0.03225806451612903
United States,2007,H_D,H_D,11,12,0.7419354838709677
United States,2007,H_D,H_A,1,12,0.0967741935483871
United States,2007,H_D,P_D,0,12,0.03225806451612903
United States,2007,H_D,P_A,0,12,0.03225806451612903
United States,2008,A,D,0,1,0.1111111111111111
United States,2008,A,A,1,1,0.3333333333333333
United States,2008,A,H_D,0,1,0.1111111111111111
United States,2008,A,H_A,0,1,0.1111111111111111
United States,2008,A,P_D,0,1,0.1111111111111111
United States,2008,A,P_A,0,1,0.1111111111111111
United States,2008,D,D,7,8,0.6521739130434783
United States,2008,D,A,0,8,0.043478260869565216
United States,2008,D,H_D,1,8,0.13043478260869565
United States,2008,D,H_A,0,8,0.043478260869565216
United States,2008,D,P_D,0,8,0.043478260869565216
United States,2008,D,P_A,0,8,0.043478260869565216
United States,2008,H_A,D,0,8,0.043478260869565216
United States,2008,H_A,A,0,8,0.043478260869565216
United States,2008,H_A,H_D,1,8,0.13043478260869565
United States,2008,H_A,H_A,6,8,0.5652173913043478
United States,2008,H_A,P_D,0,8,0.043478260869565216
United States,2008,H_A,P_A,1,8,0.13043478260869565
United States,2008,H_D,D,0,17,0.024390243902439025
United States,2008,H_D,A,0,17,0.024390243902439025
United States,2008,H_D,H_D,17,17,0.8536585365853658
United States,2008,H_D,H_A,0,17,0.024390243902439025
United States,2008,H_D,P_D,0,17,0.024390243902439025
United States,2008,H_D,P_A,0,17,0.024390243902439025
United States,2009,A,D,0,1,0.1111111111111111
United States,2009,A,A,0,1,0.1111111111111111
United States,2009,A,H_D,0,1,0.1111111111111111
United States,2009,A,H_A,1,1,0.3333333333333333
United States,2009,A,P_D,0,1,0.1111111111111111
United States,2009,A,P_A,0,1,0.1111111111111111
United States,2009,D,D,7,8,0.6521739130434783
United States,2009,D,A,0,8,0.043478260869565216
United States,2009,D,H_D,1,8,0.13043478260869565
United States,2009,D,H_A,0,8,0.043478260869565216
United States,2009,D,P_D,0,8,0.043478260869565216
United States,2009,D,P_A,0,8,0.043478260869565216
United States,2009,H_A,D,0,6,0.05263157894736842
United States,2009,H_A,A,0,6,0.05263157894736842
United States,2009,H_A,H_D,0,6,0.05263157894736842
United States,2009,H_A,H_A,6,6,0.6842105263157895
United States,2009,H_A,P_D,0,6,0.05263157894736842
United States,2009,H_A,P_A,0,6,0.05263157894736842
United States,2009,H_D,D,0,22,0.0196078431372549
United States,2009,H_D,A,0,22,0.0196078431372549
United States,2009,H_D,H_D,21,22,0.8431372549019608
United States,2009,H_D,H_A,1,22,0.058823529411764705
United States,2009,H_D,P_D,0,22,0.0196078431372549
United States,2009,H_D,P_A,0,22,0.0196078431372549
United States,2009,P_A,D,0,1,0.1111111111111111
United States,2009,P_A,A,0,1,0.1111111111111111
United States,2009,P_A,H_D,0,1,0.1111111111111111
United States,2009,P_A,H_A,0,1,0.1111111111111111
United States,2009,P_A,P_D,0,1,0.1111111111111111
United States,2009,P_A,P_A,1,1,0.3333333333333333
United States,2010,D,D,6,8,0.5652173913043478
United States,2010,D,A,0,8,0.043478260869565216
United States,2010,D,H_D,2,8,0.21739130434782608
United States,2010,D,H_A,0,8,0.043478260869565216
United States,2010,D,P_D,0,8,0.043478260869565216
United States,2010,D,P_A,0,8,0.043478260869565216
United States,2010,H_A,D,0,8,0.043478260869565216
United States,2010,H_A,A,0,8,0.043478260869565216
United States,2010,H_A,H_D,0,8,0.043478260869565216
United States,2010,H_A,H_A,7,8,0.6521739130434783
United States,2010,H_A,P_D,0,8,0.043478260869565216
United States,2010,H_A,P_A,1,8,0.13043478260869565
United States,2010,H_D,D,0,23,0.018867924528301886
United States,2010,H_D,A,0,23,0.018867924528301886
United States,2010,H_D,H_D,23,23,0.8867924528301887
United States,2010,H_D,H_A,0,23,0.018867924528301886
United States,2010,H_D,P_D,0,23,0.018867924528301886
United States,2010,H_D,P_A,0,23,0.018867924528301886
United States,2010,P_A,D,0,1,0.1111111111111111
United States,2010,P_A,A,0,1,0.1111111111111111
United States,2010,P_A,H_D,0,1,0.1111111111111111
United States,2010,P_A,H_A,0,1,0.1111111111111111
United States,2010,P_A,P_D,0,1,0.1111111111111111
United States,2010,P_A,P_A,1,1,0.3333333333333333
United States,2011,D,D,4,6,0.47368421052631576
United States,2011,D,A,0,6,0.05263157894736842
United States,2011,D,H_D,2,6,0.2631578947368421
United States,2011,D,H_A,0,6,0.05263157894736842
United States,2011,D,P_D,0,6,0.05263157894736842
United States,2011,D,P_A,0,6,0.05263157894736842
United States,2011,H_A,D,0,7,0.047619047619047616
United States,2011,H_A,A,0,7,0.047619047619047616
United States,2011,H_A,H_D,1,7,0.14285714285714285
United States,2011,H_A,H_A,6,7,0.6190476190476191
United States,2011,H_A,P_D,0,7,0.047619047619047616
United States,2011,H_A,P_A,0,7,0.047619047619047616
United States,2011,H_D,D,0,26,0.01694915254237288
United States,2011,H_D,A,0,26,0.01694915254237288
United States,2011,H_D,H_D,25,26,0.864406779661017
United States,2011,H_D,H_A,0,26,0.01694915254237288
United States,2011,H_D,P_D,1,26,0.05084745762711865
United States,2011,H_D,P_A,0,26,0.01694915254237288
United States,2011,P_A,D,0,2,0.09090909090909091
United States,2011,P_A,A,0,2,0.09090909090909091
United States,2011,P_A,H_D,0,2,0.09090909090909091
United States,2011,P_A,H_A,0,2,0.09090909090909091
United States,2011,P_A,P_D,0,2,0.09090909090909091
United States,2011,P_A,P_A,2,2,0.45454545454545453
United States,2012,D,D,3,5,0.4117647058823529
United States,2012,D,A,0,5,0.058823529411764705
United States,2012,D,H_D,1,5,0.17647058823529413
United States,2012,D,H_A,1,5,0.17647058823529413
United States,2012,D,P_D,0,5,0.058823529411764705
United States,2012,D,P_A,0,5,0.058823529411764705
United States,2012,H_A,D,0,6,0.05263157894736842
United States,2012,H_A,A,0,6,0.05263157894736842
United States,2012,H_A,H_D,1,6,0.15789473684210525
United States,2012,H_A,H_A,5,6,0.5789473684210527
United States,2012,H_A,P_D,0,6,0.05263157894736842
United States,2012,H_A,P_A,0,6,0.05263157894736842
United States,2012,H_D,D,0,29,0.015384615384615385
United States,2012,H_D,A,0,29,0.015384615384615385
United States,2012,H_D,H_D,25,29,0.7846153846153846
United States,2012,H_D,H_A,2,29,0.07692307692307693
United States,2012,H_D,P_D,0,29,0.015384615384615385
United States,2012,H_D,P_A,0,29,0.015384615384615385
United States,2012,P_A,D,0,2,0.09090909090909091
United States,2012,P_A,A,0,2,0.09090909090909091
United States,2012,P_A,H_D,0,2,0.09090909090909091
United States,2012,P_A,H_A,0,2,0.09090909090909091
United States,2012,P_A,P_D,0,2,0.09090909090909091
United States,2012,P_A,P_A,2,2,0.45454545454545453
United States,2012,P_D,D,0,1,0.1111111111111111
United States,2012,P_D,A,0,1,0.1111111111111111
United States,2012,P_D,H_D,0,1,0.1111111111111111
United States,2012,P_D,H_A,0,1,0.1111111111111111
United States,2012,P_D,P_D,1,1,0.3333333333333333
United States,2012,P_D,P_A,0,1,0.1111111111111111
United States,2013,D,D,3,3,0.5384615384615384
United States,2013,D,A,0,3,0.07692307692307693
United States,2013,D,H_D,0,3,0.07692307692307693
United States,2013,D,H_A,0,3,0.07692307692307693
United States,2013,D,P_D,0,3,0.07692307692307693
United States,2013,D,P_A,0,3,0.07692307692307693
United States,2013,H_A,D,0,8,0.043478260869565216
United States,2013,H_A,A,0,8,0.043478260869565216
United States,2013,H_A,H_D,1,8,0.13043478260869565
United States,2013,H_A,H_A,7,8,0.6521739130434783
United States,2013,H_A,P_D,0,8,0.043478260869565216
United States,2013,H_A,P_A,0,8,0.043478260869565216
United States,2013,H_D,D,0,28,0.015873015873015872
United States,2013,H_D,A,0,28,0.015873015873015872
United States,2013,H_D,H_D,24,28,0.7777777777777778
United States,2013,H_D,H_A,2,28,0.07936507936507936
United States,2013,H_D,P_D,2,28,0.07936507936507936
United States,2013,H_D,P_A,0,28,0.015873015873015872
United States,2013,P_A,D,0,2,0.09090909090909091
United States,2013,P_A,A,0,2,0.09090909090909091
United States,2013,P_A,H_D,0,2,0.09090909090909091
United States,2013,P_A,H_A,0,2,0.09090909090909091
United States,2013,P_A,P_D,0,2,0.09090909090909091
United States,2013,P_A,P_A,2,2,0.45454545454545453
United States,2013,P_D,D,0,1,0.1111111111111111
United States,2013,P_D,A,0,1,0.1111111111111111
United States,2013,P_D,H_D,0,1,0.1111111111111111
United States,2013,P_D,H_A,0,1,0.1111111111111111
United States,2013,P_D,P_D,1,1,0.3333333333333333
United States,2013,P_D,P_A,0,1,0.1111111111111111
United States,2014,D,D,4,5,0.5294117647058824
United States,2014,D,A,0,5,0.058823529411764705
United States,2014,D,H_D,1,5,0.17647058823529413
United States,2014,D,H_A,0,5,0.058823529411764705
United States,2014,D,P_D,0,5,0.058823529411764705
United States,2014,D,P_A,0,5,0.058823529411764705
United States,2014,H_A,D,0,9,0.04
United States,2014,H_A,A,0,9,0.04
United States,2014,H_A,H_D,0,9,0.04
United States,2014,H_A,H_A,8,9,0.68
United States,2014,H_A,P_D,0,9,0.04
United States,2014,H_A,P_A,1,9,0.12
United States,2014,H_D,D,0,25,0.017543859649122806
United States,2014,H_D,A,0,25,0.017543859649122806
United States,2014,H_D,H_D,23,25,0.8245614035087719
United States,2014,H_D,H_A,1,25,0.05263157894736842
United States,2014,H_D,P_D,1,25,0.05263157894736842
United States,2014,H_D,P_A,0,25,0.017543859649122806
United States,2014,P_A,D,0,2,0.09090909090909091
United States,2014,P_A,A,0,2,0.09090909090909091
United States,2014,P_A,H_D,0,2,0.09090909090909091
United States,2014,P_A,H_A,0,2,0.09090909090909091
United States,2014,P_A,P_D,0,2,0.09090909090909091
United States,2014,P_A,P_A,2,2,0.45454545454545453
United States,2014,P_D,D,0,3,0.07692307692307693
United States,2014,P_D,A,0,3,0.07692307692307693
United States,2014,P_D,H_D,0,3,0.07692307692307693
United States,2014,P_D,H_A,0,3,0.07692307692307693
United States,2014,P_D,P_D,3,3,0.5384615384615384
United States,2014,P_D,P_A,0,3,0.07692307692307693
United States,2015,D,D,2,4,0.3333333333333333
United States,2015,D,A,1,4,0.2
United States,2015,D,H_D,1,4,0.2
United States,2015,D,H_A,0,4,0.06666666666666667
United States,2015,D,P_D,0,4,0.06666666666666667
United States,2015,D,P_A,0,4,0.06666666666666667
United States,2015,H_A,D,0,9,0.04
United States,2015,H_A,A,0,9,0.04
United States,2015,H_A,H_D,2,9,0.2
United States,2015,H_A,H_A,7,9,0.6
United States,2015,H_A,P_D,0,9,0.04
United States,2015,H_A,P_A,0,9,0.04
United States,2015,H_D,D,0,25,0.017543859649122806
United States,2015,H_D,A,0,25,0.017543859649122806
United States,2015,H_D,H_D,22,25,0.7894736842105263
United States,2015,H_D,H_A,1,25,0.05263157894736842
United States,2015,H_D,P_D,1,25,0.05263157894736842
United States,2015,H_D,P_A,0,25,0.017543859649122806
United States,2015,P_A,D,0,3,0.07692307692307693
United States,2015,P_A,A,0,3,0.07692307692307693
United States,2015,P_A,H_D,0,3,0.07692307692307693
United States,2015,P_A,H_A,0,3,0.07692307692307693
United States,2015,P_A,P_D,0,3,0.07692307692307693
United States,2015,P_A,P_A,3,3,0.5384615384615384
United States,2015,P_D,D,0,4,0.06666666666666667
United States,2015,P_D,A,0,4,0.06666666666666667
United States,2015,P_D,H_D,0,4,0.06666666666666667
United States,2015,P_D,H_A,0,4,0.06666666666666667
United States,2015,P_D,P_D,4,4,0.6
United States,2015,P_D,P_A,0,4,0.06666666666666667
United States,2016,A,D,1,2,0.2727272727272727
United States,2016,A,A,1,2,0.2727272727272727
United States,2016,A,H_D,0,2,0.09090909090909091
United States,2016,A,H_A,0,2,0.09090909090909091
United States,2016,A,P_D,0,2,0.09090909090909091
United States,2016,A,P_A,0,2,0.09090909090909091
United States,2016,D,D,2,3,0.38461538461538464
United States,2016,D,A,0,3,0.07692307692307693
United States,2016,D,H_D,1,3,0.23076923076923078
United States,2016,D,H_A,0,3,0.07692307692307693
United States,2016,D,P_D,0,3,0.07692307692307693
United States,2016,D,P_A,0,3,0.07692307692307693
United States,2016,H_A,D,0,8,0.043478260869565216
United States,2016,H_A,A,0,8,0.043478260869565216
United States,2016,H_A,H_D,1,8,0.13043478260869565
United States,2016,H_A,H_A,7,8,0.6521739130434783
United States,2016,H_A,P_D,0,8,0.043478260869565216
United States,2016,H_A,P_A,0,8,0.043478260869565216
United States,2016,H_D,D,0,25,0.017543859649122806
United States,2016,H_D,A,0,25,0.017543859649122806
United States,2016,H_D,H_D,23,25,0.8245614035087719
United States,2016,H_D,H_A,1,25,0.05263157894736842
United States,2016,H_D,P_D,1,25,0.05263157894736842
United States,2016,H_D,P_A,0,25,0.017543859649122806
United States,2016,P_A,D,0,3,0.07692307692307693
United States,2016,P_A,A,0,3,0.07692307692307693
United States,2016,P_A,H_D,0,3,0.07692307692307693
United States,2016,P_A,H_A,0,3,0.07692307692307693
United States,2016,P_A,P_D,0,3,0.07692307692307693
United States,2016,P_A,P_A,3,3,0.5384615384615384
United States,2016,P_D,D,0,5,0.058823529411764705
United States,2016,P_D,A,0,5,0.058823529411764705
United States,2016,P_D,H_D,0,5,0.058823529411764705
United States,2016,P_D,H_A,0,5,0.058823529411764705
United States,2016,P_D,P_D,5,5,0.6470588235294118
United States,2016,P_D,P_A,0,5,0.058823529411764705
United States,2017,A,D,0,1,0.1111111111111111
United States,2017,A,A,1,1,0.3333333333333333
United States,2017,A,H_D,0,1,0.1111111111111111
United States,2017,A,H_A,0,1,0.1111111111111111
United States,2017,A,P_D,0,1,0.1111111111111111
United States,2017,A,P_A,0,1,0.1111111111111111
United States,2017,D,D,3,3,0.5384615384615384
United States,2017,D,A,0,3,0.07692307692307693
United States,2017,D,H_D,0,3,0.07692307692307693
United States,2017,D,H_A,0,3,0.07692307692307693
United States,2017,D,P_D,0,3,0.07692307692307693
United States,2017,D,P_A,0,3,0.07692307692307693
United States,2017,H_A,D,0,8,0.043478260869565216
United States,2017,H_A,A,0,8,0.043478260869565216
United States,2017,H_A,H_D,0,8,0.043478260869565216
United States,2017,H_A,H_A,7,8,0.6521739130434783
United States,2017,H_A,P_D,0,8,0.043478260869565216
United States,2017,H_A,P_A,1,8,0.13043478260869565
United States,2017,H_D,D,0,25,0.017543859649122806
United States,2017,H_D,A,0,25,0.017543859649122806
United States,2017,H_D,H_D,21,25,0.7543859649122807
United States,2017,H_D,H_A,1,25,0.05263157894736842
United States,2017,H_D,P_D,2,25,0.08771929824561403
United States,2017,H_D,P_A,0,25,0.017543859649122806
United States,2017,P_A,D,0,3,0.07692307692307693
United States,2017,P_A,A,0,3,0.07692307692307693
United States,2017,P_A,H_D,0,3,0.07692307692307693
United States,2017,P_A,H_A,0,3,0.07692307692307693
United States,2017,P_A,P_D,0,3,0.07692307692307693
United States,2017,P_A,P_A,3,3,0.5384615384615384
United States,2017,P_D,D,0,6,0.05263157894736842
United States,2017,P_D,A,0,6,0.05263157894736842
United States,2017,P_D,H_D,0,6,0.05263157894736842
United States,2017,P_D,H_A,0,6,0.05263157894736842
United States,2017,P_D,P_D,6,6,0.6842105263157895
United States,2017,P_D,P_A,0,6,0.05263157894736842
United States,2018,A,D,0,1,0.1111111111111111
United States,2018,A,A,0,1,0.1111111111111111
United States,2018,A,H_D,1,1,0.3333333333333333
United States,2018,A,H_A,0,1,0.1111111111111111
United States,2018,A,P_D,0,1,0.1111111111111111
United States,2018,A,P_A,0,1,0.1111111111111111
United States,2018,D,D,2,3,0.38461538461538464
United States,2018,D,A,1,3,0.23076923076923078
United States,2018,D,H_D,0,3,0.07692307692307693
United States,2018,D,H_A,0,3,0.07692307692307693
United States,2018,D,P_D,0,3,0.07692307692307693
United States,2018,D,P_A,0,3,0.07692307692307693
United States,2018,H_A,D,0,8,0.043478260869565216
United States,2018,H_A,A,0,8,0.043478260869565216
United States,2018,H_A,H_D,1,8,0.13043478260869565
United States,2018,H_A,H_A,7,8,0.6521739130434783
United States,2018,H_A,P_D,0,8,0.043478260869565216
United States,2018,H_A,P_A,0,8,0.043478260869565216
United States,2018,H_D,D,0,21,0.02040816326530612
United States,2018,H_D,A,0,21,0.02040816326530612
United States,2018,H_D,H_D,20,21,0.8367346938775511
United States,2018,H_D,H_A,0,21,0.02040816326530612
United States,2018,H_D,P_D,0,21,0.02040816326530612
United States,2018,H_D,P_A,0,21,0.02040816326530612
United States,2018,P_A,D,0,4,0.06666666666666667
United States,2018,P_A,A,0,4,0.06666666666666667
United States,2018,P_A,H_D,0,4,0.06666666666666667
United States,2018,P_A,H_A,0,4,0.06666666666666667
United States,2018,P_A,P_D,0,4,0.06666666666666667
United States,2018,P_A,P_A,4,4,0.6
United States,2018,P_D,D,0,8,0.043478260869565216
United States,2018,P_D,A,0,8,0.043478260869565216
United States,2018,P_D,H_D,0,8,0.043478260869565216
United States,2018,P_D,H_A,0,8,0.043478260869565216
United States,2018,P_D,P_D,8,8,0.7391304347826086
United States,2018,P_D,P_A,0,8,0.043478260869565216
United States,2019,A,D,1,1,0.3333333333333333
United States,2019,A,A,0,1,0.1111111111111111
United States,2019,A,H_D,0,1,0.1111111111111111
United States,2019,A,H_A,0,1,0.1111111111111111
United States,2019,A,P_D,0,1,0.1111111111111111
United States,2019,A,P_A,0,1,0.1111111111111111
United States,2019,D,D,2,2,0.45454545454545453
United States,2019,D,A,0,2,0.09090909090909091
United States,2019,D,H_D,0,2,0.09090909090909091
United States,2019,D,H_A,0,2,0.09090909090909091
United States,2019,D,P_D,0,2,0.09090909090909091
United States,2019,D,P_A,0,2,0.09090909090909091
United States,2019,H_A,D,0,7,0.047619047619047616
United States,2019,H_A,A,0,7,0.047619047619047616
United States,2019,H_A,H_D,0,7,0.047619047619047616
United States,2019,H_A,H_A,4,7,0.42857142857142855
United States,2019,H_A,P_D,1,7,0.14285714285714285
United States,2019,H_A,P_A,2,7,0.23809523809523808
United States,2019,H_D,D,0,22,0.0196078431372549
United States,2019,H_D,A,0,22,0.0196078431372549
United States,2019,H_D,H_D,18,22,0.7254901960784313
United States,2019,H_D,H_A,1,22,0.058823529411764705
United States,2019,H_D,P_D,3,22,0.13725490196078433
United States,2019,H_D,P_A,0,22,0.0196078431372549
United States,2019,P_A,D,0,4,0.06666666666666667
United States,2019,P_A,A,0,4,0.06666666666666667
United States,2019,P_A,H_D,0,4,0.06666666666666667
United States,2019,P_A,H_A,0,4,0.06666666666666667
United States,2019,P_A,P_D,0,4,0.06666666666666667
United States,2019,P_A,P_A,4,4,0.6
United States,2019,P_D,D,0,8,0.043478260869565216
United States,2019,P_D,A,0,8,0.043478260869565216
United States,2019,P_D,H_D,0,8,0.043478260869565216
United States,2019,P_D,H_A,0,8,0.043478260869565216
United States,2019,P_D,P_D,7,8,0.6521739130434783
United States,2019,P_D,P_A,1,8,0.13043478260869565
United States,2020,D,D,3,3,0.5384615384615384
United States,2020,D,A,0,3,0.07692307692307693
United States,2020,D,H_D,0,3,0.07692307692307693
United States,2020,D,H_A,0,3,0.07692307692307693
United States,2020,D,P_D,0,3,0.07692307692307693
United States,2020,D,P_A,0,3,0.07692307692307693
United States,2020,H_A,D,0,5,0.058823529411764705
United States,2020,H_A,A,0,5,0.058823529411764705
United States,2020,H_A,H_D,1,5,0.17647058823529413
United States,2020,H_A,H_A,3,5,0.4117647058823529
United States,2020,H_A,P_D,1,5,0.17647058823529413
United States,2020,H_A,P_A,0,5,0.058823529411764705
United States,2020,H_D,D,0,18,0.023255813953488372
United States,2020,H_D,A,0,18,0.023255813953488372
United States,2020,H_D,H_D,15,18,0.7209302325581395
United States,2020,H_D,H_A,1,18,0.06976744186046512
United States,2020,H_D,P_D,1,18,0.06976744186046512
United States,2020,H_D,P_A,1,18,0.06976744186046512
United States,2020,P_A,D,0,7,0.047619047619047616
United States,2020,P_A,A,0,7,0.047619047619047616
United States,2020,P_A,H_D,0,7,0.047619047619047616
United States,2020,P_A,H_A,0,7,0.047619047619047616
United States,2020,P_A,P_D,1,7,0.14285714285714285
United States,2020,P_A,P_A,6,7,0.6190476190476191
United States,2020,P_D,D,0,11,0.034482758620689655
United States,2020,P_D,A,0,11,0.034482758620689655
United States,2020,P_D,H_D,0,11,0.034482758620689655
United States,2020,P_D,H_A,0,11,0.034482758620689655
United States,2020,P_D,P_D,8,11,0.5862068965517241
United States,2020,P_D,P_A,3,11,0.2413793103448276
United States,2021,D,D,3,3,0.5384615384615384
United States,2021,D,A,0,3,0.07692307692307693
United States,2021,D,H_D,0,3,0.07692307692307693
United States,2021,D,H_A,0,3,0.07692307692307693
United States,2021,D,P_D,0,3,0.07692307692307693
United States,2021,D,P_A,0,3,0.07692307692307693
United States,2021,H_A,D,0,4,0.06666666666666667
United States,2021,H_A,A,0,4,0.06666666666666667
United States,2021,H_A,H_D,0,4,0.06666666666666667
United States,2021,H_A,H_A,3,4,0.4666666666666667
United States,2021,H_A,P_D,1,4,0.2
United States,2021,H_A,P_A,0,4,0.06666666666666667
United States,2021,H_D,D,0,16,0.02564102564102564
United States,2021,H_D,A,0,16,0.02564102564102564
United States,2021,H_D,H_D,14,16,0.7435897435897436
United States,2021,H_D,H_A,0,16,0.02564102564102564
United States,2021,H_D,P_D,2,16,0.1282051282051282
United States,2021,H_D,P_A,0,16,0.02564102564102564
United States,2021,P_A,D,0,10,0.037037037037037035
United States,2021,P_A,A,0,10,0.037037037037037035
United States,2021,P_A,H_D,0,10,0.037037037037037035
United States,2021,P_A,H_A,0,10,0.037037037037037035
United States,2021,P_A,P_D,3,10,0.25925925925925924
United States,2021,P_A,P_A,7,10,0.5555555555555556
United States,2021,P_D,D,0,11,0.034482758620689655
United States,2021,P_D,A,0,11,0.034482758620689655
United States,2021,P_D,H_D,0,11,0.034482758620689655
United States,2021,P_D,H_A,0,11,0.034482758620689655
United States,2021,P_D,P_D,11,11,0.7931034482758621
United States,2021,P_D,P_A,0,11,0.034482758620689655
United States,2022,D,D,3,3,0.5384615384615384
United States,2022,D,A,0,3,0.07692307692307693
United States,2022,D,H_D,0,3,0.07692307692307693
United States,2022,D,H_A,0,3,0.07692307692307693
United States,2022,D,P_D,0,3,0.07692307692307693
United States,2022,D,P_A,0,3,0.07692307692307693
United States,2022,H_A,D,0,3,0.07692307692307693
United States,2022,H_A,A,0,3,0.07692307692307693
United States,2022,H_A,H_D,0,3,0.07692307692307693
United States,2022,H_A,H_A,3,3,0.5384615384615384
United States,2022,H_A,P_D,0,3,0.07692307692307693
United States,2022,H_A,P_A,0,3,0.07692307692307693
United States,2022,H_D,D,0,14,0.02857142857142857
United States,2022,H_D,A,0,14,0.02857142857142857
United States,2022,H_D,H_D,14,14,0.8285714285714286
United States,2022,H_D,H_A,0,14,0.02857142857142857
United States,2022,H_D,P_D,0,14,0.02857142857142857
United States,2022,H_D,P_A,0,14,0.02857142857142857
United States,2022,P_A,D,0,7,0.047619047619047616
United States,2022,P_A,A,0,7,0.047619047619047616
United States,2022,P_A,H_D,0,7,0.047619047619047616
United States,2022,P_A,H_A,0,7,0.047619047619047616
United States,2022,P_A,P_D,0,7,0.047619047619047616
United States,2022,P_A,P_A,7,7,0.7142857142857143
United States,2022,P_D,D,0,17,0.024390243902439025
United States,2022,P_D,A,0,17,0.024390243902439025
United States,2022,P_D,H_D,0,17,0.024390243902439025
United States,2022,P_D,H_A,0,17,0.024390243902439025
United States,2022,P_D,P_D,17,17,0.8536585365853658
United States,2022,P_D,P_A,0,17,0.024390243902439025
United States,2023,D,D,0,3,0.07692307692307693
United States,2023,D,A,0,3,0.07692307692307693
United States,2023,D,H_D,0,3,0.07692307692307693
United States,2023,D,H_A,0,3,0.07692307692307693
United States,2023,D,P_D,0,3,0.07692307692307693
United States,2023,D,P_A,0,3,0.07692307692307693
United States,2023,H_A,D,0,3,0.07692307692307693
United States,2023,H_A,A,0,3,0.07692307692307693
United States,2023,H_A,H_D,0,3,0.07692307692307693
United States,2023,H_A,H_A,0,3,0.07692307692307693
United States,2023,H_A,P_D,0,3,0.07692307692307693
United States,2023,H_A,P_A,0,3,0.07692307692307693
United States,2023,H_D,D,0,14,0.02857142857142857
United States,2023,H_D,A,0,14,0.02857142857142857
United States,2023,H_D,H_D,0,14,0.02857142857142857
United States,2023,H_D,H_A,0,14,0.02857142857142857
United States,2023,H_D,P_D,0,14,0.02857142857142857
United States,2023,H_D,P_A,0,14,0.02857142857142857
United States,2023,P_A,D,0,7,0.047619047619047616
United States,2023,P_A,A,0,7,0.047619047619047616
United States,2023,P_A,H_D,0,7,0.047619047619047616
United States,2023,P_A,H_A,0,7,0.047619047619047616
United States,2023,P_A,P_D,0,7,0.047619047619047616
United States,2023,P_A,P_A,0,7,0.047619047619047616
United States,2023,P_D,D,0,17,0.024390243902439025
United States,2023,P_D,A,0,17,0.024390243902439025
United States,2023,P_D,H_D,0,17,0.024390243902439025
United States,2023,P_D,H_A,0,17,0.024390243902439025
United States,2023,P_D,P_D,0,17,0.024390243902439025
United States,2023,P_D,P_A,0,17,0.024390243902439025
