bootstrap,group,T_equilibrium,P_D_equilibrium,M_threshold,margin_to_threshold_T,k_used
0,Anglosphere ex-US,66247.74108237347,25190.12282770398,3183.4920212765956,63064.249061096874,614
0,Continental Europe,192351.97276686272,70367.78920077792,3923.499485066941,188428.47328179577,781
0,Hindu,52989.6612821761,26272.073448754738,2248.8695652173915,50740.79171695871,536
0,Islamic,86911.3529190578,40462.73220996794,2254.7179487179487,84656.63497033984,571
0,Japanese,29022.82023815432,5809.022306853043,1792.6470588235293,27230.17317933079,424
0,Other Civilizations,58203.330209342064,17907.999574021498,2068.969696969697,56134.36051237237,494
0,Other Western,4434.2358730848355,1575.2797912957253,1601.2173913043478,2833.0184817804875,372
0,Sinic,300556.01890695933,115188.36352678227,3129.4270557029176,297426.59185125644,658
0,United States,142548.24178129295,52677.9936129307,1844.0637813211845,140704.17799997175,356
1,Anglosphere ex-US,66772.72186559645,25520.559235990775,3183.4920212765956,63589.22984431986,614
1,Continental Europe,194397.89725965893,72067.51704784497,3923.499485066941,190474.39777459198,781
1,Hindu,53361.0111015108,26525.175686821956,2248.8695652173915,51112.141536293406,536
1,Islamic,85516.9026636641,39287.42163666998,2254.7179487179487,83262.18471494615,571
1,Japanese,29069.08012636485,5835.279689420571,1792.6470588235293,27276.433067541322,424
1,Other Civilizations,58284.7680883634,17745.74912486383,2068.969696969697,56215.798391393706,494
1,Other Western,4624.187800992544,1782.0716219358042,1601.2173913043478,3022.970409688196,372
1,Sinic,302064.7764711962,115799.08526790477,3129.4270557029176,298935.3494154933,658
1,United States,141539.47668064648,51969.43605682194,1844.0637813211845,139695.41289932528,356
2,Anglosphere ex-US,66122.21888552248,24997.82649889034,3183.4920212765956,62938.72686424589,614
2,Continental Europe,192532.7124727107,70862.24762710244,3923.499485066941,188609.21298764375,781
2,Hindu,53255.90050515816,26520.817068233257,2248.8695652173915,51007.03093994077,536
2,Islamic,86938.17753337655,40464.927279670774,2254.7179487179487,84683.4595846586,571
2,Japanese,28931.706859418016,5717.018602280744,1792.6470588235293,27139.05980059449,424
2,Other Civilizations,57968.37627604886,17397.407928803652,2068.969696969697,55899.406579079165,494
2,Other Western,4494.791924883974,1618.0244574643339,1601.2173913043478,2893.5745335796264,372
2,Sinic,300869.9796548708,115067.45188814386,3129.4270557029176,297740.5525991679,658
2,United States,142608.35234426052,52601.81968305751,1844.0637813211845,140764.28856293933,356
3,Anglosphere ex-US,65899.30381722393,24622.307992219994,3183.4920212765956,62715.81179594734,614
3,Continental Europe,191737.023400829,70315.0597210397,3923.499485066941,187813.52391576205,781
3,Hindu,51701.79809926855,25407.69337333514,2248.8695652173915,49452.928534051156,536
3,Islamic,86564.97714728137,40221.63124596749,2254.7179487179487,84310.25919856342,571
3,Japanese,29178.779531858105,5904.768996621629,1792.6470588235293,27386.132473034577,424
3,Other Civilizations,57522.62568551207,17435.753610528758,2068.969696969697,55453.65598854237,494
3,Other Western,4693.546102269552,1703.5290044804292,1601.2173913043478,3092.3287109652038,372
3,Sinic,299601.9076534159,114117.84575017885,3129.4270557029176,296472.48059771303,658
3,United States,142537.82401613717,52524.54942297099,1844.0637813211845,140693.76023481597,356
4,Anglosphere ex-US,66468.82529974503,25210.48694070672,3183.4920212765956,63285.33327846844,614
4,Continental Europe,192537.55499445496,70761.088339089,3923.499485066941,188614.055509388,781
4,Hindu,52484.94093253476,25701.892664078045,2248.8695652173915,50236.07136731737,536
4,Islamic,85618.19398726053,39342.19106497781,2254.7179487179487,83363.47603854258,571
4,Japanese,28808.18063092236,5773.672468065948,1792.6470588235293,27015.533572098833,424
4,Other Civilizations,57346.610548773526,17232.85933199084,2068.969696969697,55277.64085180383,494
4,Other Western,4489.503773051033,1649.4416608267181,1601.2173913043478,2888.286381746685,372
4,Sinic,298310.10621678137,112784.63531825895,3129.4270557029176,295180.6791610785,658
4,United States,141710.61885858607,52148.56427479186,1844.0637813211845,139866.55507726487,356
5,Anglosphere ex-US,66392.23484994659,25232.65078183344,3183.4920212765956,63208.742828669994,614
5,Continental Europe,192346.1895083355,70421.73259989618,3923.499485066941,188422.69002326854,781
5,Hindu,52341.02136080117,26116.82319459549,2248.8695652173915,50092.15179558378,536
5,Islamic,86259.38874862471,39911.17853449807,2254.7179487179487,84004.67079990676,571
5,Japanese,29106.964711468307,5947.097881640021,1792.6470588235293,27314.31765264478,424
5,Other Civilizations,58427.149680279384,18049.03626799183,2068.969696969697,56358.17998330969,494
5,Other Western,4523.511213850496,1606.094524307593,1601.2173913043478,2922.2938225461476,372
5,Sinic,300398.2139303902,114765.62001420127,3129.4270557029176,297268.7868746873,658
5,United States,141452.70501139155,52014.37900667133,1844.0637813211845,139608.64123007035,356
6,Anglosphere ex-US,66489.66570617614,25116.628052381213,3183.4920212765956,63306.17368489954,614
6,Continental Europe,192429.35597653015,70895.09889121755,3923.499485066941,188505.8564914632,781
6,Hindu,52539.34467805644,26082.13348159954,2248.8695652173915,50290.47511283905,536
6,Islamic,85779.6750100079,39634.291070499996,2254.7179487179487,83524.95706128994,571
6,Japanese,29167.215197156012,5920.54864216506,1792.6470588235293,27374.568138332485,424
6,Other Civilizations,57916.496100965574,17635.17583613262,2068.969696969697,55847.52640399588,494
6,Other Western,4545.990150683718,1712.176328291599,1601.2173913043478,2944.7727593793697,372
6,Sinic,298535.3065669719,113558.33655828757,3129.4270557029176,295405.879511269,658
6,United States,141752.3346880734,52131.166441973524,1844.0637813211845,139908.2709067522,356
7,Anglosphere ex-US,66144.92495492281,25071.584949127584,3183.4920212765956,62961.43293364622,614
7,Continental Europe,193024.52994699922,71337.09656373218,3923.499485066941,189101.03046193227,781
7,Hindu,51946.31241841527,25381.63776937633,2248.8695652173915,49697.44285319788,536
7,Islamic,85720.82230517763,39484.49080198269,2254.7179487179487,83466.10435645968,571
7,Japanese,29006.95562925685,5811.123361566136,1792.6470588235293,27214.30857043332,424
7,Other Civilizations,57426.809844071344,17296.829336461677,2068.969696969697,55357.84014710165,494
7,Other Western,4488.46142216184,1612.6542963038974,1601.2173913043478,2887.2440308574924,372
7,Sinic,298236.1106917165,112866.28797992271,3129.4270557029176,295106.6836360136,658
7,United States,141938.70646574482,52258.6377229518,1844.0637813211845,140094.64268442363,356
8,Anglosphere ex-US,65819.62282727737,24783.68757722255,3183.4920212765956,62636.13080600078,614
8,Continental Europe,191922.5512170207,70589.38342845906,3923.499485066941,187999.05173195375,781
8,Hindu,53159.637496090276,26615.454186851162,2248.8695652173915,50910.767930872884,536
8,Islamic,86494.4042463059,39993.58085847798,2254.7179487179487,84239.68629758795,571
8,Japanese,29155.04207958192,5980.373603290597,1792.6470588235293,27362.39502075839,424
8,Other Civilizations,58104.637490728404,18071.10327404208,2068.969696969697,56035.66779375871,494
8,Other Western,4604.243966818949,1705.8230652825719,1601.2173913043478,3003.026575514601,372
8,Sinic,297959.1423187638,113078.34770999645,3129.4270557029176,294829.71526306093,658
8,United States,142237.55996034597,52273.62384262491,1844.0637813211845,140393.49617902478,356
9,Anglosphere ex-US,66290.97289308126,24914.35372106833,3183.4920212765956,63107.48087180466,614
9,Continental Europe,192458.84114590657,70659.0636645728,3923.499485066941,188535.34166083962,781
9,Hindu,51971.40005983607,25544.32693885652,2248.8695652173915,49722.53049461868,536
9,Islamic,84856.13885724645,38907.514842834105,2254.7179487179487,82601.4209085285,571
9,Japanese,29007.505844172032,5787.083291876631,1792.6470588235293,27214.858785348504,424
9,Other Civilizations,58043.2650115203,17829.38097157615,2068.969696969697,55974.2953145506,494
9,Other Western,4578.444937980163,1731.0844279454363,1601.2173913043478,2977.2275466758147,372
9,Sinic,300432.82048055326,113972.9100636893,3129.4270557029176,297303.39342485036,658
9,United States,141488.56441377918,51855.56988181646,1844.0637813211845,139644.500632458,356
10,Anglosphere ex-US,66653.51856854222,25265.364604390656,3183.4920212765956,63470.026547265625,614
10,Continental Europe,192565.01589867077,70917.599216733,3923.499485066941,188641.51641360382,781
10,Hindu,54500.678937321354,27723.104674910384,2248.8695652173915,52251.80937210396,536
10,Islamic,85590.65907924861,39297.665647676586,2254.7179487179487,83335.94113053066,571
10,Japanese,28833.13144678272,5720.437147520778,1792.6470588235293,27040.484387959194,424
10,Other Civilizations,58282.30430951961,17864.023404085194,2068.969696969697,56213.334612549916,494
10,Other Western,4634.732124595384,1666.0996233950573,1601.2173913043478,3033.5147332910365,372
10,Sinic,299904.82022581063,114584.22348321979,3129.4270557029176,296775.39317010774,658
10,United States,142261.9661039756,52248.77704931879,1844.0637813211845,140417.9023226544,356
11,Anglosphere ex-US,66445.54181363834,25063.361111468043,3183.4920212765956,63262.049792361744,614
11,Continental Europe,193409.59438311143,71726.61403287952,3923.499485066941,189486.09489804448,781
11,Hindu,52554.413117676275,26043.479291237865,2248.8695652173915,50305.54355245888,536
11,Islamic,84544.46869689187,38752.74460635542,2254.7179487179487,82289.75074817392,571
11,Japanese,28822.716147766507,5756.954820778255,1792.6470588235293,27030.06908894298,424
11,Other Civilizations,57877.66328927167,17672.309168412958,2068.969696969697,55808.69359230198,494
11,Other Western,4707.986949353445,1806.8316478969484,1601.2173913043478,3106.769558049097,372
11,Sinic,298459.722344025,113058.46163121023,3129.4270557029176,295330.2952883221,658
11,United States,141499.06947626744,51864.6516284859,1844.0637813211845,139655.00569494625,356
12,Anglosphere ex-US,65955.92463160498,24853.132636268514,3183.4920212765956,62772.43261032839,614
12,Continental Europe,191476.87626300676,70186.8289513734,3923.499485066941,187553.37677793982,781
12,Hindu,52382.385273634274,25970.341126397176,2248.8695652173915,50133.51570841688,536
12,Islamic,87205.95403207443,40613.65896423482,2254.7179487179487,84951.23608335647,571
12,Japanese,29329.146439218006,5939.338107145673,1792.6470588235293,27536.499380394478,424
12,Other Civilizations,58039.35856471889,17748.020512225557,2068.969696969697,55970.38886774919,494
12,Other Western,4616.915815802483,1649.295496789811,1601.2173913043478,3015.698424498135,372
12,Sinic,297226.29176645825,112676.22881822301,3129.4270557029176,294096.86471075536,658
12,United States,142134.93327002437,52310.75042466128,1844.0637813211845,140290.86948870317,356
13,Anglosphere ex-US,65864.61925955389,24714.080607629196,3183.4920212765956,62681.127238277295,614
13,Continental Europe,191928.54890040203,70204.2887884848,3923.499485066941,188005.0494153351,781
13,Hindu,52099.417422719314,25520.531535171915,2248.8695652173915,49850.54785750192,536
13,Islamic,85161.0061142084,39112.822386514985,2254.7179487179487,82906.28816549045,571
13,Japanese,28648.365051871377,5650.4081898722525,1792.6470588235293,26855.71799304785,424
13,Other Civilizations,58081.43502144559,17820.318830572698,2068.969696969697,56012.465324475896,494
13,Other Western,4735.534154174028,1774.946095970943,1601.2173913043478,3134.31676286968,372
13,Sinic,300084.53216895397,114133.29285674416,3129.4270557029176,296955.1051132511,658
13,United States,141660.30452311446,52093.914274495735,1844.0637813211845,139816.24074179327,356
14,Anglosphere ex-US,66218.31147007726,24959.0762427394,3183.4920212765956,63034.81944880066,614
14,Continental Europe,193047.12244065088,71132.75276883748,3923.499485066941,189123.62295558394,781
14,Hindu,52546.082957255305,26190.985223512358,2248.8695652173915,50297.21339203791,536
14,Islamic,85456.61272072882,39645.74557770659,2254.7179487179487,83201.89477201087,571
14,Japanese,29119.111669092385,5892.275302837576,1792.6470588235293,27326.464610268857,424
14,Other Civilizations,57685.70134049258,17628.00878975348,2068.969696969697,55616.731643522886,494
14,Other Western,4623.111496896738,1718.6254243263647,1601.2173913043478,3021.8941055923897,372
14,Sinic,299367.95552187605,113455.25646952294,3129.4270557029176,296238.52846617316,658
14,United States,143355.50264497157,53263.45456572724,1844.0637813211845,141511.43886365037,356
15,Anglosphere ex-US,65714.82516464942,24472.65677387825,3183.4920212765956,62531.33314337282,614
15,Continental Europe,191760.40366039943,70085.92857870464,3923.499485066941,187836.9041753325,781
15,Hindu,52020.40606267346,25328.24834857263,2248.8695652173915,49771.536497456065,536
15,Islamic,86076.35235783076,39784.3511170773,2254.7179487179487,83821.63440911281,571
15,Japanese,28741.35673987106,5799.6790797222875,1792.6470588235293,26948.70968104753,424
15,Other Civilizations,57238.620235377355,17406.416103272273,2068.969696969697,55169.65053840766,494
15,Other Western,4829.1812669438505,1869.7754342025503,1601.2173913043478,3227.9638756395025,372
15,Sinic,299489.7835414056,113958.74865211884,3129.4270557029176,296360.3564857027,658
15,United States,141350.57637496153,51755.58970706699,1844.0637813211845,139506.51259364033,356
16,Anglosphere ex-US,66449.09565171227,25198.294739623874,3183.4920212765956,63265.603630435675,614
16,Continental Europe,191603.1564432293,69903.66926299951,3923.499485066941,187679.65695816235,781
16,Hindu,52828.052097163825,26347.271650446186,2248.8695652173915,50579.18253194643,536
16,Islamic,86605.48948705569,40518.76871555255,2254.7179487179487,84350.77153833774,571
16,Japanese,29415.86756361131,6084.712063262647,1792.6470588235293,27623.220504787783,424
16,Other Civilizations,57449.08001100458,17458.942213402817,2068.969696969697,55380.110314034886,494
16,Other Western,4757.58401521333,1856.1423230616674,1601.2173913043478,3156.3666239089816,372
16,Sinic,299913.6562765067,113970.80465959058,3129.4270557029176,296784.2292208038,658
16,United States,141620.02756277646,52017.98793168069,1844.0637813211845,139775.96378145527,356
17,Anglosphere ex-US,66604.97743003875,25497.912551419096,3183.4920212765956,63421.48540876216,614
17,Continental Europe,191609.7352809835,70287.34175346865,3923.499485066941,187686.23579591655,781
17,Hindu,51589.4417776294,25216.7239188148,2248.8695652173915,49340.57221241201,536
17,Islamic,86429.2466531365,39890.62050594735,2254.7179487179487,84174.52870441855,571
17,Japanese,29176.646303120353,5874.7526402625,1792.6470588235293,27383.999244296825,424
17,Other Civilizations,57583.36402541763,17615.818647689903,2068.969696969697,55514.39432844793,494
17,Other Western,4655.406323735197,1702.8658673167533,1601.2173913043478,3054.1889324308486,372
17,Sinic,300298.7638146249,113928.92922286692,3129.4270557029176,297169.336758922,658
17,United States,143643.91855098619,53616.33059047553,1844.0637813211845,141799.854769665,356
18,Anglosphere ex-US,65991.71212670821,24654.918684529806,3183.4920212765956,62808.22010543162,614
18,Continental Europe,191667.63705835983,70087.4149067514,3923.499485066941,187744.1375732929,781
18,Hindu,52481.88340510693,25924.991498037834,2248.8695652173915,50233.013839889536,536
18,Islamic,86730.44443385565,40267.62599726984,2254.7179487179487,84475.7264851377,571
18,Japanese,29270.208615580996,6004.839917499716,1792.6470588235293,27477.561556757468,424
18,Other Civilizations,58074.14877538237,17885.41930302597,2068.969696969697,56005.17907841267,494
18,Other Western,4683.945572819575,1769.5796090345248,1601.2173913043478,3082.7281815152273,372
18,Sinic,299688.0937541463,114066.93938204071,3129.4270557029176,296558.6666984434,658
18,United States,141311.10844915404,51548.385701749554,1844.0637813211845,139467.04466783284,356
19,Anglosphere ex-US,66757.12562194564,25299.972855053657,3183.4920212765956,63573.63360066905,614
19,Continental Europe,192670.1822648538,71160.82120429061,3923.499485066941,188746.68277978685,781
19,Hindu,52099.42439840222,25820.10034212324,2248.8695652173915,49850.554833184826,536
19,Islamic,84778.73216345091,38747.128226651526,2254.7179487179487,82524.01421473296,571
19,Japanese,28778.847518224065,5715.644946849717,1792.6470588235293,26986.200459400538,424
19,Other Civilizations,57882.28465887498,17816.702165062958,2068.969696969697,55813.314961905286,494
19,Other Western,4813.482630462697,1885.6615406382236,1601.2173913043478,3212.265239158349,372
19,Sinic,301055.4160190683,114857.18267211424,3129.4270557029176,297925.9889633654,658
19,United States,142614.60764320666,52647.911418276184,1844.0637813211845,140770.54386188547,356
20,Anglosphere ex-US,66046.27037912067,25011.2689358796,3183.4920212765956,62862.77835784408,614
20,Continental Europe,192659.60996126666,70794.51155944292,3923.499485066941,188736.1104761997,781
20,Hindu,52318.1079778859,25722.923578560512,2248.8695652173915,50069.23841266851,536
20,Islamic,87167.22141950499,40699.556097593646,2254.7179487179487,84912.50347078704,571
20,Japanese,28994.783604222644,5833.480913483881,1792.6470588235293,27202.136545399117,424
20,Other Civilizations,57772.676726396196,17708.26709308346,2068.969696969697,55703.7070294265,494
20,Other Western,4387.937628987672,1560.9812637294053,1601.2173913043478,2786.720237683324,372
20,Sinic,299539.2690269373,114071.43897989011,3129.4270557029176,296409.8419712344,658
20,United States,141082.66039359596,51788.39940791448,1844.0637813211845,139238.59661227476,356
21,Anglosphere ex-US,66306.33367062107,25080.661443345645,3183.4920212765956,63122.841649344475,614
21,Continental Europe,193834.59915806304,71638.35020847479,3923.499485066941,189911.0996729961,781
21,Hindu,52871.07023626796,26375.09486172949,2248.8695652173915,50622.20067105057,536
21,Islamic,86996.49655078609,40634.06771832696,2254.7179487179487,84741.77860206814,571
21,Japanese,29221.29066307066,5955.492619495687,1792.6470588235293,27428.643604247132,424
21,Other Civilizations,57128.829907561725,17068.371058859033,2068.969696969697,55059.86021059203,494
21,Other Western,4572.731470018749,1682.732598945959,1601.2173913043478,2971.514078714401,372
21,Sinic,300904.63227569254,115219.27383330223,3129.4270557029176,297775.20521998964,658
21,United States,141690.9405212104,52231.763644185055,1844.0637813211845,139846.8767398892,356
22,Anglosphere ex-US,65916.23943682814,24900.170879838664,3183.4920212765956,62732.747415551545,614
22,Continental Europe,191948.89673286775,70319.91885786,3923.499485066941,188025.3972478008,781
22,Hindu,52180.12874016731,25731.103788917524,2248.8695652173915,49931.25917494992,536
22,Islamic,86818.17895634653,40477.07021245853,2254.7179487179487,84563.46100762858,571
22,Japanese,29020.57746595488,5737.677258617405,1792.6470588235293,27227.930407131353,424
22,Other Civilizations,57373.61498183393,17409.317292196956,2068.969696969697,55304.64528486424,494
22,Other Western,4553.521013890582,1613.4621692262313,1601.2173913043478,2952.3036225862343,372
22,Sinic,300753.238307658,115537.13067277506,3129.4270557029176,297623.8112519551,658
22,United States,141876.1842315419,52194.89370209214,1844.0637813211845,140032.1204502207,356
23,Anglosphere ex-US,66940.06431485084,25498.611187723654,3183.4920212765956,63756.572293574245,614
23,Continental Europe,192555.42275709228,70989.63577164034,3923.499485066941,188631.92327202533,781
23,Hindu,52830.90589162828,26423.47728500078,2248.8695652173915,50582.03632641089,536
23,Islamic,86107.8147157715,39920.39240224717,2254.7179487179487,83853.09676705355,571
23,Japanese,28846.721664841487,5715.555070970547,1792.6470588235293,27054.07460601796,424
23,Other Civilizations,57488.29674069867,17537.19055147345,2068.969696969697,55419.327043728976,494
23,Other Western,4689.204703274809,1719.8407334870506,1601.2173913043478,3087.9873119704607,372
23,Sinic,300767.2976356643,114346.41104011143,3129.4270557029176,297637.8705799614,658
23,United States,142757.6501243355,52724.54643197009,1844.0637813211845,140913.5863430143,356
24,Anglosphere ex-US,66694.45754418809,25066.577074116,3183.4920212765956,63510.965522911494,614
24,Continental Europe,192232.5497751186,70587.02073402873,3923.499485066941,188309.05029005164,781
24,Hindu,52911.12695206923,26248.519892229495,2248.8695652173915,50662.25738685184,536
24,Islamic,87526.27461437008,41016.47087690239,2254.7179487179487,85271.55666565213,571
24,Japanese,29130.025944371715,6000.762240074986,1792.6470588235293,27337.378885548187,424
24,Other Civilizations,58226.117266477726,17901.24606796961,2068.969696969697,56157.14756950803,494
24,Other Western,4706.142027324978,1779.3390161354766,1601.2173913043478,3104.92463602063,372
24,Sinic,300139.427175172,114398.2672694906,3129.4270557029176,297010.0001194691,658
24,United States,142448.69246557445,52646.935308897715,1844.0637813211845,140604.62868425326,356
25,Anglosphere ex-US,66567.08573920513,25086.426042532163,3183.4920212765956,63383.59371792853,614
25,Continental Europe,192691.8098454481,70637.92024745082,3923.499485066941,188768.31036038115,781
25,Hindu,52311.31389281976,25697.377158940893,2248.8695652173915,50062.44432760237,536
25,Islamic,85877.77475001526,39540.04097407522,2254.7179487179487,83623.05680129731,571
25,Japanese,28834.770754723024,5880.455822325281,1792.6470588235293,27042.123695899496,424
25,Other Civilizations,58016.437130941,17772.903232143064,2068.969696969697,55947.4674339713,494
25,Other Western,4822.6777616292775,1843.421921086442,1601.2173913043478,3221.4603703249295,372
25,Sinic,299377.83331814624,113444.91139294577,3129.4270557029176,296248.40626244334,658
25,United States,142923.97725710925,53006.83131382095,1844.0637813211845,141079.91347578805,356
26,Anglosphere ex-US,65375.85481384511,24137.441618535406,3183.4920212765956,62192.362792568514,614
26,Continental Europe,191509.73691455036,70051.86291949624,3923.499485066941,187586.23742948342,781
26,Hindu,52715.274213875535,26183.863656515998,2248.8695652173915,50466.40464865814,536
26,Islamic,86766.4670497331,40118.08342827879,2254.7179487179487,84511.74910101514,571
26,Japanese,29274.60007353218,5932.275045069314,1792.6470588235293,27481.95301470865,424
26,Other Civilizations,58498.57444118439,18089.17851352691,2068.969696969697,56429.604744214696,494
26,Other Western,4549.211632384415,1656.724030494461,1601.2173913043478,2947.994241080067,372
26,Sinic,297924.1497145371,112726.5987272108,3129.4270557029176,294794.7226588342,658
26,United States,142412.51492935885,52300.353118143146,1844.0637813211845,140568.45114803765,356
27,Anglosphere ex-US,66760.62620526162,25436.11683155952,3183.4920212765956,63577.13418398503,614
27,Continental Europe,192695.8148641265,70682.54376320863,3923.499485066941,188772.31537905955,781
27,Hindu,51679.16416767794,25343.730570812884,2248.8695652173915,49430.29460246055,536
27,Islamic,85377.32222342218,39228.34181775846,2254.7179487179487,83122.60427470422,571
27,Japanese,29153.318850804848,5930.609588140773,1792.6470588235293,27360.67179198132,424
27,Other Civilizations,56904.76977292921,17188.182266712476,2068.969696969697,54835.800075959516,494
27,Other Western,4666.6153058725085,1767.870831284889,1601.2173913043478,3065.3979145681606,372
27,Sinic,300126.5179013784,114328.07310460861,3129.4270557029176,296997.0908456755,658
27,United States,142648.0287873661,52374.073834874056,1844.0637813211845,140803.9650060449,356
28,Anglosphere ex-US,66457.79347265992,25112.725469235276,3183.4920212765956,63274.301451383326,614
28,Continental Europe,193851.7939233418,71802.17875467113,3923.499485066941,189928.29443827484,781
28,Hindu,52107.767120727585,25836.32647233993,2248.8695652173915,49858.89755551019,536
28,Islamic,86383.72050188317,40441.17245001114,2254.7179487179487,84129.00255316522,571
28,Japanese,28995.89286751784,5870.152018697676,1792.6470588235293,27203.24580869431,424
28,Other Civilizations,56940.004593968406,17007.6388191446,2068.969696969697,54871.03489699871,494
28,Other Western,4744.252717189329,1763.6077919124302,1601.2173913043478,3143.035325884981,372
28,Sinic,301055.4203207749,114808.9991614566,3129.4270557029176,297925.993265072,658
28,United States,142814.3094283963,52810.253759287814,1844.0637813211845,140970.2456470751,356
29,Anglosphere ex-US,66887.57465383556,25409.664688385885,3183.4920212765956,63704.082632558966,614
29,Continental Europe,192976.27518849703,70943.12480104963,3923.499485066941,189052.7757034301,781
29,Hindu,51926.26897545306,25445.82543169442,2248.8695652173915,49677.39941023567,536
29,Islamic,86692.57252035243,40203.18042529126,2254.7179487179487,84437.85457163448,571
29,Japanese,29207.584850819578,5906.2904328693,1792.6470588235293,27414.93779199605,424
29,Other Civilizations,57468.50691955141,17328.634471281213,2068.969696969697,55399.53722258171,494
29,Other Western,4497.4092330663,1581.1997689387733,1601.2173913043478,2896.1918417619518,372
29,Sinic,298444.8710499911,112770.9693140772,3129.4270557029176,295315.4439942882,658
29,United States,142289.60311948237,52569.703677589736,1844.0637813211845,140445.53933816118,356
30,Anglosphere ex-US,66620.27659782977,25218.93122007794,3183.4920212765956,63436.784576553175,614
30,Continental Europe,194643.14784199587,72386.67077786424,3923.499485066941,190719.64835692893,781
30,Hindu,53446.63653521354,26568.3835316917,2248.8695652173915,51197.76696999615,536
30,Islamic,85539.64131254391,39371.449494572335,2254.7179487179487,83284.92336382596,571
30,Japanese,28773.135842145522,5611.635786755866,1792.6470588235293,26980.488783321995,424
30,Other Civilizations,58381.0721881287,18004.801107251365,2068.969696969697,56312.10249115901,494
30,Other Western,4727.510534854468,1768.968901301816,1601.2173913043478,3126.2931435501196,372
30,Sinic,298193.78862419445,112356.80339865219,3129.4270557029176,295064.36156849156,658
30,United States,141608.7512405069,51807.52800305753,1844.0637813211845,139764.68745918572,356
31,Anglosphere ex-US,67345.43466752752,25742.654801971163,3183.4920212765956,64161.94264625092,614
31,Continental Europe,191949.1934737882,70382.8704585153,3923.499485066941,188025.69398872126,781
31,Hindu,52772.42350486874,26337.137382988272,2248.8695652173915,50523.55393965135,536
31,Islamic,85728.01659571839,39574.75201742547,2254.7179487179487,83473.29864700044,571
31,Japanese,28813.35529318952,5714.502651444903,1792.6470588235293,27020.708234365993,424
31,Other Civilizations,57681.1206127067,17613.729969433913,2068.969696969697,55612.150915737,494
31,Other Western,4683.438836551514,1770.1805525356547,1601.2173913043478,3082.2214452471662,372
31,Sinic,300545.6218611941,114331.68677957187,3129.4270557029176,297416.1948054912,658
31,United States,141181.7979482298,51607.041089819075,1844.0637813211845,139337.7341669086,356
32,Anglosphere ex-US,66449.0848029154,24990.74618347649,3183.4920212765956,63265.59278163881,614
32,Continental Europe,191309.31550157326,69814.55003143239,3923.499485066941,187385.81601650632,781
32,Hindu,51652.079798328064,25191.66579796186,2248.8695652173915,49403.21023311067,536
32,Islamic,85515.31534070463,39385.80561904468,2254.7179487179487,83260.59739198668,571
32,Japanese,29031.632931109914,5861.233976572286,1792.6470588235293,27238.985872286386,424
32,Other Civilizations,57841.46494167516,17627.438837137703,2068.969696969697,55772.49524470547,494
32,Other Western,4626.319362110868,1753.362913742238,1601.2173913043478,3025.1019708065196,372
32,Sinic,301506.1814224034,115042.58300400288,3129.4270557029176,298376.7543667005,658
32,United States,141545.84696626075,51976.20390523937,1844.0637813211845,139701.78318493956,356
33,Anglosphere ex-US,65955.38664855034,24796.634361664335,3183.4920212765956,62771.894627273745,614
33,Continental Europe,192648.91259944093,71038.05373391102,3923.499485066941,188725.41311437398,781
33,Hindu,52365.37875079932,25911.007147316726,2248.8695652173915,50116.50918558193,536
33,Islamic,86080.60888398826,39694.81290450418,2254.7179487179487,83825.8909352703,571
33,Japanese,28991.726876490284,5838.093185192824,1792.6470588235293,27199.079817666756,424
33,Other Civilizations,58600.74325219561,17898.203678703536,2068.969696969697,56531.77355522591,494
33,Other Western,4646.5413866535055,1695.452906836968,1601.2173913043478,3045.3239953491575,372
33,Sinic,298951.80483145465,113835.6643670818,3129.4270557029176,295822.37777575175,658
33,United States,142399.52916617025,52482.595108604,1844.0637813211845,140555.46538484906,356
34,Anglosphere ex-US,66242.412008985,25018.688702011008,3183.4920212765956,63058.91998770841,614
34,Continental Europe,192708.17610991446,70732.28996690508,3923.499485066941,188784.67662484752,781
34,Hindu,51890.68880036304,25704.94016113996,2248.8695652173915,49641.819235145646,536
34,Islamic,85238.03643853939,38961.17356413369,2254.7179487179487,82983.31848982144,571
34,Japanese,28946.378491523734,5813.664639938794,1792.6470588235293,27153.731432700206,424
34,Other Civilizations,57770.1220356948,17847.403837771973,2068.969696969697,55701.15233872511,494
34,Other Western,4677.8748972520125,1825.8951660110654,1601.2173913043478,3076.6575059476645,372
34,Sinic,297136.6936958012,112223.7341476008,3129.4270557029176,294007.2666400983,658
34,United States,141552.5294584999,52184.47106531105,1844.0637813211845,139708.4656771787,356
35,Anglosphere ex-US,66889.71746160465,25410.255451018544,3183.4920212765956,63706.22544032806,614
35,Continental Europe,191932.46541880374,70552.97546818372,3923.499485066941,188008.9659337368,781
35,Hindu,52015.079628310705,25550.126454917372,2248.8695652173915,49766.21006309331,536
35,Islamic,86754.29066984693,40355.39227155868,2254.7179487179487,84499.57272112898,571
35,Japanese,29211.00653204939,5940.0526364116895,1792.6470588235293,27418.35947322586,424
35,Other Civilizations,58375.19973463353,18032.46230735916,2068.969696969697,56306.23003766383,494
35,Other Western,4561.510174414686,1679.6786061267576,1601.2173913043478,2960.292783110338,372
35,Sinic,300244.6237317415,114458.62946386694,3129.4270557029176,297115.1966760386,658
35,United States,141713.38773061425,52157.68870393535,1844.0637813211845,139869.32394929306,356
36,Anglosphere ex-US,66378.4249955341,25102.559954250864,3183.4920212765956,63194.9329742575,614
36,Continental Europe,193315.38658329786,71489.0697194924,3923.499485066941,189391.88709823092,781
36,Hindu,52485.04149741419,25851.496801929232,2248.8695652173915,50236.1719321968,536
36,Islamic,86722.77229028301,40518.81276977544,2254.7179487179487,84468.05434156506,571
36,Japanese,29132.640357100106,5946.314159193699,1792.6470588235293,27339.99329827658,424
36,Other Civilizations,58285.45574812706,17818.446040543957,2068.969696969697,56216.486051157364,494
36,Other Western,4673.301123966859,1757.0924935589067,1601.2173913043478,3072.0837326625115,372
36,Sinic,299073.26509140973,113255.02645439649,3129.4270557029176,295943.83803570684,658
36,United States,142214.15740286116,52499.523307618256,1844.0637813211845,140370.09362153997,356
37,Anglosphere ex-US,66664.37382376396,25456.292119092013,3183.4920212765956,63480.88180248737,614
37,Continental Europe,192368.68983204023,70741.71177982216,3923.499485066941,188445.19034697328,781
37,Hindu,52086.94590624626,25441.114579282865,2248.8695652173915,49838.07634102887,536
37,Islamic,86771.66487463328,40297.917134083276,2254.7179487179487,84516.94692591533,571
37,Japanese,28935.695452667387,5750.293161809279,1792.6470588235293,27143.04839384386,424
37,Other Civilizations,57789.9808611254,17485.84423359622,2068.969696969697,55721.0111641557,494
37,Other Western,4706.9958025635815,1795.5538333325023,1601.2173913043478,3105.7784112592335,372
37,Sinic,298629.1609565759,113000.98812279294,3129.4270557029176,295499.733900873,658
37,United States,140950.60483478935,51594.55622251508,1844.0637813211845,139106.54105346816,356
38,Anglosphere ex-US,66485.09825156721,25197.603544344838,3183.4920212765956,63301.606230290614,614
38,Continental Europe,192592.72769906756,70487.15689231813,3923.499485066941,188669.2282140006,781
38,Hindu,51901.92340381228,25585.57875986907,2248.8695652173915,49653.05383859489,536
38,Islamic,86926.46748518794,40623.56772602568,2254.7179487179487,84671.74953646999,571
38,Japanese,29081.429861436212,5878.41684416064,1792.6470588235293,27288.782802612684,424
38,Other Civilizations,57478.88089635122,17459.91308006623,2068.969696969697,55409.911199381524,494
38,Other Western,4600.185025328357,1676.115315559986,1601.2173913043478,2998.9676340240094,372
38,Sinic,299567.07991220924,113466.45987374698,3129.4270557029176,296437.65285650635,658
38,United States,141334.908614134,51822.65935311748,1844.0637813211845,139490.8448328128,356
39,Anglosphere ex-US,66627.8235395914,25362.412538414734,3183.4920212765956,63444.3315183148,614
39,Continental Europe,193026.52466587586,70977.92069850763,3923.499485066941,189103.0251808089,781
39,Hindu,52072.07000349926,25657.194037633915,2248.8695652173915,49823.20043828187,536
39,Islamic,85901.51085026955,39836.86328097707,2254.7179487179487,83646.7929015516,571
39,Japanese,29698.335452002793,6139.507454316343,1792.6470588235293,27905.688393179265,424
39,Other Civilizations,57407.190796482035,17346.5366684861,2068.969696969697,55338.22109951234,494
39,Other Western,4555.643105054547,1678.3826150583086,1601.2173913043478,2954.425713750199,372
39,Sinic,300696.7424579938,114564.9528512909,3129.4270557029176,297567.3154022909,658
39,United States,141241.50132699305,51779.51806125081,1844.0637813211845,139397.43754567186,356
40,Anglosphere ex-US,66142.90178474059,25278.472367165326,3183.4920212765956,62959.409763464,614
40,Continental Europe,193037.17408695928,71196.88103215978,3923.499485066941,189113.67460189233,781
40,Hindu,51624.04282100595,25142.34611495365,2248.8695652173915,49375.173255788555,536
40,Islamic,86718.72560643939,40306.864412145536,2254.7179487179487,84464.00765772143,571
40,Japanese,29300.889137829323,5994.722365407298,1792.6470588235293,27508.242079005795,424
40,Other Civilizations,57625.75464623449,17717.75172548997,2068.969696969697,55556.784949264795,494
40,Other Western,4862.837221791462,1883.2657788529707,1601.2173913043478,3261.619830487114,372
40,Sinic,300211.00415295025,114083.78331323802,3129.4270557029176,297081.57709724735,658
40,United States,143817.6722063648,53617.94878087005,1844.0637813211845,141973.6084250436,356
41,Anglosphere ex-US,66403.03760528703,24901.943774586627,3183.4920212765956,63219.54558401043,614
41,Continental Europe,192712.1300823334,70897.68985319421,3923.499485066941,188788.63059726646,781
41,Hindu,52559.675954783044,26137.546156490353,2248.8695652173915,50310.80638956565,536
41,Islamic,85751.80196438065,39520.98578103482,2254.7179487179487,83497.0840156627,571
41,Japanese,28864.78823387281,5743.708187861646,1792.6470588235293,27072.14117504928,424
41,Other Civilizations,58717.28587881931,18391.206387577015,2068.969696969697,56648.316181849616,494
41,Other Western,4549.986085800771,1612.207209310022,1601.2173913043478,2948.7686944964234,372
41,Sinic,299924.967031719,113912.76999606562,3129.4270557029176,296795.5399760161,658
41,United States,141789.7380965979,52191.30461430362,1844.0637813211845,139945.6743152767,356
42,Anglosphere ex-US,66230.1341485532,24915.288374598633,3183.4920212765956,63046.64212727661,614
42,Continental Europe,192749.58284042048,71014.6326038226,3923.499485066941,188826.08335535353,781
42,Hindu,52178.574336051825,25763.85619439458,2248.8695652173915,49929.70477083443,536
42,Islamic,85452.50268992882,39333.803137961804,2254.7179487179487,83197.78474121087,571
42,Japanese,28987.049258538922,5827.472935380078,1792.6470588235293,27194.402199715394,424
42,Other Civilizations,57506.26677579041,17348.871529435037,2068.969696969697,55437.29707882072,494
42,Other Western,4482.747058558929,1635.8636709138493,1601.2173913043478,2881.529667254581,372
42,Sinic,300431.460491092,114646.33416066605,3129.4270557029176,297302.0334353891,658
42,United States,142086.22427199886,52333.980018090544,1844.0637813211845,140242.16049067766,356
43,Anglosphere ex-US,66454.22834228438,25192.209942778743,3183.4920212765956,63270.73632100778,614
43,Continental Europe,192517.27377690887,70877.7811467005,3923.499485066941,188593.77429184192,781
43,Hindu,52843.11424183092,26410.604907346355,2248.8695652173915,50594.244676613525,536
43,Islamic,86227.04878261381,39976.860774382396,2254.7179487179487,83972.33083389586,571
43,Japanese,29137.390670667024,5893.767220541589,1792.6470588235293,27344.743611843496,424
43,Other Civilizations,57426.39366068441,17552.971910988144,2068.969696969697,55357.42396371471,494
43,Other Western,4474.098189968503,1565.0719629089504,1601.2173913043478,2872.880798664155,372
43,Sinic,300164.71987543325,114265.6508151333,3129.4270557029176,297035.29281973036,658
43,United States,142188.12941146147,52319.999103067166,1844.0637813211845,140344.06563014028,356
44,Anglosphere ex-US,66207.92078778044,24941.374689855482,3183.4920212765956,63024.42876650385,614
44,Continental Europe,191322.57906608487,69902.41058340289,3923.499485066941,187399.07958101793,781
44,Hindu,52586.290654405326,26215.67483087471,2248.8695652173915,50337.421089187934,536
44,Islamic,86160.42246369756,39867.86063734622,2254.7179487179487,83905.7045149796,571
44,Japanese,29238.25505757461,5960.072217302662,1792.6470588235293,27445.607998751082,424
44,Other Civilizations,58156.706327872686,17848.762215606625,2068.969696969697,56087.73663090299,494
44,Other Western,4492.612332260894,1644.7212071666518,1601.2173913043478,2891.3949409565457,372
44,Sinic,299124.19803023734,113339.62639592843,3129.4270557029176,295994.77097453445,658
44,United States,142599.97536484382,52666.79265729169,1844.0637813211845,140755.91158352263,356
45,Anglosphere ex-US,66224.95960407553,25036.866112700794,3183.4920212765956,63041.467582798934,614
45,Continental Europe,193122.8286548377,71244.55106445108,3923.499485066941,189199.32916977076,781
45,Hindu,52970.72435196751,26290.685534607583,2248.8695652173915,50721.85478675012,536
45,Islamic,85489.03233430433,39311.597175787654,2254.7179487179487,83234.31438558637,571
45,Japanese,29147.009870104284,5971.04099367911,1792.6470588235293,27354.362811280756,424
45,Other Civilizations,57760.76898547518,17610.598580022506,2068.969696969697,55691.799288505485,494
45,Other Western,4815.242306233687,1841.8983856252958,1601.2173913043478,3214.0249149293386,372
45,Sinic,299097.4764322737,113394.01134202738,3129.4270557029176,295968.0493765708,658
45,United States,141162.18303870418,51628.12319236065,1844.0637813211845,139318.119257383,356
46,Anglosphere ex-US,66452.06389597617,25142.91247624279,3183.4920212765956,63268.57187469958,614
46,Continental Europe,192656.52024984168,70714.16230203958,3923.499485066941,188733.02076477473,781
46,Hindu,51335.2212201869,25524.196738134593,2248.8695652173915,49086.351654969505,536
46,Islamic,86025.85534392949,39618.39111933051,2254.7179487179487,83771.13739521154,571
46,Japanese,29199.153887818768,5896.356938414126,1792.6470588235293,27406.50682899524,424
46,Other Civilizations,57396.05109369611,17211.37487598333,2068.969696969697,55327.08139672641,494
46,Other Western,4603.925061693761,1698.3457519966855,1601.2173913043478,3002.7076703894127,372
46,Sinic,301071.7873344542,115196.63312394657,3129.4270557029176,297942.3602787513,658
46,United States,141707.85801794787,51899.15203208111,1844.0637813211845,139863.79423662668,356
47,Anglosphere ex-US,66064.91701580568,25008.145135919825,3183.4920212765956,62881.42499452909,614
47,Continental Europe,191677.0462319735,70288.60818067,3923.499485066941,187753.54674690656,781
47,Hindu,52365.9252980499,26193.26496571948,2248.8695652173915,50117.05573283251,536
47,Islamic,85810.8415071192,39463.818103948855,2254.7179487179487,83556.12355840125,571
47,Japanese,29199.381065531867,5969.991057594039,1792.6470588235293,27406.73400670834,424
47,Other Civilizations,57383.863031890134,17182.50405089721,2068.969696969697,55314.89333492044,494
47,Other Western,4744.230457965048,1791.150471721348,1601.2173913043478,3143.0130666607,372
47,Sinic,298348.1016517789,112890.83171994366,3129.4270557029176,295218.674596076,658
47,United States,141645.04312607792,52112.27304458422,1844.0637813211845,139800.97934475672,356
48,Anglosphere ex-US,66060.13846153462,24793.042747726573,3183.4920212765956,62876.646440258024,614
48,Continental Europe,191864.13142007333,70199.48155058835,3923.499485066941,187940.6319350064,781
48,Hindu,52770.905603755644,26320.664502474545,2248.8695652173915,50522.03603853825,536
48,Islamic,85686.42067897302,39710.43622429053,2254.7179487179487,83431.70273025507,571
48,Japanese,29103.96380469873,5850.397327636825,1792.6470588235293,27311.316745875203,424
48,Other Civilizations,58017.14976985383,17966.278287135847,2068.969696969697,55948.18007288413,494
48,Other Western,4480.525825433241,1609.6321458058455,1601.2173913043478,2879.308434128893,372
48,Sinic,299740.9590193768,113954.16634075475,3129.4270557029176,296611.5319636739,658
48,United States,141558.4617148157,52162.57139825134,1844.0637813211845,139714.3979334945,356
49,Anglosphere ex-US,66362.51694405542,25121.22580166113,3183.4920212765956,63179.02492277882,614
49,Continental Europe,193843.41289162723,71867.51312136276,3923.499485066941,189919.91340656028,781
49,Hindu,52799.66935357948,26237.943282327822,2248.8695652173915,50550.799788362085,536
49,Islamic,85961.14518836442,39829.105352557264,2254.7179487179487,83706.42723964647,571
49,Japanese,28973.99662285418,5686.086305450676,1792.6470588235293,27181.349564030654,424
49,Other Civilizations,57417.890948195236,17421.321746871363,2068.969696969697,55348.92125122554,494
49,Other Western,4680.209870338024,1764.234598205141,1601.2173913043478,3078.9924790336763,372
49,Sinic,301808.0183535584,115629.67663289196,3129.4270557029176,298678.5912978555,658
49,United States,143251.45522583023,53094.0301253851,1844.0637813211845,141407.39144450903,356
50,Anglosphere ex-US,66576.62704386459,25315.008543677337,3183.4920212765956,63393.135022587994,614
50,Continental Europe,192632.418758051,70655.84424296545,3923.499485066941,188708.91927298406,781
50,Hindu,52516.77260186621,26091.25795112631,2248.8695652173915,50267.903036648815,536
50,Islamic,85560.55539955987,39158.44699184854,2254.7179487179487,83305.83745084192,571
50,Japanese,29045.235926166708,5791.282916889943,1792.6470588235293,27252.58886734318,424
50,Other Civilizations,57329.0434645967,17249.877166007955,2068.969696969697,55260.07376762701,494
50,Other Western,4672.401953603623,1691.7512609452751,1601.2173913043478,3071.184562299275,372
50,Sinic,298271.95146407763,112528.11118370932,3129.4270557029176,295142.52440837474,658
50,United States,141911.6133911931,51993.80817020379,1844.0637813211845,140067.5496098719,356
51,Anglosphere ex-US,65954.80812365322,24710.13000475501,3183.4920212765956,62771.31610237662,614
51,Continental Europe,192161.371935979,70275.48476790017,3923.499485066941,188237.87245091205,781
51,Hindu,51888.954101901894,25555.447051438645,2248.8695652173915,49640.0845366845,536
51,Islamic,85612.38331806238,39206.942491307134,2254.7179487179487,83357.66536934442,571
51,Japanese,29001.9593433208,5935.554380116124,1792.6470588235293,27209.31228449727,424
51,Other Civilizations,57427.81124309717,17308.41632409047,2068.969696969697,55358.84154612747,494
51,Other Western,4494.254529863876,1615.9784391887747,1601.2173913043478,2893.037138559528,372
51,Sinic,299170.59568145557,113589.65152871436,3129.4270557029176,296041.1686257527,658
51,United States,142214.0757440933,52667.7686601741,1844.0637813211845,140370.0119627721,356
52,Anglosphere ex-US,67090.03920227903,25545.389733371303,3183.4920212765956,63906.54718100244,614
52,Continental Europe,191913.6430083738,70029.70574726173,3923.499485066941,187990.14352330685,781
52,Hindu,52947.40755302845,26292.99708948635,2248.8695652173915,50698.53798781106,536
52,Islamic,85866.12505790385,39643.04601998347,2254.7179487179487,83611.4071091859,571
52,Japanese,29311.543639198993,6037.836737037338,1792.6470588235293,27518.896580375465,424
52,Other Civilizations,57548.85478702326,17384.1089389866,2068.969696969697,55479.88509005356,494
52,Other Western,4790.1899259531665,1863.7164735158697,1601.2173913043478,3188.9725346488185,372
52,Sinic,299273.64113714907,113280.78015061685,3129.4270557029176,296144.2140814462,658
52,United States,141601.24921045115,52374.00755606855,1844.0637813211845,139757.18542912995,356
53,Anglosphere ex-US,66240.14675088924,24845.521429090062,3183.4920212765956,63056.654729612645,614
53,Continental Europe,193926.41896999604,71712.99371888138,3923.499485066941,190002.9194849291,781
53,Hindu,51885.776746236625,25382.466268387972,2248.8695652173915,49636.90718101923,536
53,Islamic,86523.2081151475,39946.50483921754,2254.7179487179487,84268.49016642955,571
53,Japanese,29122.863575317322,6024.515669206414,1792.6470588235293,27330.216516493794,424
53,Other Civilizations,58319.47602349703,17967.58825308887,2068.969696969697,56250.506326527335,494
53,Other Western,4482.264249197983,1617.9170891197148,1601.2173913043478,2881.046857893635,372
53,Sinic,299060.8592934567,113181.99889194511,3129.4270557029176,295931.4322377538,658
53,United States,141751.16733692592,52406.23350804375,1844.0637813211845,139907.10355560473,356
54,Anglosphere ex-US,66374.55147436394,25168.129306138042,3183.4920212765956,63191.05945308734,614
54,Continental Europe,192913.1903693161,71144.79490884564,3923.499485066941,188989.69088424914,781
54,Hindu,52962.33044771707,26616.909084761435,2248.8695652173915,50713.460882499676,536
54,Islamic,86580.25330098823,39940.96905825348,2254.7179487179487,84325.53535227028,571
54,Japanese,28811.50267064476,5604.163817007948,1792.6470588235293,27018.855611821233,424
54,Other Civilizations,58098.51048053483,17727.683300878627,2068.969696969697,56029.540783565135,494
54,Other Western,4819.257357567651,1857.9747394242809,1601.2173913043478,3218.0399662633026,372
54,Sinic,301026.8964247792,114824.54871971282,3129.4270557029176,297897.4693690763,658
54,United States,142811.46919572374,53181.27053585329,1844.0637813211845,140967.40541440254,356
55,Anglosphere ex-US,66862.64511212864,25529.602074474926,3183.4920212765956,63679.15309085204,614
55,Continental Europe,193207.23662326328,71336.60266826236,3923.499485066941,189283.73713819633,781
55,Hindu,52044.86611652889,25493.30515205875,2248.8695652173915,49795.996551311495,536
55,Islamic,85861.01506187249,39357.39257224164,2254.7179487179487,83606.29711315453,571
55,Japanese,29275.69838184298,5966.85972222013,1792.6470588235293,27483.051323019452,424
55,Other Civilizations,58833.41301234982,18331.39139604043,2068.969696969697,56764.44331538012,494
55,Other Western,4465.813550273525,1613.8778887968062,1601.2173913043478,2864.596158969177,372
55,Sinic,298784.68738248816,113195.27991826565,3129.4270557029176,295655.26032678527,658
55,United States,142008.1382539356,52277.15156245856,1844.0637813211845,140164.07447261442,356
56,Anglosphere ex-US,66466.45326849981,25016.31269170797,3183.4920212765956,63282.96124722322,614
56,Continental Europe,192953.83449780333,70868.48640569698,3923.499485066941,189030.33501273638,781
56,Hindu,51866.88740908458,25304.751802225994,2248.8695652173915,49618.01784386719,536
56,Islamic,85615.77225278535,39709.67900883865,2254.7179487179487,83361.0543040674,571
56,Japanese,28755.005879285003,5806.985533357187,1792.6470588235293,26962.358820461475,424
56,Other Civilizations,57968.500030102565,17857.194686795352,2068.969696969697,55899.53033313287,494
56,Other Western,4564.691531435769,1721.2892452515262,1601.2173913043478,2963.4741401314213,372
56,Sinic,301295.8785762246,115009.7745143417,3129.4270557029176,298166.4515205217,658
56,United States,141085.76242698365,51872.03410822843,1844.0637813211845,139241.69864566246,356
57,Anglosphere ex-US,66649.25649018683,25106.41986284839,3183.4920212765956,63465.76446891024,614
57,Continental Europe,192402.98050097682,70783.93295205581,3923.499485066941,188479.48101590987,781
57,Hindu,52760.31777304054,26254.15770536224,2248.8695652173915,50511.448207823145,536
57,Islamic,85404.0499501728,39240.05207879989,2254.7179487179487,83149.33200145485,571
57,Japanese,28875.962753543372,5657.799743754044,1792.6470588235293,27083.315694719844,424
57,Other Civilizations,57651.425466296394,17300.64050620087,2068.969696969697,55582.4557693267,494
57,Other Western,4787.741852309349,1892.7912326819112,1601.2173913043478,3186.5244610050013,372
57,Sinic,300253.80715682707,113685.8977455197,3129.4270557029176,297124.3801011242,658
57,United States,141897.89990149875,52045.71813074566,1844.0637813211845,140053.83612017756,356
58,Anglosphere ex-US,66684.12897033125,25350.84954711945,3183.4920212765956,63500.63694905466,614
58,Continental Europe,191722.88561931433,69915.08628202735,3923.499485066941,187799.38613424738,781
58,Hindu,53249.989474607064,26475.1647681593,2248.8695652173915,51001.11990938967,536
58,Islamic,86734.12407022907,40329.43020851614,2254.7179487179487,84479.40612151111,571
58,Japanese,28931.612631582677,5825.803216973354,1792.6470588235293,27138.96557275915,424
58,Other Civilizations,57553.52950042819,17595.66387862021,2068.969696969697,55484.55980345849,494
58,Other Western,4645.680317444603,1753.1188784183855,1601.2173913043478,3044.462926140255,372
58,Sinic,299872.424448561,114640.49137660231,3129.4270557029176,296742.9973928581,658
58,United States,141937.3500074904,52335.30112663902,1844.0637813211845,140093.2862261692,356
59,Anglosphere ex-US,66486.26694993186,25086.275022781752,3183.4920212765956,63302.774928655264,614
59,Continental Europe,193807.9446390967,71945.72136155478,3923.499485066941,189884.44515402976,781
59,Hindu,52354.208388377505,26146.93314892165,2248.8695652173915,50105.33882316011,536
59,Islamic,86331.8038074981,40097.67431748,2254.7179487179487,84077.08585878015,571
59,Japanese,29015.79780989411,5927.353855865141,1792.6470588235293,27223.15075107058,424
59,Other Civilizations,58454.94717664599,18168.770306848503,2068.969696969697,56385.977479676294,494
59,Other Western,4642.191785725208,1728.640904604476,1601.2173913043478,3040.9743944208603,372
59,Sinic,299796.9566202529,113317.20903411276,3129.4270557029176,296667.52956455003,658
59,United States,142076.78956659118,52244.82039866312,1844.0637813211845,140232.72578526998,356
60,Anglosphere ex-US,66703.81047521785,25474.010730947433,3183.4920212765956,63520.318453941254,614
60,Continental Europe,192613.52383868414,71032.16518365801,3923.499485066941,188690.0243536172,781
60,Hindu,52751.68752777853,26247.26971852381,2248.8695652173915,50502.81796256114,536
60,Islamic,86910.13543776877,40566.25809941896,2254.7179487179487,84655.41748905081,571
60,Japanese,28387.16536058327,5558.411634607364,1792.6470588235293,26594.51830175974,424
60,Other Civilizations,57844.92116891661,17543.056046250025,2068.969696969697,55775.951471946915,494
60,Other Western,4645.129828591023,1720.7449469004837,1601.2173913043478,3043.9124372866754,372
60,Sinic,301322.8853582574,115182.65171011974,3129.4270557029176,298193.4583025545,658
60,United States,140524.6838815314,51208.09576260738,1844.0637813211845,138680.62010021022,356
61,Anglosphere ex-US,65766.25305500664,24583.785823332415,3183.4920212765956,62582.76103373005,614
61,Continental Europe,193410.08916686516,71425.70482665188,3923.499485066941,189486.5896817982,781
61,Hindu,52713.49102038349,26038.092932937576,2248.8695652173915,50464.621455166096,536
61,Islamic,85751.67040478956,39689.60526731471,2254.7179487179487,83496.95245607161,571
61,Japanese,29377.827132409093,5960.236059894208,1792.6470588235293,27585.180073585565,424
61,Other Civilizations,57392.35409841243,17615.864081704694,2068.969696969697,55323.38440144273,494
61,Other Western,4488.373115575081,1588.49730942672,1601.2173913043478,2887.155724270733,372
61,Sinic,298853.75914585544,113379.56263067838,3129.4270557029176,295724.33209015254,658
61,United States,141169.70169188542,51771.957731724506,1844.0637813211845,139325.63791056423,356
62,Anglosphere ex-US,65648.95020847936,24662.33784778463,3183.4920212765956,62465.45818720277,614
62,Continental Europe,192487.33774366367,70632.34888328623,3923.499485066941,188563.83825859672,781
62,Hindu,52600.5438181591,26243.55511333827,2248.8695652173915,50351.67425294171,536
62,Islamic,85914.533097337,40139.33091442371,2254.7179487179487,83659.81514861905,571
62,Japanese,29002.01602789533,5760.570526618872,1792.6470588235293,27209.368969071802,424
62,Other Civilizations,58443.605965944604,18270.996638249333,2068.969696969697,56374.63626897491,494
62,Other Western,4626.907821278869,1695.9616302436655,1601.2173913043478,3025.690429974521,372
62,Sinic,300319.3969068398,114621.76117141293,3129.4270557029176,297189.9698511369,658
62,United States,141678.70231368995,51970.11421761944,1844.0637813211845,139834.63853236876,356
63,Anglosphere ex-US,65788.06540595123,24712.810036285864,3183.4920212765956,62604.57338467464,614
63,Continental Europe,193752.21457593248,71914.40938298644,3923.499485066941,189828.71509086553,781
63,Hindu,52915.86763281186,26382.884685779,2248.8695652173915,50666.99806759447,536
63,Islamic,86879.97422523232,40222.8269631372,2254.7179487179487,84625.25627651437,571
63,Japanese,28862.34996663753,5837.499354246722,1792.6470588235293,27069.702907814,424
63,Other Civilizations,57352.392665770036,17195.787074290572,2068.969696969697,55283.42296880034,494
63,Other Western,4700.695910843859,1764.9444606234235,1601.2173913043478,3099.4785195395107,372
63,Sinic,297199.4278543755,112301.33528445498,3129.4270557029176,294070.0007986726,658
63,United States,142069.75592891898,52259.39313484886,1844.0637813211845,140225.6921475978,356
64,Anglosphere ex-US,65707.95506117541,24377.526296784596,3183.4920212765956,62524.463039898816,614
64,Continental Europe,191884.05079446678,70520.03647037075,3923.499485066941,187960.55130939983,781
64,Hindu,52169.71743274974,25677.568884609056,2248.8695652173915,49920.84786753235,536
64,Islamic,86118.662500921,39821.5401983798,2254.7179487179487,83863.94455220304,571
64,Japanese,28662.274272976534,5586.281369153283,1792.6470588235293,26869.627214153006,424
64,Other Civilizations,58167.25877023584,17717.49268502647,2068.969696969697,56098.28907326615,494
64,Other Western,4668.325200993217,1769.6594223446507,1601.2173913043478,3067.1078096888687,372
64,Sinic,299319.75105252967,113906.51432058537,3129.4270557029176,296190.3239968268,658
64,United States,142796.8756747375,53180.613130552454,1844.0637813211845,140952.8118934163,356
65,Anglosphere ex-US,65706.67855114272,24594.801319129663,3183.4920212765956,62523.18652986612,614
65,Continental Europe,192832.02013843606,70823.96553286158,3923.499485066941,188908.5206533691,781
65,Hindu,52354.555654072516,25929.824967318455,2248.8695652173915,50105.686088855124,536
65,Islamic,86915.38875029897,40438.7336439409,2254.7179487179487,84660.67080158101,571
65,Japanese,28483.88356109836,5538.098754973626,1792.6470588235293,26691.23650227483,424
65,Other Civilizations,57627.00892546236,17430.93581165897,2068.969696969697,55558.039228492664,494
65,Other Western,4634.902924579883,1674.0582659744848,1601.2173913043478,3033.685533275535,372
65,Sinic,301315.8074741169,115272.82212929154,3129.4270557029176,298186.380418414,658
65,United States,143126.94061601785,53098.44551662934,1844.0637813211845,141282.87683469665,356
66,Anglosphere ex-US,67790.6011628803,26055.57310698541,3183.4920212765956,64607.1091416037,614
66,Continental Europe,192165.27604510548,70509.33645198458,3923.499485066941,188241.77656003853,781
66,Hindu,52561.49807619375,25664.506960160852,2248.8695652173915,50312.628510976356,536
66,Islamic,86324.8428511249,40085.68657970009,2254.7179487179487,84070.12490240694,571
66,Japanese,28881.51751043786,5686.3599991372275,1792.6470588235293,27088.870451614333,424
66,Other Civilizations,57395.155210156736,17194.982759475,2068.969696969697,55326.18551318704,494
66,Other Western,4792.679436026932,1837.2679468462588,1601.2173913043478,3191.4620447225843,372
66,Sinic,297391.2073919251,112739.4672154046,3129.4270557029176,294261.7803362222,658
66,United States,142021.6552310108,52428.92872312043,1844.0637813211845,140177.59144968961,356
67,Anglosphere ex-US,66521.26138935899,25087.734121927046,3183.4920212765956,63337.769368082394,614
67,Continental Europe,193304.4439003127,71256.33923907598,3923.499485066941,189380.94441524576,781
67,Hindu,52129.37514794707,25544.169680616054,2248.8695652173915,49880.505582729675,536
67,Islamic,86338.92952016201,40281.85708950405,2254.7179487179487,84084.21157144406,571
67,Japanese,29187.677277440023,5968.616938933688,1792.6470588235293,27395.030218616495,424
67,Other Civilizations,57895.591286746305,17746.430463321798,2068.969696969697,55826.62158977661,494
67,Other Western,4646.571247252978,1714.711635039133,1601.2173913043478,3045.3538559486296,372
67,Sinic,299495.3751377147,113275.28217705787,3129.4270557029176,296365.94808201183,658
67,United States,142352.25369789312,52447.18108852291,1844.0637813211845,140508.18991657192,356
68,Anglosphere ex-US,66662.72555291999,25393.81257921381,3183.4920212765956,63479.2335316434,614
68,Continental Europe,193809.29760625103,71449.80359617718,3923.499485066941,189885.79812118408,781
68,Hindu,53209.92958274053,26740.073610376323,2248.8695652173915,50961.06001752314,536
68,Islamic,86700.14901338369,40440.00911183969,2254.7179487179487,84445.43106466574,571
68,Japanese,28812.877640613176,5804.9332432437905,1792.6470588235293,27020.23058178965,424
68,Other Civilizations,57324.99310423616,17202.33948924032,2068.969696969697,55256.02340726646,494
68,Other Western,4742.792515138698,1811.7274660475478,1601.2173913043478,3141.57512383435,372
68,Sinic,299514.1742276889,113554.16386903363,3129.4270557029176,296384.74717198603,658
68,United States,141046.5671032998,51586.981489574595,1844.0637813211845,139202.5033219786,356
69,Anglosphere ex-US,67271.36229789919,25931.017969272656,3183.4920212765956,64087.8702766226,614
69,Continental Europe,193112.7296221386,71250.26988084597,3923.499485066941,189189.23013707166,781
69,Hindu,51228.13156177667,24925.713418874788,2248.8695652173915,48979.261996559275,536
69,Islamic,86290.16489879246,40117.94972649367,2254.7179487179487,84035.4469500745,571
69,Japanese,29120.014309766157,5962.6030691662745,1792.6470588235293,27327.36725094263,424
69,Other Civilizations,59165.45598682716,18596.64922424006,2068.969696969697,57096.486289857465,494
69,Other Western,4383.574971803623,1507.9131681908373,1601.2173913043478,2782.357580499275,372
69,Sinic,299449.92597689,113601.2549793809,3129.4270557029176,296320.4989211871,658
69,United States,141853.21814877712,52204.188156987,1844.0637813211845,140009.15436745592,356
70,Anglosphere ex-US,66092.08378763936,24926.022714444458,3183.4920212765956,62908.59176636277,614
70,Continental Europe,192020.11353381333,70377.56278166505,3923.499485066941,188096.61404874639,781
70,Hindu,52197.19484531698,25686.18793683812,2248.8695652173915,49948.32528009959,536
70,Islamic,87112.05020479218,40437.917385134766,2254.7179487179487,84857.33225607422,571
70,Japanese,29146.74276213202,5893.509518210026,1792.6470588235293,27354.095703308492,424
70,Other Civilizations,57545.82181288503,17425.5450931115,2068.969696969697,55476.85211591533,494
70,Other Western,4710.014323688202,1802.757942708029,1601.2173913043478,3108.7969323838543,372
70,Sinic,298866.37064009113,113488.84736713435,3129.4270557029176,295736.94358438824,658
70,United States,141921.87070144375,52089.42573435839,1844.0637813211845,140077.80692012256,356
71,Anglosphere ex-US,66454.15395252281,25123.427108639,3183.4920212765956,63270.66193124622,614
71,Continental Europe,192746.59589315136,70825.49582912143,3923.499485066941,188823.0964080844,781
71,Hindu,52799.23908140145,26202.51402609256,2248.8695652173915,50550.36951618406,536
71,Islamic,85676.33346686984,39717.94319223721,2254.7179487179487,83421.61551815188,571
71,Japanese,28771.508450437916,5653.511846935872,1792.6470588235293,26978.861391614388,424
71,Other Civilizations,57309.27134508184,17302.814113071505,2068.969696969697,55240.301648112145,494
71,Other Western,4330.522286899395,1531.8726118087445,1601.2173913043478,2729.304895595047,372
71,Sinic,300933.8011950926,114725.1087782916,3129.4270557029176,297804.3741393897,658
71,United States,142184.38110620773,52584.18237761428,1844.0637813211845,140340.31732488654,356
72,Anglosphere ex-US,66367.90777726944,25084.729121747197,3183.4920212765956,63184.41575599285,614
72,Continental Europe,192723.7478781466,70702.49259898964,3923.499485066941,188800.24839307964,781
72,Hindu,52524.763668937594,26022.1929006768,2248.8695652173915,50275.8941037202,536
72,Islamic,85986.06124144135,39465.16671955705,2254.7179487179487,83731.3432927234,571
72,Japanese,28874.413951125287,5786.202878402792,1792.6470588235293,27081.76689230176,424
72,Other Civilizations,58303.77114252691,18087.252478387836,2068.969696969697,56234.80144555721,494
72,Other Western,4562.199168417432,1678.419233298484,1601.2173913043478,2960.981777113084,372
72,Sinic,299278.8138342811,113565.50486423353,3129.4270557029176,296149.3867785782,658
72,United States,141296.9342110326,51540.652259108174,1844.0637813211845,139452.87042971142,356
73,Anglosphere ex-US,66530.89287114464,25340.781985727728,3183.4920212765956,63347.40084986804,614
73,Continental Europe,193001.63389521063,71251.63821636121,3923.499485066941,189078.13441014368,781
73,Hindu,52646.2326745798,26068.11762586353,2248.8695652173915,50397.363109362406,536
73,Islamic,85366.79073362409,39416.639592364605,2254.7179487179487,83112.07278490614,571
73,Japanese,28877.37528277043,5773.01258896394,1792.6470588235293,27084.728223946902,424
73,Other Civilizations,57562.49471472553,17377.889029091875,2068.969696969697,55493.525017755834,494
73,Other Western,4479.056014445689,1625.1139254372058,1601.2173913043478,2877.8386231413406,372
73,Sinic,300748.32963061286,114937.93047869437,3129.4270557029176,297618.90257490997,658
73,United States,141874.63475319324,52027.89543472488,1844.0637813211845,140030.57097187205,356
74,Anglosphere ex-US,66692.51503687908,25192.088230408808,3183.4920212765956,63509.023015602485,614
74,Continental Europe,192642.49750364805,70468.29190142856,3923.499485066941,188718.9980185811,781
74,Hindu,53054.18923618458,26447.011004190925,2248.8695652173915,50805.31967096719,536
74,Islamic,84772.42642352181,38846.376131912984,2254.7179487179487,82517.70847480386,571
74,Japanese,29355.11231397518,5995.2935181353305,1792.6470588235293,27562.465255151652,424
74,Other Civilizations,58476.94291650595,18117.627144356076,2068.969696969697,56407.97321953625,494
74,Other Western,4571.057700951051,1685.6475300737104,1601.2173913043478,2969.8403096467027,372
74,Sinic,299831.6442249118,114261.73855929813,3129.4270557029176,296702.2171692089,658
74,United States,142325.2228539843,52219.10268061928,1844.0637813211845,140481.1590726631,356
75,Anglosphere ex-US,66800.85654628767,25302.176310564177,3183.4920212765956,63617.36452501108,614
75,Continental Europe,192895.16253779957,70821.43026405918,3923.499485066941,188971.66305273262,781
75,Hindu,52556.715908960934,26026.859570601006,2248.8695652173915,50307.84634374354,536
75,Islamic,85297.80824708947,39118.29662473873,2254.7179487179487,83043.09029837152,571
75,Japanese,29311.364774470454,6102.536283015482,1792.6470588235293,27518.717715646926,424
75,Other Civilizations,58096.719917912684,17694.945035692064,2068.969696969697,56027.75022094299,494
75,Other Western,4637.2869760727235,1751.2148618024848,1601.2173913043478,3036.0695847683755,372
75,Sinic,301371.3479698541,115111.56550682064,3129.4270557029176,298241.9209141512,658
75,United States,141516.91273996347,51965.24549151939,1844.0637813211845,139672.84895864228,356
76,Anglosphere ex-US,67357.39916315983,25950.313227361137,3183.4920212765956,64173.90714188324,614
76,Continental Europe,192667.42039500107,70755.25877895877,3923.499485066941,188743.92090993412,781
76,Hindu,52407.003734675614,25941.46387135461,2248.8695652173915,50158.13416945822,536
76,Islamic,85711.35246121816,39783.74321740901,2254.7179487179487,83456.63451250021,571
76,Japanese,28802.685564334966,5698.709948275714,1792.6470588235293,27010.03850551144,424
76,Other Civilizations,57569.77725866925,17464.724752191694,2068.969696969697,55500.807561699556,494
76,Other Western,4374.511276258965,1496.2638567916551,1601.2173913043478,2773.293884954617,372
76,Sinic,300208.6583032918,114454.07386890809,3129.4270557029176,297079.23124758893,658
76,United States,142516.66381318698,52591.93369882823,1844.0637813211845,140672.6000318658,356
77,Anglosphere ex-US,66657.09745827915,25151.560262206727,3183.4920212765956,63473.60543700256,614
77,Continental Europe,192220.42200226814,70327.84425543218,3923.499485066941,188296.9225172012,781
77,Hindu,53064.213228104214,26605.190213883896,2248.8695652173915,50815.34366288682,536
77,Islamic,86710.6934979212,40439.6966522559,2254.7179487179487,84455.97554920324,571
77,Japanese,28851.321397437066,5810.339422898211,1792.6470588235293,27058.67433861354,424
77,Other Civilizations,57208.17228089524,17388.664826150474,2068.969696969697,55139.202583925544,494
77,Other Western,4665.158782964641,1758.5713961941321,1601.2173913043478,3063.9413916602934,372
77,Sinic,299836.86787815246,114084.55897195626,3129.4270557029176,296707.4408224496,658
77,United States,141773.27695502,51774.10523729827,1844.0637813211845,139929.2131736988,356
78,Anglosphere ex-US,66197.80327915202,24835.76593476225,3183.4920212765956,63014.31125787543,614
78,Continental Europe,192867.4716460758,71195.00989281826,3923.499485066941,188943.97216100886,781
78,Hindu,52208.634339225755,25800.373650498714,2248.8695652173915,49959.76477400836,536
78,Islamic,85793.54603974556,39876.687834767756,2254.7179487179487,83538.82809102761,571
78,Japanese,29117.228674302918,5930.592710693845,1792.6470588235293,27324.58161547939,424
78,Other Civilizations,58069.06553877685,17879.837869149138,2068.969696969697,56000.09584180715,494
78,Other Western,4638.243051457915,1677.277664908478,1601.2173913043478,3037.0256601535666,372
78,Sinic,300880.11036811117,115101.20729396892,3129.4270557029176,297750.6833124083,658
78,United States,142861.12849453057,52832.703320873414,1844.0637813211845,141017.06471320937,356
79,Anglosphere ex-US,66798.03636520718,25496.069833059548,3183.4920212765956,63614.54434393059,614
79,Continental Europe,192495.2853442097,70858.87947232489,3923.499485066941,188571.78585914275,781
79,Hindu,53032.8574999958,26178.890782092483,2248.8695652173915,50783.98793477841,536
79,Islamic,85204.62812413687,39230.585127310114,2254.7179487179487,82949.91017541892,571
79,Japanese,29017.546110914256,5758.666956671016,1792.6470588235293,27224.89905209073,424
79,Other Civilizations,58159.60979664151,17800.647341183827,2068.969696969697,56090.640099671815,494
79,Other Western,4472.933183473639,1584.4351471374214,1601.2173913043478,2871.7157921692906,372
79,Sinic,299621.6720913441,113648.56490242462,3129.4270557029176,296492.2450356412,658
79,United States,141502.93336017197,51572.49781124248,1844.0637813211845,139658.86957885078,356
80,Anglosphere ex-US,66542.49392293983,25329.219190363223,3183.4920212765956,63359.001901663236,614
80,Continental Europe,193773.08289261296,71237.60036891804,3923.499485066941,189849.58340754602,781
80,Hindu,52321.148782267395,25785.199844659655,2248.8695652173915,50072.27921705,536
80,Islamic,84682.52542307586,38596.60485625677,2254.7179487179487,82427.8074743579,571
80,Japanese,28960.89243984509,5891.8158221262975,1792.6470588235293,27168.245381021563,424
80,Other Civilizations,58169.83481281872,17925.944331835944,2068.969696969697,56100.865115849025,494
80,Other Western,4772.192573335158,1827.371600128719,1601.2173913043478,3170.97518203081,372
80,Sinic,298834.7496861199,113670.90058294889,3129.4270557029176,295705.322630417,658
80,United States,141754.19555348885,51915.89684702867,1844.0637813211845,139910.13177216766,356
81,Anglosphere ex-US,66075.9037586808,24980.595544042266,3183.4920212765956,62892.4117374042,614
81,Continental Europe,192666.65696931438,70822.22439470122,3923.499485066941,188743.15748424744,781
81,Hindu,53568.532212681355,26810.478213490733,2248.8695652173915,51319.66264746396,536
81,Islamic,86597.33287064484,40462.74918598318,2254.7179487179487,84342.61492192688,571
81,Japanese,28696.520156824132,5710.38228056969,1792.6470588235293,26903.873098000604,424
81,Other Civilizations,58119.16034991223,17580.447559423585,2068.969696969697,56050.19065294253,494
81,Other Western,4579.304646435045,1666.825444956713,1601.2173913043478,2978.0872551306966,372
81,Sinic,299596.6867828697,113807.84716057802,3129.4270557029176,296467.2597271668,658
81,United States,141260.05980766594,51928.80599561426,1844.0637813211845,139415.99602634474,356
82,Anglosphere ex-US,66254.86249249603,25055.341863318958,3183.4920212765956,63071.37047121944,614
82,Continental Europe,191626.9334504712,70193.06657267468,3923.499485066941,187703.43396540426,781
82,Hindu,51889.297068562846,25678.654764840343,2248.8695652173915,49640.427503345454,536
82,Islamic,86918.72839448947,40364.04520178514,2254.7179487179487,84664.01044577152,571
82,Japanese,28942.322193539025,5929.281612593112,1792.6470588235293,27149.675134715497,424
82,Other Civilizations,57670.67867428303,17618.83808146516,2068.969696969697,55601.708977313334,494
82,Other Western,4576.3077298174885,1669.6500408865693,1601.2173913043478,2975.0903385131405,372
82,Sinic,300777.77253661107,114066.01073963851,3129.4270557029176,297648.3454809082,658
82,United States,141890.6755356054,52146.23745017006,1844.0637813211845,140046.6117542842,356
83,Anglosphere ex-US,66821.76255315337,25463.398131201724,3183.4920212765956,63638.27053187678,614
83,Continental Europe,192492.0712598081,70635.03913882216,3923.499485066941,188568.57177474114,781
83,Hindu,52452.40850661541,26033.117925012855,2248.8695652173915,50203.538941398016,536
83,Islamic,86500.48284106032,40153.620512461675,2254.7179487179487,84245.76489234237,571
83,Japanese,29006.485142036778,5894.458664052841,1792.6470588235293,27213.83808321325,424
83,Other Civilizations,57808.468465790094,17596.49094888032,2068.969696969697,55739.4987688204,494
83,Other Western,4777.149904134172,1842.3006539381893,1601.2173913043478,3175.932512829824,372
83,Sinic,299153.00654887327,113247.80709473747,3129.4270557029176,296023.5794931704,658
83,United States,141601.3953272446,51820.27713724475,1844.0637813211845,139757.3315459234,356
84,Anglosphere ex-US,65830.8004608292,24882.576745679828,3183.4920212765956,62647.3084395526,614
84,Continental Europe,191560.6035701877,70025.95626874274,3923.499485066941,187637.10408512075,781
84,Hindu,52682.57872319501,26123.78875509754,2248.8695652173915,50433.70915797762,536
84,Islamic,86700.13896301673,40368.71935203113,2254.7179487179487,84445.42101429877,571
84,Japanese,29147.536835964187,5981.21192062662,1792.6470588235293,27354.88977714066,424
84,Other Civilizations,57997.093987617816,17869.489032078505,2068.969696969697,55928.12429064812,494
84,Other Western,4741.981219916243,1754.9523385255634,1601.2173913043478,3140.7638286118954,372
84,Sinic,298599.2959591174,113288.04536494605,3129.4270557029176,295469.8689034145,658
84,United States,142064.36158044086,52262.6460988874,1844.0637813211845,140220.29779911967,356
85,Anglosphere ex-US,65984.10313268943,24767.878650942057,3183.4920212765956,62800.611111412836,614
85,Continental Europe,193425.26460608313,71254.55876806699,3923.499485066941,189501.7651210162,781
85,Hindu,52994.04640883573,26477.911780830837,2248.8695652173915,50745.17684361834,536
85,Islamic,86377.62051184264,39732.41002264513,2254.7179487179487,84122.90256312469,571
85,Japanese,29095.15270445162,5871.030587019699,1792.6470588235293,27302.50564562809,424
85,Other Civilizations,57764.68741905551,17414.50050943696,2068.969696969697,55695.717722085814,494
85,Other Western,4768.24505217989,1833.227312111755,1601.2173913043478,3167.027660875542,372
85,Sinic,297201.28404418076,112241.79870993643,3129.4270557029176,294071.85698847787,658
85,United States,141070.00699011117,51568.44424742023,1844.0637813211845,139225.94320878998,356
86,Anglosphere ex-US,66253.82184489298,24938.16133807676,3183.4920212765956,63070.32982361639,614
86,Continental Europe,192705.96578901805,71052.6475042906,3923.499485066941,188782.4663039511,781
86,Hindu,52062.08234652564,25729.766902055093,2248.8695652173915,49813.21278130825,536
86,Islamic,86418.26771131519,40436.795964842284,2254.7179487179487,84163.54976259723,571
86,Japanese,28282.467333748453,5465.571318080144,1792.6470588235293,26489.820274924925,424
86,Other Civilizations,57596.37867396135,17656.08756280751,2068.969696969697,55527.40897699165,494
86,Other Western,4633.160391100382,1762.0545818141313,1601.2173913043478,3031.942999796034,372
86,Sinic,299993.55046315707,113533.29427539195,3129.4270557029176,296864.1234074542,658
86,United States,142156.06168181117,52162.74269806404,1844.0637813211845,140311.99790048998,356
87,Anglosphere ex-US,66426.97299104978,25308.129801158317,3183.4920212765956,63243.48096977319,614
87,Continental Europe,192386.21979798406,70600.0863485585,3923.499485066941,188462.7203129171,781
87,Hindu,52613.688585937925,26023.69703064962,2248.8695652173915,50364.81902072053,536
87,Islamic,85593.41177663291,39578.73041017462,2254.7179487179487,83338.69382791496,571
87,Japanese,29128.070426519767,5953.492975266239,1792.6470588235293,27335.42336769624,424
87,Other Civilizations,58065.37225069149,17785.76512730366,2068.969696969697,55996.4025537218,494
87,Other Western,4815.219445705251,1803.8002311901007,1601.2173913043478,3214.002054400903,372
87,Sinic,297788.1189664403,112582.40662552498,3129.4270557029176,294658.6919107374,658
87,United States,142429.18482706233,52827.162914984976,1844.0637813211845,140585.12104574114,356
88,Anglosphere ex-US,66634.53238199922,25505.202220473322,3183.4920212765956,63451.040360722625,614
88,Continental Europe,191860.61470027984,70235.13963049083,3923.499485066941,187937.1152152129,781
88,Hindu,52949.59794688995,26468.04246824031,2248.8695652173915,50700.72838167256,536
88,Islamic,86230.90784202644,39718.40490339844,2254.7179487179487,83976.18989330849,571
88,Japanese,28828.458923677346,5833.333923908081,1792.6470588235293,27035.81186485382,424
88,Other Civilizations,58160.47356106239,17915.09065389781,2068.969696969697,56091.503864092694,494
88,Other Western,4581.62444074799,1551.6442226241866,1601.2173913043478,2980.407049443642,372
88,Sinic,299803.7289353472,114296.4645169033,3129.4270557029176,296674.3018796443,658
88,United States,142100.90622787378,52260.66235702863,1844.0637813211845,140256.8424465526,356
89,Anglosphere ex-US,67028.09973589063,25742.229665883202,3183.4920212765956,63844.60771461404,614
89,Continental Europe,193664.3789163851,71937.75222358687,3923.499485066941,189740.87943131814,781
89,Hindu,51495.10887092567,25063.721135982014,2248.8695652173915,49246.23930570828,536
89,Islamic,85273.02833971792,39409.44221921043,2254.7179487179487,83018.31039099996,571
89,Japanese,28753.8103632106,5851.096472944805,1792.6470588235293,26961.16330438707,424
89,Other Civilizations,58082.668562404484,17551.624833669986,2068.969696969697,56013.69886543479,494
89,Other Western,4747.214179268713,1782.2133787669181,1601.2173913043478,3145.9967879643655,372
89,Sinic,299184.9182890733,113575.05026611243,3129.4270557029176,296055.4912333704,658
89,United States,142324.39571919214,52500.90866695673,1844.0637813211845,140480.33193787094,356
90,Anglosphere ex-US,66948.74574561519,25553.951904691014,3183.4920212765956,63765.253724338596,614
90,Continental Europe,192116.68139107758,70475.44371033626,3923.499485066941,188193.18190601064,781
90,Hindu,53917.9693161897,27234.031024337815,2248.8695652173915,51669.09975097231,536
90,Islamic,86258.98012040369,39951.403512939534,2254.7179487179487,84004.26217168574,571
90,Japanese,28799.31060628264,5709.550689286366,1792.6470588235293,27006.663547459113,424
90,Other Civilizations,57366.62071504792,17401.850801464163,2068.969696969697,55297.65101807822,494
90,Other Western,4551.307909460025,1636.0548297776795,1601.2173913043478,2950.0905181556773,372
90,Sinic,301647.6457814324,115634.88002241937,3129.4270557029176,298518.2187257295,658
90,United States,141596.50693769616,52146.164051804175,1844.0637813211845,139752.44315637497,356
91,Anglosphere ex-US,66410.30170554288,25004.500246249987,3183.4920212765956,63226.809684266285,614
91,Continental Europe,192970.32698538413,71179.67620504997,3923.499485066941,189046.8275003172,781
91,Hindu,52447.82566389194,26099.196954709656,2248.8695652173915,50198.95609867455,536
91,Islamic,86670.7773598446,40347.84193219495,2254.7179487179487,84416.05941112664,571
91,Japanese,29185.67571768047,5879.5807480498,1792.6470588235293,27393.028658856943,424
91,Other Civilizations,58240.57391630308,17971.442303273423,2068.969696969697,56171.604219333385,494
91,Other Western,4859.480233893224,1892.7441555363255,1601.2173913043478,3258.262842588876,372
91,Sinic,298601.78450075653,113184.66747299541,3129.4270557029176,295472.35744505364,658
91,United States,141766.33676992307,51884.94185848347,1844.0637813211845,139922.27298860188,356
92,Anglosphere ex-US,67069.93413454983,25496.96030203353,3183.4920212765956,63886.44211327323,614
92,Continental Europe,191369.48750724958,69889.62851948754,3923.499485066941,187445.98802218263,781
92,Hindu,52083.793439629095,25814.79442674723,2248.8695652173915,49834.9238744117,536
92,Islamic,86816.01457207522,40061.350260882245,2254.7179487179487,84561.29662335727,571
92,Japanese,29207.275313143335,5970.894639524725,1792.6470588235293,27414.628254319807,424
92,Other Civilizations,57934.49327354069,17724.367115877907,2068.969696969697,55865.523576570995,494
92,Other Western,4759.956507786317,1802.45155647216,1601.2173913043478,3158.739116481969,372
92,Sinic,299717.9006234764,113721.91903069986,3129.4270557029176,296588.47356777353,658
92,United States,141755.52912017086,52173.10477589672,1844.0637813211845,139911.46533884967,356
93,Anglosphere ex-US,66374.65027272174,25180.574026833405,3183.4920212765956,63191.15825144515,614
93,Continental Europe,193354.41066815477,71608.247129981,3923.499485066941,189430.91118308782,781
93,Hindu,53949.450929567814,27220.106834683727,2248.8695652173915,51700.58136435042,536
93,Islamic,85108.41086468814,39002.36129502171,2254.7179487179487,82853.69291597018,571
93,Japanese,29188.413108936023,6053.049688802048,1792.6470588235293,27395.766050112496,424
93,Other Civilizations,57137.43714560183,17166.834739955146,2068.969696969697,55068.46744863213,494
93,Other Western,4552.583483978245,1708.5873413257748,1601.2173913043478,2951.3660926738967,372
93,Sinic,298629.04238963325,112977.96844973505,3129.4270557029176,295499.61533393036,658
93,United States,140581.58531721463,51448.36309201253,1844.0637813211845,138737.52153589344,356
94,Anglosphere ex-US,66218.53636007395,25135.643394525912,3183.4920212765956,63035.04433879736,614
94,Continental Europe,192967.6867303836,70980.44067960083,3923.499485066941,189044.18724531666,781
94,Hindu,53116.51355284219,26409.533717771454,2248.8695652173915,50867.6439876248,536
94,Islamic,86439.34095756932,40185.57022853651,2254.7179487179487,84184.62300885137,571
94,Japanese,29166.55494492036,5908.557436920566,1792.6470588235293,27373.907886096833,424
94,Other Civilizations,58124.207978928156,17792.968290794433,2068.969696969697,56055.23828195846,494
94,Other Western,4624.846770981232,1707.2227310053433,1601.2173913043478,3023.629379676884,372
94,Sinic,299427.50724194956,113052.47115850907,3129.4270557029176,296298.08018624666,658
94,United States,141795.31143675314,52013.27866749282,1844.0637813211845,139951.24765543194,356
95,Anglosphere ex-US,66275.66251148385,24995.937456932523,3183.4920212765956,63092.17049020726,614
95,Continental Europe,192339.59578783746,70453.31107449788,3923.499485066941,188416.09630277051,781
95,Hindu,52451.51527241759,26136.757998841284,2248.8695652173915,50202.6457072002,536
95,Islamic,85268.38284091133,39072.867132127096,2254.7179487179487,83013.66489219338,571
95,Japanese,28616.091353816562,5517.72030700182,1792.6470588235293,26823.444294993034,424
95,Other Civilizations,57276.741182373386,17306.62227077536,2068.969696969697,55207.77148540369,494
95,Other Western,4721.282065353972,1795.5263361033496,1601.2173913043478,3120.064674049624,372
95,Sinic,300404.9887456795,114082.94656574375,3129.4270557029176,297275.5616899766,658
95,United States,142936.004759313,53006.5801437043,1844.0637813211845,141091.9409779918,356
96,Anglosphere ex-US,66453.6880566084,24943.487526883357,3183.4920212765956,63270.196035331806,614
96,Continental Europe,192348.511361535,70553.28231431075,3923.499485066941,188425.01187646805,781
96,Hindu,52148.821311781176,25614.265703225185,2248.8695652173915,49899.951746563784,536
96,Islamic,86041.83631514589,39655.686691077906,2254.7179487179487,83787.11836642794,571
96,Japanese,28859.413030540687,5699.60023576634,1792.6470588235293,27066.76597171716,424
96,Other Civilizations,57160.13874341622,17187.624266671097,2068.969696969697,55091.16904644652,494
96,Other Western,4527.580637372719,1637.847173479323,1601.2173913043478,2926.363246068371,372
96,Sinic,299121.03847118036,113587.70733298801,3129.4270557029176,295991.61141547747,658
96,United States,142260.02429916218,52138.22619092455,1844.0637813211845,140415.96051784098,356
97,Anglosphere ex-US,66514.41932732407,25202.50910360982,3183.4920212765956,63330.92730604747,614
97,Continental Europe,193028.42321276036,71423.60915910683,3923.499485066941,189104.9237276934,781
97,Hindu,52070.257844314205,25872.86789929059,2248.8695652173915,49821.38827909681,536
97,Islamic,85721.39182082638,39445.214296345715,2254.7179487179487,83466.67387210843,571
97,Japanese,29127.90571017953,5902.970579632315,1792.6470588235293,27335.258651356,424
97,Other Civilizations,57544.893236425254,17373.337376435644,2068.969696969697,55475.92353945556,494
97,Other Western,4730.056418443572,1755.661155004918,1601.2173913043478,3128.8390271392236,372
97,Sinic,300142.63362606324,114350.67729266945,3129.4270557029176,297013.20657036034,658
97,United States,142044.61663404337,52379.52306877766,1844.0637813211845,140200.55285272218,356
98,Anglosphere ex-US,66725.62598906328,25529.223965338882,3183.4920212765956,63542.133967786685,614
98,Continental Europe,192367.80854293978,70407.99001829364,3923.499485066941,188444.30905787283,781
98,Hindu,52499.104859879895,26201.4652698062,2248.8695652173915,50250.2352946625,536
98,Islamic,84744.71073605813,38458.78203174377,2254.7179487179487,82489.99278734018,571
98,Japanese,28913.762570411665,5910.79489832304,1792.6470588235293,27121.115511588137,424
98,Other Civilizations,56928.46268855594,17091.992710717583,2068.969696969697,54859.492991586245,494
98,Other Western,4705.058362191159,1700.4256228934698,1601.2173913043478,3103.840970886811,372
98,Sinic,300696.22312261007,114770.08983800643,3129.4270557029176,297566.7960669072,658
98,United States,142314.08105128276,52550.71565376184,1844.0637813211845,140470.01726996157,356
99,Anglosphere ex-US,66251.83823481537,25025.269200788425,3183.4920212765956,63068.346213538774,614
99,Continental Europe,192429.80224770994,71038.56801168952,3923.499485066941,188506.302762643,781
99,Hindu,52112.33560581963,25573.58367998594,2248.8695652173915,49863.46604060224,536
99,Islamic,86168.43371706334,39974.48832751268,2254.7179487179487,83913.71576834538,571
99,Japanese,28837.23817805132,5844.7588769535,1792.6470588235293,27044.591119227793,424
99,Other Civilizations,57646.42748851173,17374.61269912961,2068.969696969697,55577.45779154203,494
99,Other Western,4549.740705429292,1642.3805072829518,1601.2173913043478,2948.5233141249437,372
99,Sinic,300308.22752017115,114172.71470047194,3129.4270557029176,297178.80046446825,658
99,United States,142368.941353938,52388.117621825455,1844.0637813211845,140524.8775726168,356
100,Anglosphere ex-US,66930.18770320567,25558.332191006062,3183.4920212765956,63746.69568192907,614
100,Continental Europe,192260.7439429498,70996.14570005778,3923.499485066941,188337.24445788286,781
100,Hindu,52921.937185954186,26493.73503168584,2248.8695652173915,50673.067620736794,536
100,Islamic,86397.00001505065,39677.937915871546,2254.7179487179487,84142.2820663327,571
100,Japanese,29294.518079025078,6014.838719673244,1792.6470588235293,27501.87102020155,424
100,Other Civilizations,57943.694307549886,17828.832377055576,2068.969696969697,55874.72461058019,494
100,Other Western,4489.718801769519,1589.2359188816126,1601.2173913043478,2888.501410465171,372
100,Sinic,299009.20973347616,113097.78857353854,3129.4270557029176,295879.78267777327,658
100,United States,141913.3096818207,52437.16618693515,1844.0637813211845,140069.24590049952,356
101,Anglosphere ex-US,66745.13238494039,25492.529314368938,3183.4920212765956,63561.64036366379,614
101,Continental Europe,193966.58283599693,71929.37900286357,3923.499485066941,190043.08335092998,781
101,Hindu,52119.47327953839,25581.396226589797,2248.8695652173915,49870.603714321,536
101,Islamic,85735.15253674987,39563.527876018066,2254.7179487179487,83480.43458803192,571
101,Japanese,28614.94963579023,5615.281173287454,1792.6470588235293,26822.302576966704,424
101,Other Civilizations,58114.04273629394,18002.453661993783,2068.969696969697,56045.07303932424,494
101,Other Western,4633.022597025168,1663.0766108608534,1601.2173913043478,3031.8052057208197,372
101,Sinic,300348.5271422337,114768.90328848691,3129.4270557029176,297219.1000865308,658
101,United States,141503.3374796091,51902.138708690305,1844.0637813211845,139659.2736982879,356
102,Anglosphere ex-US,66858.55822401773,25395.62160254592,3183.4920212765956,63675.06620274114,614
102,Continental Europe,193230.37857051677,71310.10247488754,3923.499485066941,189306.87908544982,781
102,Hindu,52633.2950889362,26234.344512801537,2248.8695652173915,50384.425523718804,536
102,Islamic,86770.0474039136,40298.678725111175,2254.7179487179487,84515.32945519565,571
102,Japanese,29405.71654872907,6136.913689631931,1792.6470588235293,27613.06948990554,424
102,Other Civilizations,57052.956450909376,17221.773987217784,2068.969696969697,54983.98675393968,494
102,Other Western,4440.870585046369,1606.529910440834,1601.2173913043478,2839.6531937420214,372
102,Sinic,299312.26813781605,112966.40820928001,3129.4270557029176,296182.84108211315,658
102,United States,141925.52845320464,52334.99961911875,1844.0637813211845,140081.46467188344,356
103,Anglosphere ex-US,66989.55078225692,25585.502969605244,3183.4920212765956,63806.058760980326,614
103,Continental Europe,192864.33680381574,71215.29563153905,3923.499485066941,188940.8373187488,781
103,Hindu,53480.76156784907,26911.817089276094,2248.8695652173915,51231.89200263168,536
103,Islamic,87018.06767473096,40901.66490070893,2254.7179487179487,84763.34972601301,571
103,Japanese,29118.95979101948,5835.798756171184,1792.6470588235293,27326.31273219595,424
103,Other Civilizations,57501.40391126943,17379.16486063761,2068.969696969697,55432.434214299734,494
103,Other Western,4642.306298839954,1684.293822008277,1601.2173913043478,3041.0889075356063,372
103,Sinic,298546.9360169625,113036.41216312307,3129.4270557029176,295417.5089612596,658
103,United States,141920.33507968026,52244.5214255552,1844.0637813211845,140076.27129835906,356
104,Anglosphere ex-US,66365.39872405311,25157.42817279076,3183.4920212765956,63181.90670277652,614
104,Continental Europe,192747.10412081078,70813.83078654608,3923.499485066941,188823.60463574383,781
104,Hindu,51792.60289952654,25641.87916257229,2248.8695652173915,49543.733334309145,536
104,Islamic,86227.48945375232,39898.96821525327,2254.7179487179487,83972.77150503437,571
104,Japanese,29069.519863336332,5886.685398326648,1792.6470588235293,27276.872804512805,424
104,Other Civilizations,57646.94835471747,17364.66827330458,2068.969696969697,55577.97865774777,494
104,Other Western,4549.841872644432,1658.3904280637948,1601.2173913043478,2948.6244813400845,372
104,Sinic,298653.1967865035,113495.04192301873,3129.4270557029176,295523.7697308006,658
104,United States,142766.2960438217,52802.62179010471,1844.0637813211845,140922.2322625005,356
105,Anglosphere ex-US,66151.16504542294,24907.134370312295,3183.4920212765956,62967.673024146345,614
105,Continental Europe,192558.03828230588,70964.87833746617,3923.499485066941,188634.53879723893,781
105,Hindu,52277.45016893079,25805.657783545048,2248.8695652173915,50028.580603713395,536
105,Islamic,85934.98542148672,39614.030809485725,2254.7179487179487,83680.26747276877,571
105,Japanese,29150.289707353757,5961.05484114822,1792.6470588235293,27357.64264853023,424
105,Other Civilizations,57891.10488803116,17589.21417102544,2068.969696969697,55822.13519106146,494
105,Other Western,4704.812325365166,1794.1792220925201,1601.2173913043478,3103.5949340608176,372
105,Sinic,296883.51047352667,111804.34477988837,3129.4270557029176,293754.0834178238,658
105,United States,142023.77872241527,52173.67058175445,1844.0637813211845,140179.71494109408,356
106,Anglosphere ex-US,66724.90032450805,25166.430829048804,3183.4920212765956,63541.40830323146,614
106,Continental Europe,191783.68313770162,70309.07687964075,3923.499485066941,187860.18365263467,781
106,Hindu,52910.06970376996,26215.830809837298,2248.8695652173915,50661.200138552565,536
106,Islamic,86148.64431660582,39546.07704260765,2254.7179487179487,83893.92636788786,571
106,Japanese,28954.486674233183,5960.4758706332905,1792.6470588235293,27161.839615409655,424
106,Other Civilizations,57272.89674945068,17169.022266244046,2068.969696969697,55203.92705248098,494
106,Other Western,4513.702361702647,1664.2708592242582,1601.2173913043478,2912.484970398299,372
106,Sinic,300790.7122038282,114218.2237062498,3129.4270557029176,297661.2851481253,658
106,United States,141807.99868846883,52045.94157508945,1844.0637813211845,139963.93490714763,356
107,Anglosphere ex-US,65964.78602405809,24771.98535500504,3183.4920212765956,62781.2940027815,614
107,Continental Europe,193203.0016009393,71241.6895279065,3923.499485066941,189279.50211587234,781
107,Hindu,53014.143153515484,26434.139924988714,2248.8695652173915,50765.27358829809,536
107,Islamic,86064.7932856635,39804.019256660926,2254.7179487179487,83810.07533694555,571
107,Japanese,29089.951277496075,5925.527803622033,1792.6470588235293,27297.304218672547,424
107,Other Civilizations,58666.255672896354,18148.64217626488,2068.969696969697,56597.28597592666,494
107,Other Western,4461.191359238609,1609.960915381165,1601.2173913043478,2859.973967934261,372
107,Sinic,299685.0314931404,114003.76125194704,3129.4270557029176,296555.6044374375,658
107,United States,141847.4847396867,51968.07405282375,1844.0637813211845,140003.42095836552,356
108,Anglosphere ex-US,66949.91635879669,25699.692242510882,3183.4920212765956,63766.4243375201,614
108,Continental Europe,193076.44703402199,71205.93091458204,3923.499485066941,189152.94754895504,781
108,Hindu,52109.38833581003,25771.106187525183,2248.8695652173915,49860.51877059264,536
108,Islamic,86205.59147525043,39860.49757844848,2254.7179487179487,83950.87352653248,571
108,Japanese,28997.275319950684,5873.711518486831,1792.6470588235293,27204.628261127156,424
108,Other Civilizations,57789.0437646386,17849.520836814278,2068.969696969697,55720.0740676689,494
108,Other Western,4728.907804177865,1738.6121140362407,1601.2173913043478,3127.690412873517,372
108,Sinic,299783.5719941284,114080.45762974927,3129.4270557029176,296654.1449384255,658
108,United States,142511.39204315346,52664.028792426405,1844.0637813211845,140667.32826183227,356
109,Anglosphere ex-US,65953.89640324967,24792.619239041807,3183.4920212765956,62770.40438197308,614
109,Continental Europe,191948.97641246492,70478.09750806807,3923.499485066941,188025.47692739798,781
109,Hindu,52756.12004751425,26286.484785926827,2248.8695652173915,50507.250482296855,536
109,Islamic,85848.83719384206,39507.36195591827,2254.7179487179487,83594.11924512411,571
109,Japanese,29326.915044862733,5972.135563240135,1792.6470588235293,27534.267986039205,424
109,Other Civilizations,58043.54943561721,17878.163388857527,2068.969696969697,55974.57973864752,494
109,Other Western,4577.871913173262,1702.9073233572879,1601.2173913043478,2976.6545218689143,372
109,Sinic,296726.05689228233,111840.50028984476,3129.4270557029176,293596.62983657944,658
109,United States,142735.53216556352,52578.62336521708,1844.0637813211845,140891.46838424233,356
110,Anglosphere ex-US,66602.9086231386,25377.341910627674,3183.4920212765956,63419.41660186201,614
110,Continental Europe,193435.24942810315,71458.74395382252,3923.499485066941,189511.7499430362,781
110,Hindu,52709.36227849366,26059.640681443798,2248.8695652173915,50460.49271327627,536
110,Islamic,85375.48508090423,39139.45913577637,2254.7179487179487,83120.76713218627,571
110,Japanese,28891.272564797604,5805.5725043480725,1792.6470588235293,27098.625505974076,424
110,Other Civilizations,58032.00853112556,17506.653413981665,2068.969696969697,55963.038834155865,494
110,Other Western,4652.064492880308,1731.2532216497898,1601.2173913043478,3050.8471015759596,372
110,Sinic,299835.0238046842,113974.66516798461,3129.4270557029176,296705.59674898133,658
110,United States,142121.94134417755,52410.52533345801,1844.0637813211845,140277.87756285636,356
111,Anglosphere ex-US,66186.77447315551,25012.740632415134,3183.4920212765956,63003.28245187892,614
111,Continental Europe,192784.99908825874,70933.44982302169,3923.499485066941,188861.4996031918,781
111,Hindu,53216.27694086975,26537.84384053573,2248.8695652173915,50967.40737565236,536
111,Islamic,85926.13925764212,39781.32229403186,2254.7179487179487,83671.42130892417,571
111,Japanese,29267.510786404688,5939.886403237687,1792.6470588235293,27474.86372758116,424
111,Other Civilizations,57853.42243455953,17640.795476716416,2068.969696969697,55784.45273758983,494
111,Other Western,4542.254810704515,1609.1667864753058,1601.2173913043478,2941.037419400167,372
111,Sinic,301317.7905344307,115111.32797041249,3129.4270557029176,298188.3634787278,658
111,United States,141858.61390157076,52042.2952252379,1844.0637813211845,140014.55012024957,356
112,Anglosphere ex-US,66727.35098831166,25486.446613837954,3183.4920212765956,63543.85896703507,614
112,Continental Europe,193604.7794776521,71401.80620232195,3923.499485066941,189681.27999258516,781
112,Hindu,52620.04535781292,26043.422110212916,2248.8695652173915,50371.17579259553,536
112,Islamic,84779.38420130771,38794.29064486592,2254.7179487179487,82524.66625258976,571
112,Japanese,28784.11669744224,5748.839330134896,1792.6470588235293,26991.469638618713,424
112,Other Civilizations,58217.30340716122,17937.051632311184,2068.969696969697,56148.333710191524,494
112,Other Western,4817.085084974702,1858.7338522154303,1601.2173913043478,3215.867693670354,372
112,Sinic,301472.9173927896,115101.74756114974,3129.4270557029176,298343.4903370867,658
112,United States,141514.4101269897,51907.643456339385,1844.0637813211845,139670.3463456685,356
113,Anglosphere ex-US,65886.23845928861,24619.06489931067,3183.4920212765956,62702.746438012015,614
113,Continental Europe,191404.9874948382,70065.16386767641,3923.499485066941,187481.48800977124,781
113,Hindu,52856.67486292932,26299.620247106344,2248.8695652173915,50607.80529771193,536
113,Islamic,87021.3211146562,40514.08172131405,2254.7179487179487,84766.60316593824,571
113,Japanese,29237.940605288557,5925.290653311294,1792.6470588235293,27445.29354646503,424
113,Other Civilizations,57905.07616188876,17789.35937321978,2068.969696969697,55836.10646491907,494
113,Other Western,4605.639614301406,1698.732338963979,1601.2173913043478,3004.4222229970583,372
113,Sinic,300371.9378913508,115009.06289786272,3129.4270557029176,297242.51083564793,658
113,United States,142689.58010192803,52431.66105880984,1844.0637813211845,140845.51632060684,356
114,Anglosphere ex-US,66156.06625600692,24943.69053904571,3183.4920212765956,62972.574234730324,614
114,Continental Europe,192060.3279185341,70388.76167923202,3923.499485066941,188136.82843346716,781
114,Hindu,52778.288563858674,26131.418754241073,2248.8695652173915,50529.41899864128,536
114,Islamic,85363.37292333326,39055.75612224414,2254.7179487179487,83108.6549746153,571
114,Japanese,29037.413264188177,5838.163764532557,1792.6470588235293,27244.76620536465,424
114,Other Civilizations,57928.5852382866,17760.209353516984,2068.969696969697,55859.6155413169,494
114,Other Western,4588.744424186512,1776.5020029882062,1601.2173913043478,2987.5270328821643,372
114,Sinic,300280.6603191838,114829.98383632947,3129.4270557029176,297151.2332634809,658
114,United States,141319.22175814427,51778.44329529424,1844.0637813211845,139475.15797682307,356
115,Anglosphere ex-US,66278.59090316709,25032.309558747304,3183.4920212765956,63095.098881890495,614
115,Continental Europe,192007.58795829286,70425.90778648011,3923.499485066941,188084.08847322591,781
115,Hindu,52228.130745835864,25846.088480622646,2248.8695652173915,49979.26118061847,536
115,Islamic,85738.28742177683,39669.453459357945,2254.7179487179487,83483.56947305887,571
115,Japanese,28698.503594785878,5736.4252705545505,1792.6470588235293,26905.85653596235,424
115,Other Civilizations,57654.9915672739,17585.83861628963,2068.969696969697,55586.021870304205,494
115,Other Western,4769.6800268618135,1770.4963476640346,1601.2173913043478,3168.4626355574655,372
115,Sinic,301828.1989415218,115042.83333952376,3129.4270557029176,298698.7718858189,658
115,United States,141726.13850393152,52208.03142071898,1844.0637813211845,139882.07472261033,356
116,Anglosphere ex-US,66633.44367364433,25445.224032883612,3183.4920212765956,63449.95165236774,614
116,Continental Europe,192737.62040127575,70753.14360018952,3923.499485066941,188814.1209162088,781
116,Hindu,52409.21793549523,26013.401311549045,2248.8695652173915,50160.34837027784,536
116,Islamic,86141.60730037098,40036.064356057985,2254.7179487179487,83886.88935165302,571
116,Japanese,28987.64171497807,5843.1024506067915,1792.6470588235293,27194.99465615454,424
116,Other Civilizations,57403.47736402271,17467.020459015937,2068.969696969697,55334.50766705301,494
116,Other Western,4530.347604623994,1611.7030097336497,1601.2173913043478,2929.130213319646,372
116,Sinic,299013.91577406885,113508.5464346413,3129.4270557029176,295884.48871836596,658
116,United States,141297.46772937317,51741.0423859959,1844.0637813211845,139453.40394805197,356
117,Anglosphere ex-US,66902.01024349006,25412.17942425492,3183.4920212765956,63718.51822221347,614
117,Continental Europe,192277.52174925501,70318.8786319188,3923.499485066941,188354.02226418807,781
117,Hindu,52467.02442603801,26063.112375439126,2248.8695652173915,50218.15486082062,536
117,Islamic,85382.1591361279,39249.144629548,2254.7179487179487,83127.44118740995,571
117,Japanese,28974.16161607262,5928.837772232075,1792.6470588235293,27181.51455724909,424
117,Other Civilizations,58871.70392388516,18498.70298862064,2068.969696969697,56802.73422691546,494
117,Other Western,4663.028692735961,1737.8651704429524,1601.2173913043478,3061.811301431613,372
117,Sinic,301423.24490686244,115143.50739230833,3129.4270557029176,298293.81785115955,658
117,United States,142668.43782932853,52619.003301435536,1844.0637813211845,140824.37404800733,356
118,Anglosphere ex-US,65760.40413794923,24692.187060217653,3183.4920212765956,62576.91211667263,614
118,Continental Europe,193551.07148178783,71296.86973286583,3923.499485066941,189627.5719967209,781
118,Hindu,52301.70331781701,25697.816119947318,2248.8695652173915,50052.83375259962,536
118,Islamic,86931.52911045915,40617.93080627655,2254.7179487179487,84676.81116174119,571
118,Japanese,28600.657053529474,5560.825643390891,1792.6470588235293,26808.009994705946,424
118,Other Civilizations,57016.22468299237,17125.96837423856,2068.969696969697,54947.25498602267,494
118,Other Western,4730.80537647692,1723.047451829397,1601.2173913043478,3129.587985172572,372
118,Sinic,299589.69772554137,114285.47472897056,3129.4270557029176,296460.2706698385,658
118,United States,142507.4979330579,52726.61039733817,1844.0637813211845,140663.4341517367,356
119,Anglosphere ex-US,66707.18530330497,25240.45590102747,3183.4920212765956,63523.69328202838,614
119,Continental Europe,191624.39095877315,70201.85476187531,3923.499485066941,187700.8914737062,781
119,Hindu,52005.507532116215,25770.730329238315,2248.8695652173915,49756.63796689882,536
119,Islamic,86225.79712033784,39932.99561423959,2254.7179487179487,83971.07917161989,571
119,Japanese,28851.41397026179,5825.227699756988,1792.6470588235293,27058.766911438262,424
119,Other Civilizations,57985.789974584244,17775.059101033214,2068.969696969697,55916.82027761455,494
119,Other Western,4610.631281682294,1648.4688871539347,1601.2173913043478,3009.413890377946,372
119,Sinic,298843.3645431049,113302.48833351693,3129.4270557029176,295713.937487402,658
119,United States,141527.1465242732,51764.6096094344,1844.0637813211845,139683.082742952,356
120,Anglosphere ex-US,66432.81792712118,24977.20319726846,3183.4920212765956,63249.32590584459,614
120,Continental Europe,192040.89601946477,70358.09588381716,3923.499485066941,188117.39653439782,781
120,Hindu,52429.06053806829,26032.18451897015,2248.8695652173915,50180.1909728509,536
120,Islamic,87160.48120955635,40638.403421557625,2254.7179487179487,84905.7632608384,571
120,Japanese,29220.281402317618,6022.334723286875,1792.6470588235293,27427.63434349409,424
120,Other Civilizations,57352.64898035218,17328.500505201268,2068.969696969697,55283.67928338249,494
120,Other Western,4538.099216950344,1672.725299332594,1601.2173913043478,2936.8818256459963,372
120,Sinic,301159.81847793213,115145.8502496081,3129.4270557029176,298030.39142222924,658
120,United States,141344.1547691385,51714.07656913696,1844.0637813211845,139500.0909878173,356
121,Anglosphere ex-US,66571.84727919348,25208.692194536543,3183.4920212765956,63388.35525791688,614
121,Continental Europe,192527.6739234765,70925.98762173355,3923.499485066941,188604.17443840957,781
121,Hindu,51623.73349898133,25445.913472273598,2248.8695652173915,49374.86393376394,536
121,Islamic,86218.00472328762,40110.12412755584,2254.7179487179487,83963.28677456967,571
121,Japanese,29012.941994879326,5860.557437144788,1792.6470588235293,27220.294936055798,424
121,Other Civilizations,57215.57946834302,17236.225191610814,2068.969696969697,55146.609771373325,494
121,Other Western,4658.04415004743,1714.6296921598569,1601.2173913043478,3056.826758743082,372
121,Sinic,298981.8946659188,113884.12908569118,3129.4270557029176,295852.4676102159,658
121,United States,143035.81900384207,53207.149707115066,1844.0637813211845,141191.75522252088,356
122,Anglosphere ex-US,65911.67559316664,24707.292447923464,3183.4920212765956,62728.18357189005,614
122,Continental Europe,193219.6011039972,71071.65728014395,3923.499485066941,189296.10161893026,781
122,Hindu,52529.12095675728,25851.22875667437,2248.8695652173915,50280.25139153989,536
122,Islamic,87506.63552035738,41216.279607812634,2254.7179487179487,85251.91757163942,571
122,Japanese,29100.06532466749,5920.853531110541,1792.6470588235293,27307.41826584396,424
122,Other Civilizations,57348.204972631414,17207.816703637665,2068.969696969697,55279.23527566172,494
122,Other Western,4721.624241195451,1836.0466598342914,1601.2173913043478,3120.406849891103,372
122,Sinic,299496.5995091923,113608.27182894167,3129.4270557029176,296367.1724534894,658
122,United States,143446.73917274293,53302.88496455445,1844.0637813211845,141602.67539142174,356
123,Anglosphere ex-US,65780.42471934714,24677.38013116919,3183.4920212765956,62596.932698070545,614
123,Continental Europe,192843.58190746506,70837.47687437641,3923.499485066941,188920.08242239812,781
123,Hindu,52016.50558394933,25704.08389827911,2248.8695652173915,49767.63601873194,536
123,Islamic,85956.61242055704,39906.880147013784,2254.7179487179487,83701.89447183908,571
123,Japanese,29023.859436095772,5800.911746216607,1792.6470588235293,27231.212377272244,424
123,Other Civilizations,57977.14963891352,17715.637482934304,2068.969696969697,55908.179941943825,494
123,Other Western,4537.141102285348,1660.4778826572283,1601.2173913043478,2935.923710981,372
123,Sinic,299547.23302288196,113840.39484752121,3129.4270557029176,296417.80596717907,658
123,United States,142548.41346816582,52785.78173456973,1844.0637813211845,140704.34968684462,356
124,Anglosphere ex-US,66375.36085425815,25189.308277185788,3183.4920212765956,63191.868832981556,614
124,Continental Europe,192675.03631077713,70820.14259583286,3923.499485066941,188751.53682571018,781
124,Hindu,52187.950990804035,25888.955345805934,2248.8695652173915,49939.08142558664,536
124,Islamic,86620.62712831845,40193.54537635469,2254.7179487179487,84365.9091796005,571
124,Japanese,28854.82378268885,5808.031916795311,1792.6470588235293,27062.176723865323,424
124,Other Civilizations,58096.809512937165,17864.63699203551,2068.969696969697,56027.83981596747,494
124,Other Western,4770.040754256215,1845.7496559238411,1601.2173913043478,3168.8233629518672,372
124,Sinic,300429.902982444,115141.54990781164,3129.4270557029176,297300.4759267411,658
124,United States,142251.2895377067,52393.61790709013,1844.0637813211845,140407.2257563855,356
125,Anglosphere ex-US,66877.77030491907,25651.590752710414,3183.4920212765956,63694.27828364248,614
125,Continental Europe,193631.52253811277,71709.35191211403,3923.499485066941,189708.02305304582,781
125,Hindu,52472.04483180067,26146.41073866936,2248.8695652173915,50223.175266583276,536
125,Islamic,85789.13474464764,39622.68462853731,2254.7179487179487,83534.41679592969,571
125,Japanese,28690.185662799362,5724.575202491029,1792.6470588235293,26897.538603975834,424
125,Other Civilizations,57089.896384351625,17502.460676358776,2068.969696969697,55020.92668738193,494
125,Other Western,4450.819745850212,1605.8287882853656,1601.2173913043478,2849.602354545864,372
125,Sinic,299946.98579219123,114432.30405964797,3129.4270557029176,296817.55873648834,658
125,United States,142104.97559724544,52499.51903364571,1844.0637813211845,140260.91181592425,356
126,Anglosphere ex-US,66806.76336896716,25419.311872876868,3183.4920212765956,63623.27134769057,614
126,Continental Europe,192321.64821124915,70444.09974500786,3923.499485066941,188398.1487261822,781
126,Hindu,50846.16017985124,24610.162416037045,2248.8695652173915,48597.29061463385,536
126,Islamic,86080.62164967367,39626.678192448744,2254.7179487179487,83825.90370095572,571
126,Japanese,29238.70501380563,5960.265602117195,1792.6470588235293,27446.0579549821,424
126,Other Civilizations,57809.80847299434,17738.391983035403,2068.969696969697,55740.83877602464,494
126,Other Western,4613.128682344895,1764.8433740808782,1601.2173913043478,3011.9112910405474,372
126,Sinic,300496.42667916097,114784.27599320245,3129.4270557029176,297366.9996234581,658
126,United States,142276.55361059518,52219.35355500769,1844.0637813211845,140432.48982927398,356
127,Anglosphere ex-US,66885.80455754013,25422.912368317677,3183.4920212765956,63702.31253626354,614
127,Continental Europe,193015.60822698224,71158.24316553616,3923.499485066941,189092.1087419153,781
127,Hindu,52263.5391856793,25746.539478447492,2248.8695652173915,50014.66962046191,536
127,Islamic,86295.01953349127,40179.36096114882,2254.7179487179487,84040.30158477332,571
127,Japanese,28682.804549852295,5747.941780744623,1792.6470588235293,26890.157491028767,424
127,Other Civilizations,58033.372188878304,17806.681201346426,2068.969696969697,55964.40249190861,494
127,Other Western,4784.327063994836,1854.9548112228965,1601.2173913043478,3183.109672690488,372
127,Sinic,300783.6201437991,115080.08661076325,3129.4270557029176,297654.1930880962,658
127,United States,142504.59896709578,52847.482042412754,1844.0637813211845,140660.53518577458,356
128,Anglosphere ex-US,66208.70720615322,25005.632371082407,3183.4920212765956,63025.21518487663,614
128,Continental Europe,192765.0301324975,70762.93899256257,3923.499485066941,188841.53064743054,781
128,Hindu,52469.525494121175,26062.92558810589,2248.8695652173915,50220.65592890378,536
128,Islamic,85765.05025453778,39492.498922212675,2254.7179487179487,83510.33230581983,571
128,Japanese,29049.161496949233,5806.432627161544,1792.6470588235293,27256.514438125705,424
128,Other Civilizations,57750.714330597344,17638.35797600545,2068.969696969697,55681.74463362765,494
128,Other Western,4663.676104410937,1784.9211028557115,1601.2173913043478,3062.458713106589,372
128,Sinic,300227.5585853301,113975.2949368358,3129.4270557029176,297098.1315296272,658
128,United States,142532.72609992186,52677.08122591508,1844.0637813211845,140688.66231860066,356
129,Anglosphere ex-US,66583.07032219492,25205.28067829748,3183.4920212765956,63399.57830091833,614
129,Continental Europe,193538.83128202707,71250.0322802717,3923.499485066941,189615.33179696012,781
129,Hindu,52653.33878468718,26087.894346405308,2248.8695652173915,50404.469219469785,536
129,Islamic,86959.19082867319,40499.70423164808,2254.7179487179487,84704.47287995524,571
129,Japanese,28832.887417279868,5764.280570887829,1792.6470588235293,27040.24035845634,424
129,Other Civilizations,57500.326487961356,17512.252278936627,2068.969696969697,55431.35679099166,494
129,Other Western,4592.937443104346,1733.1885986714997,1601.2173913043478,2991.720051799998,372
129,Sinic,302093.4389196667,115488.85601945885,3129.4270557029176,298964.0118639638,658
129,United States,142331.66388667352,52449.015164108634,1844.0637813211845,140487.60010535232,356
130,Anglosphere ex-US,65829.37612660392,24847.278102017644,3183.4920212765956,62645.88410532733,614
130,Continental Europe,193136.23016539286,71155.92073654725,3923.499485066941,189212.7306803259,781
130,Hindu,52590.60317240496,25956.793220466672,2248.8695652173915,50341.73360718757,536
130,Islamic,86166.37533866038,39847.328817670685,2254.7179487179487,83911.65738994243,571
130,Japanese,28946.11344491196,5808.205180344314,1792.6470588235293,27153.466386088432,424
130,Other Civilizations,57979.38822262002,17829.505897180512,2068.969696969697,55910.418525650326,494
130,Other Western,4731.0439596146525,1798.1226585551433,1601.2173913043478,3129.8265683103045,372
130,Sinic,296540.51705468877,112075.61701392208,3129.4270557029176,293411.0899989859,658
130,United States,142812.69704338792,52888.58509377435,1844.0637813211845,140968.63326206672,356
131,Anglosphere ex-US,66447.56042193645,25163.50656109812,3183.4920212765956,63264.06840065985,614
131,Continental Europe,192377.8336876634,70704.97715881132,3923.499485066941,188454.33420259645,781
131,Hindu,52222.11697473823,25751.716764431792,2248.8695652173915,49973.24740952084,536
131,Islamic,85877.12152513335,39570.865750771714,2254.7179487179487,83622.4035764154,571
131,Japanese,29169.793948048475,5906.550620964142,1792.6470588235293,27377.146889224947,424
131,Other Civilizations,57326.779551516345,17377.015947017408,2068.969696969697,55257.80985454665,494
131,Other Western,4682.1220243729285,1782.015185269688,1601.2173913043478,3080.9046330685806,372
131,Sinic,299882.7653673197,114055.32823976796,3129.4270557029176,296753.3383116168,658
131,United States,142073.15889598097,52463.58530815352,1844.0637813211845,140229.09511465978,356
132,Anglosphere ex-US,66130.74897438506,24945.005352702134,3183.4920212765956,62947.25695310847,614
132,Continental Europe,191615.27509380569,70316.72564634526,3923.499485066941,187691.77560873874,781
132,Hindu,51700.99199514908,25256.92063861322,2248.8695652173915,49452.12242993169,536
132,Islamic,86369.8095816458,40315.50468996626,2254.7179487179487,84115.09163292784,571
132,Japanese,29138.74230079966,5881.614210240036,1792.6470588235293,27346.09524197613,424
132,Other Civilizations,58195.429736091304,17910.42876228804,2068.969696969697,56126.46003912161,494
132,Other Western,4683.868975748213,1749.0474008465562,1601.2173913043478,3082.6515844438654,372
132,Sinic,299918.0129354709,113462.72338461106,3129.4270557029176,296788.585879768,658
132,United States,141346.44800326752,51685.62860839467,1844.0637813211845,139502.38422194633,356
133,Anglosphere ex-US,66243.53059800302,25081.058687076144,3183.4920212765956,63060.03857672643,614
133,Continental Europe,191444.00841365723,69980.86917362802,3923.499485066941,187520.50892859028,781
133,Hindu,52565.05416091569,26036.320366845004,2248.8695652173915,50316.1845956983,536
133,Islamic,86238.42098900823,39963.47002399176,2254.7179487179487,83983.70304029027,571
133,Japanese,28690.226809096326,5653.752169275652,1792.6470588235293,26897.5797502728,424
133,Other Civilizations,57383.80451614568,17287.964668746838,2068.969696969697,55314.83481917599,494
133,Other Western,4816.268385083555,1881.9006093290272,1601.2173913043478,3215.0509937792067,372
133,Sinic,299693.8350886032,114266.55816053806,3129.4270557029176,296564.4080329003,658
133,United States,141735.6298526766,51694.88852155346,1844.0637813211845,139891.5660713554,356
134,Anglosphere ex-US,66555.24194364401,25121.133953596116,3183.4920212765956,63371.74992236742,614
134,Continental Europe,192371.3043355379,70616.1816393177,3923.499485066941,188447.80485047094,781
134,Hindu,52310.797224290865,25989.071912444262,2248.8695652173915,50061.92765907347,536
134,Islamic,86720.18471928789,39875.730135812744,2254.7179487179487,84465.46677056994,571
134,Japanese,29096.24799513883,5911.458192371305,1792.6470588235293,27303.600936315303,424
134,Other Civilizations,57170.05851520981,16932.450695301945,2068.969696969697,55101.08881824011,494
134,Other Western,4769.536115887516,1812.2631546866608,1601.2173913043478,3168.3187245831678,372
134,Sinic,300532.8926609377,114266.20249433145,3129.4270557029176,297403.4656052348,658
134,United States,142999.75170251267,53126.195739259034,1844.0637813211845,141155.68792119148,356
135,Anglosphere ex-US,66620.42124714635,25289.132428703553,3183.4920212765956,63436.92922586976,614
135,Continental Europe,192265.38898384618,70625.69964648673,3923.499485066941,188341.88949877923,781
135,Hindu,51727.3644240701,25533.696118188407,2248.8695652173915,49478.49485885271,536
135,Islamic,85441.26582987394,39414.931712025056,2254.7179487179487,83186.54788115599,571
135,Japanese,29194.06365645994,5825.643162401889,1792.6470588235293,27401.416597636413,424
135,Other Civilizations,57977.11076171257,17506.560492337598,2068.969696969697,55908.14106474287,494
135,Other Western,4597.276342411623,1722.6471939959476,1601.2173913043478,2996.058951107275,372
135,Sinic,301042.2673209632,114954.65093329603,3129.4270557029176,297912.8402652603,658
135,United States,141056.41760998598,51673.699713752016,1844.0637813211845,139212.35382866478,356
136,Anglosphere ex-US,66098.90136189715,24808.187148186928,3183.4920212765956,62915.40934062056,614
136,Continental Europe,192591.1652623085,70818.81226977936,3923.499485066941,188667.66577724155,781
136,Hindu,53034.8815403887,26178.46737841991,2248.8695652173915,50786.01197517131,536
136,Islamic,84760.71061716156,38760.83674386314,2254.7179487179487,82505.9926684436,571
136,Japanese,29223.987799697803,6009.832622027971,1792.6470588235293,27431.340740874275,424
136,Other Civilizations,57991.271023776775,17905.008468589913,2068.969696969697,55922.30132680708,494
136,Other Western,4746.001442314668,1760.603477468605,1601.2173913043478,3144.7840510103197,372
136,Sinic,299697.3135577839,113572.1438333034,3129.4270557029176,296567.886502081,658
136,United States,141678.38243111715,52143.12698861864,1844.0637813211845,139834.31864979595,356
137,Anglosphere ex-US,65953.13648286554,24705.494388347946,3183.4920212765956,62769.64446158894,614
137,Continental Europe,192757.44377517054,70929.16991696552,3923.499485066941,188833.9442901036,781
137,Hindu,51947.51943752846,25496.295805367885,2248.8695652173915,49698.64987231107,536
137,Islamic,85801.19092167684,40129.774348335064,2254.7179487179487,83546.47297295889,571
137,Japanese,29013.816198164885,5838.1220235223145,1792.6470588235293,27221.169139341357,424
137,Other Civilizations,57416.927513673334,17355.21247582021,2068.969696969697,55347.95781670364,494
137,Other Western,4641.2652344055805,1683.9047414755203,1601.2173913043478,3040.0478431012325,372
137,Sinic,300829.1387184663,115236.62942872319,3129.4270557029176,297699.7116627634,658
137,United States,141315.17803850851,51795.93714602921,1844.0637813211845,139471.11425718732,356
138,Anglosphere ex-US,65740.56662727684,24712.367557122107,3183.4920212765956,62557.07460600025,614
138,Continental Europe,193132.70989512943,71411.02295398657,3923.499485066941,189209.2104100625,781
138,Hindu,51896.33859707419,25564.464477803333,2248.8695652173915,49647.469031856795,536
138,Islamic,86330.17426357721,40059.50679509447,2254.7179487179487,84075.45631485926,571
138,Japanese,28822.142305615707,5752.165641556935,1792.6470588235293,27029.49524679218,424
138,Other Civilizations,57900.26038516903,17738.31812597956,2068.969696969697,55831.29068819933,494
138,Other Western,4755.136611895698,1758.2265885673928,1601.2173913043478,3153.9192205913496,372
138,Sinic,297450.91249380325,112244.33672118619,3129.4270557029176,294321.48543810035,658
138,United States,141671.6032569715,51946.62840991607,1844.0637813211845,139827.5394756503,356
139,Anglosphere ex-US,66111.33681366355,24894.591771270803,3183.4920212765956,62927.84479238696,614
139,Continental Europe,192147.97633177185,70250.12686029215,3923.499485066941,188224.4768467049,781
139,Hindu,52949.881655438294,26571.575882866862,2248.8695652173915,50701.0120902209,536
139,Islamic,85527.68966836345,39512.595497088085,2254.7179487179487,83272.9717196455,571
139,Japanese,28946.326495231213,5857.819318140738,1792.6470588235293,27153.679436407685,424
139,Other Civilizations,58095.63981124152,17708.81023964206,2068.969696969697,56026.67011427182,494
139,Other Western,4552.692149197712,1685.451495329831,1601.2173913043478,2951.474757893364,372
139,Sinic,300013.35982510576,114528.98963421045,3129.4270557029176,296883.93276940286,658
139,United States,141782.3821872619,52280.63617578681,1844.0637813211845,139938.3184059407,356
140,Anglosphere ex-US,66348.79254837114,25079.72391521026,3183.4920212765956,63165.30052709455,614
140,Continental Europe,193041.19385784306,71227.31042863615,3923.499485066941,189117.6943727761,781
140,Hindu,53081.3801229056,26485.91108900096,2248.8695652173915,50832.510557688205,536
140,Islamic,86526.87961730588,40272.10734123055,2254.7179487179487,84272.16166858793,571
140,Japanese,29359.720208006347,6027.439538046373,1792.6470588235293,27567.07314918282,424
140,Other Civilizations,58049.73399361328,17651.839664768468,2068.969696969697,55980.76429664358,494
140,Other Western,4622.39417352784,1717.3147803918343,1601.2173913043478,3021.1767822234924,372
140,Sinic,299917.8441111656,113992.8464259171,3129.4270557029176,296788.4170554627,658
140,United States,142494.5026881129,52551.0802069717,1844.0637813211845,140650.4389067917,356
141,Anglosphere ex-US,66096.05236762241,24830.449020639066,3183.4920212765956,62912.56034634582,614
141,Continental Europe,191713.1538019877,70113.11424275358,3923.499485066941,187789.65431692076,781
141,Hindu,52439.099757643606,26056.76354544702,2248.8695652173915,50190.230192426214,536
141,Islamic,86364.3523387404,40140.18286192976,2254.7179487179487,84109.63439002245,571
141,Japanese,29198.152399677496,5903.5835331970475,1792.6470588235293,27405.505340853968,424
141,Other Civilizations,58225.35798173552,17765.459572229178,2068.969696969697,56156.388284765824,494
141,Other Western,4608.405603368588,1688.7309875297583,1601.2173913043478,3007.1882120642404,372
141,Sinic,301277.92137822555,114869.40830450447,3129.4270557029176,298148.49432252266,658
141,United States,142440.82248423586,52272.47047722735,1844.0637813211845,140596.75870291467,356
142,Anglosphere ex-US,65907.99479691227,24667.90903080398,3183.4920212765956,62724.50277563568,614
142,Continental Europe,192325.08240562677,70878.80474389541,3923.499485066941,188401.58292055983,781
142,Hindu,52662.67978254733,26237.181660957718,2248.8695652173915,50413.81021732994,536
142,Islamic,86295.14063699282,40063.95465457706,2254.7179487179487,84040.42268827486,571
142,Japanese,29067.1161737699,5782.615998154035,1792.6470588235293,27274.469114946372,424
142,Other Civilizations,57955.16235203389,17859.866264528177,2068.969696969697,55886.192655064195,494
142,Other Western,4769.777953337024,1871.2122365436396,1601.2173913043478,3168.560562032676,372
142,Sinic,298812.2388502715,113837.61429925657,3129.4270557029176,295682.8117945686,658
142,United States,141803.8557669954,51865.212180416864,1844.0637813211845,139959.7919856742,356
143,Anglosphere ex-US,66291.29706794447,24995.12686684677,3183.4920212765956,63107.805046667876,614
143,Continental Europe,191819.51891583652,70225.99438885576,3923.499485066941,187896.01943076958,781
143,Hindu,53390.41781763116,26846.73027985361,2248.8695652173915,51141.54825241377,536
143,Islamic,85201.8440544229,39072.62552185576,2254.7179487179487,82947.12610570494,571
143,Japanese,29384.0353339839,5966.911569309798,1792.6470588235293,27591.38827516037,424
143,Other Civilizations,57728.16720979693,17493.865806385722,2068.969696969697,55659.19751282723,494
143,Other Western,4566.229440398404,1680.688782127637,1601.2173913043478,2965.0120490940562,372
143,Sinic,299218.86830397847,113880.82123629861,3129.4270557029176,296089.4412482756,658
143,United States,142216.5779877414,52336.86559528682,1844.0637813211845,140372.5142064202,356
144,Anglosphere ex-US,66480.79701532028,25103.713673067272,3183.4920212765956,63297.30499404368,614
144,Continental Europe,192859.98358248305,70512.01738394762,3923.499485066941,188936.4840974161,781
144,Hindu,52038.680604428984,25643.28799356285,2248.8695652173915,49789.81103921159,536
144,Islamic,86524.51435709946,40281.60944484199,2254.7179487179487,84269.7964083815,571
144,Japanese,28646.921054870312,5600.448810529097,1792.6470588235293,26854.273996046784,424
144,Other Civilizations,58180.42275626703,18012.296771671667,2068.969696969697,56111.45305929733,494
144,Other Western,4932.724328278375,1953.679622341281,1601.2173913043478,3331.5069369740268,372
144,Sinic,300529.70376592857,114766.47556855918,3129.4270557029176,297400.2767102257,658
144,United States,141991.02519307216,52187.80192240373,1844.0637813211845,140146.96141175096,356
145,Anglosphere ex-US,66325.3619903092,25256.633528850252,3183.4920212765956,63141.86996903261,614
145,Continental Europe,192662.94405509537,70942.53027834631,3923.499485066941,188739.44457002843,781
145,Hindu,52765.86813175495,26144.48323181236,2248.8695652173915,50516.99856653756,536
145,Islamic,85490.03399235776,39353.55501183335,2254.7179487179487,83235.3160436398,571
145,Japanese,29026.473663944642,5927.319282873043,1792.6470588235293,27233.826605121114,424
145,Other Civilizations,57283.16309213702,17300.90984368078,2068.969696969697,55214.19339516733,494
145,Other Western,4637.209586396795,1716.4675991622503,1601.2173913043478,3035.992195092447,372
145,Sinic,297341.3275646368,112523.31612827632,3129.4270557029176,294211.90050893393,658
145,United States,142507.73214678414,52450.31740079593,1844.0637813211845,140663.66836546295,356
146,Anglosphere ex-US,66907.43800503557,25521.570052398216,3183.4920212765956,63723.945983758975,614
146,Continental Europe,193172.8348440329,70969.15962673235,3923.499485066941,189249.33535896597,781
146,Hindu,52326.20102094056,25806.417611598823,2248.8695652173915,50077.33145572317,536
146,Islamic,87133.70617780343,41196.19836765775,2254.7179487179487,84878.98822908547,571
146,Japanese,29340.267148010622,5987.833687832969,1792.6470588235293,27547.620089187094,424
146,Other Civilizations,57812.04571483824,17681.397877773466,2068.969696969697,55743.076017868545,494
146,Other Western,4684.389461517403,1739.6836156074392,1601.2173913043478,3083.172070213055,372
146,Sinic,299265.3080836492,113174.21030051583,3129.4270557029176,296135.8810279463,658
146,United States,142509.79661124488,52505.06890660889,1844.0637813211845,140665.73282992368,356
147,Anglosphere ex-US,66012.50859272468,24904.36255920865,3183.4920212765956,62829.01657144809,614
147,Continental Europe,192011.74262167598,70641.77072791402,3923.499485066941,188088.24313660903,781
147,Hindu,51357.098145545744,25023.25554453321,2248.8695652173915,49108.22858032835,536
147,Islamic,86934.33948121702,40599.497812542075,2254.7179487179487,84679.62153249906,571
147,Japanese,28869.142436082206,5757.427505289319,1792.6470588235293,27076.495377258678,424
147,Other Civilizations,57559.42292683296,17729.602982344266,2068.969696969697,55490.45322986326,494
147,Other Western,4588.053705025524,1696.6115695106753,1601.2173913043478,2986.8363137211763,372
147,Sinic,299188.00094978494,114216.9722634438,3129.4270557029176,296058.57389408204,658
147,United States,141634.90729242982,52266.09781526185,1844.0637813211845,139790.84351110863,356
148,Anglosphere ex-US,66788.02778266434,25544.462884207434,3183.4920212765956,63604.53576138775,614
148,Continental Europe,192965.5552911117,70986.7934885127,3923.499485066941,189042.05580604475,781
148,Hindu,52021.55710948423,25625.36892450018,2248.8695652173915,49772.68754426684,536
148,Islamic,85551.39160358223,39470.817825616155,2254.7179487179487,83296.67365486428,571
148,Japanese,29298.965196997753,6039.676598453275,1792.6470588235293,27506.318138174225,424
148,Other Civilizations,57574.351692577766,17293.626270947247,2068.969696969697,55505.38199560807,494
148,Other Western,4704.955902662782,1802.3156300173457,1601.2173913043478,3103.738511358434,372
148,Sinic,298332.262718164,113508.20964278045,3129.4270557029176,295202.8356624611,658
148,United States,142324.3935715514,52141.231617061974,1844.0637813211845,140480.3297902302,356
149,Anglosphere ex-US,66680.79099868046,25523.355016193815,3183.4920212765956,63497.298977403865,614
149,Continental Europe,192457.58541185892,70891.91263513867,3923.499485066941,188534.08592679197,781
149,Hindu,53454.391888466125,26892.184708500103,2248.8695652173915,51205.52232324873,536
149,Islamic,85764.46106042268,39581.11707978663,2254.7179487179487,83509.74311170472,571
149,Japanese,29227.3228044247,5974.101111953454,1792.6470588235293,27434.675745601173,424
149,Other Civilizations,57994.72636357583,17944.195457112593,2068.969696969697,55925.75666660613,494
149,Other Western,4699.451814333902,1769.2568352249718,1601.2173913043478,3098.234423029554,372
149,Sinic,298806.6624607716,113043.84413677487,3129.4270557029176,295677.2354050687,658
149,United States,141709.84087680964,52052.19111564244,1844.0637813211845,139865.77709548845,356
150,Anglosphere ex-US,65889.38391964474,24734.946925442793,3183.4920212765956,62705.89189836814,614
150,Continental Europe,191927.33824105343,70205.68648942129,3923.499485066941,188003.83875598648,781
150,Hindu,52292.53523949912,25797.103553010515,2248.8695652173915,50043.66567428173,536
150,Islamic,85709.98636604393,39629.80132111762,2254.7179487179487,83455.26841732598,571
150,Japanese,29069.34193056431,5777.814126983978,1792.6470588235293,27276.694871740783,424
150,Other Civilizations,56658.53819007403,16915.31735218254,2068.969696969697,54589.568493104336,494
150,Other Western,4493.546670308967,1631.0999661951787,1601.2173913043478,2892.329279004619,372
150,Sinic,300754.4743514295,114795.33897833274,3129.4270557029176,297625.0472957266,658
150,United States,142640.75777677476,52794.719178096035,1844.0637813211845,140796.69399545356,356
151,Anglosphere ex-US,66166.33775494329,25041.441550281095,3183.4920212765956,62982.8457336667,614
151,Continental Europe,193126.8166552562,70912.36120002282,3923.499485066941,189203.31717018926,781
151,Hindu,53748.90878218373,27249.413527759734,2248.8695652173915,51500.03921696634,536
151,Islamic,86247.99694286994,39652.72546166219,2254.7179487179487,83993.27899415199,571
151,Japanese,28872.426150403044,5826.277998160369,1792.6470588235293,27079.779091579516,424
151,Other Civilizations,58488.096876624564,18135.623365737258,2068.969696969697,56419.12717965487,494
151,Other Western,4911.6785269321645,1909.024889709293,1601.2173913043478,3310.4611356278165,372
151,Sinic,299384.257458324,113882.40404496773,3129.4270557029176,296254.8304026211,658
151,United States,142552.1249355984,52839.62992720448,1844.0637813211845,140708.0611542772,356
152,Anglosphere ex-US,66785.0101628882,25433.999220513582,3183.4920212765956,63601.5181416116,614
152,Continental Europe,193949.27932694892,71774.52570934608,3923.499485066941,190025.77984188197,781
152,Hindu,50934.29222512638,24787.269667553377,2248.8695652173915,48685.42265990899,536
152,Islamic,85653.79897625113,39700.74314310015,2254.7179487179487,83399.08102753318,571
152,Japanese,29321.310786298993,6032.164667009769,1792.6470588235293,27528.663727475465,424
152,Other Civilizations,58160.54518099257,17888.228549351716,2068.969696969697,56091.57548402288,494
152,Other Western,4735.487471660401,1755.9340959471665,1601.2173913043478,3134.270080356053,372
152,Sinic,297769.6544299701,112740.35056089226,3129.4270557029176,294640.2273742672,658
152,United States,142278.025127477,52277.60542636041,1844.0637813211845,140433.96134615582,356
153,Anglosphere ex-US,66385.73531086493,25136.99680282326,3183.4920212765956,63202.24328958833,614
153,Continental Europe,192783.19124970218,70811.25533813753,3923.499485066941,188859.69176463524,781
153,Hindu,52366.84967011247,25829.894091855207,2248.8695652173915,50117.980104895076,536
153,Islamic,85813.83076401762,39840.17998008583,2254.7179487179487,83559.11281529967,571
153,Japanese,29107.090098368284,5838.167792088837,1792.6470588235293,27314.443039544756,424
153,Other Civilizations,57991.36172929003,17671.52623500406,2068.969696969697,55922.392032320335,494
153,Other Western,4574.538842337847,1677.7155447037214,1601.2173913043478,2973.321451033499,372
153,Sinic,301618.68282971514,115322.0420915417,3129.4270557029176,298489.25577401224,658
153,United States,142512.27781850885,52824.808097273824,1844.0637813211845,140668.21403718766,356
154,Anglosphere ex-US,66824.71347441364,25407.553764356056,3183.4920212765956,63641.22145313705,614
154,Continental Europe,194355.80170864007,71877.21506843546,3923.499485066941,190432.30222357312,781
154,Hindu,52278.391762918094,25822.20340952614,2248.8695652173915,50029.5221977007,536
154,Islamic,87449.50626990054,41099.05058637904,2254.7179487179487,85194.78832118258,571
154,Japanese,28757.531895755368,5578.113036164664,1792.6470588235293,26964.88483693184,424
154,Other Civilizations,58066.94392599957,17726.23351398098,2068.969696969697,55997.974229029875,494
154,Other Western,4636.68546102307,1703.4398148469716,1601.2173913043478,3035.4680697187223,372
154,Sinic,299522.00886608637,113538.70024446415,3129.4270557029176,296392.5818103835,658
154,United States,142691.54670577624,52632.96152556193,1844.0637813211845,140847.48292445505,356
155,Anglosphere ex-US,66401.88611586233,24969.401320971618,3183.4920212765956,63218.39409458574,614
155,Continental Europe,192355.9159673499,70748.6043626522,3923.499485066941,188432.41648228295,781
155,Hindu,52468.02849067717,26007.64186936966,2248.8695652173915,50219.15892545978,536
155,Islamic,87599.9411204068,41191.244722413925,2254.7179487179487,85345.22317168885,571
155,Japanese,28696.15164388213,5755.63466172417,1792.6470588235293,26903.504585058603,424
155,Other Civilizations,57449.2868618597,17345.105641620445,2068.969696969697,55380.31716489,494
155,Other Western,4660.099139903305,1781.0901621406408,1601.2173913043478,3058.8817485989566,372
155,Sinic,300630.93887030275,114545.58023197518,3129.4270557029176,297501.51181459986,658
155,United States,142018.16629924078,52351.666464141475,1844.0637813211845,140174.1025179196,356
156,Anglosphere ex-US,66370.39971034214,25155.878840309684,3183.4920212765956,63186.90768906555,614
156,Continental Europe,192358.40723096931,70647.13654618757,3923.499485066941,188434.90774590237,781
156,Hindu,51978.22969216295,25615.462836650324,2248.8695652173915,49729.36012694556,536
156,Islamic,86051.5982016697,39877.33799376571,2254.7179487179487,83796.88025295174,571
156,Japanese,29021.185299238365,5777.661874147,1792.6470588235293,27228.538240414837,424
156,Other Civilizations,57049.373717061084,17377.53790680091,2068.969696969697,54980.40402009139,494
156,Other Western,4566.8942120120655,1679.6096023786913,1601.2173913043478,2965.6768207077175,372
156,Sinic,300083.16252901265,114156.43132508296,3129.4270557029176,296953.73547330976,658
156,United States,142448.88866969902,52471.46984145665,1844.0637813211845,140604.82488837783,356
157,Anglosphere ex-US,66089.42143353063,24844.621957839827,3183.4920212765956,62905.92941225404,614
157,Continental Europe,191899.66670874233,70227.33996796508,3923.499485066941,187976.16722367538,781
157,Hindu,53358.45378692799,26598.999097366566,2248.8695652173915,51109.5842217106,536
157,Islamic,86174.06939697519,39926.177418336825,2254.7179487179487,83919.35144825724,571
157,Japanese,28960.080621230733,5822.840890731603,1792.6470588235293,27167.433562407205,424
157,Other Civilizations,57745.97503049235,17617.59826970739,2068.969696969697,55677.005333522655,494
157,Other Western,4556.338054309921,1710.7502046908712,1601.2173913043478,2955.120663005573,372
157,Sinic,298660.3231678204,113120.89750238165,3129.4270557029176,295530.8961121175,658
157,United States,142033.927479606,52029.440453784206,1844.0637813211845,140189.8636982848,356
158,Anglosphere ex-US,66608.23024024456,25157.92881622537,3183.4920212765956,63424.73821896797,614
158,Continental Europe,192162.41331064893,70413.89905749616,3923.499485066941,188238.91382558199,781
158,Hindu,52229.45826121552,25834.39252626927,2248.8695652173915,49980.58869599813,536
158,Islamic,87200.24817380059,40743.57509123623,2254.7179487179487,84945.53022508264,571
158,Japanese,29462.60720289685,6063.85616479429,1792.6470588235293,27669.96014407332,424
158,Other Civilizations,57775.10326217655,17576.78070743947,2068.969696969697,55706.13356520685,494
158,Other Western,4810.111774884653,1829.3994495567113,1601.2173913043478,3208.8943835803047,372
158,Sinic,302655.5630632346,116408.74893472214,3129.4270557029176,299526.1360075317,658
158,United States,142575.62436612134,52249.94103054096,1844.0637813211845,140731.56058480014,356
159,Anglosphere ex-US,66257.84603480346,25175.72981804052,3183.4920212765956,63074.35401352686,614
159,Continental Europe,193268.8260789781,71372.38500965547,3923.499485066941,189345.32659391116,781
159,Hindu,50900.85097876967,24760.05236751109,2248.8695652173915,48651.981413552276,536
159,Islamic,85574.00417106366,39696.86568698809,2254.7179487179487,83319.2862223457,571
159,Japanese,28791.906241914658,5746.012394137259,1792.6470588235293,26999.25918309113,424
159,Other Civilizations,57714.01833595031,17655.129392265382,2068.969696969697,55645.04863898062,494
159,Other Western,4592.871954569754,1688.8319585425422,1601.2173913043478,2991.654563265406,372
159,Sinic,300364.002721604,114374.98415911935,3129.4270557029176,297234.5756659011,658
159,United States,142131.63002571266,52300.75526528085,1844.0637813211845,140287.56624439146,356
160,Anglosphere ex-US,66136.0112770573,24726.276119724625,3183.4920212765956,62952.51925578071,614
160,Continental Europe,193206.4834123109,71557.54114918229,3923.499485066941,189282.98392724394,781
160,Hindu,52736.937347351275,26256.552444426903,2248.8695652173915,50488.06778213388,536
160,Islamic,86469.88745860718,40145.489013137,2254.7179487179487,84215.16950988922,571
160,Japanese,28911.156277975664,5713.639058163114,1792.6470588235293,27118.509219152136,424
160,Other Civilizations,57631.138624668754,17542.247599974973,2068.969696969697,55562.16892769906,494
160,Other Western,4738.863714114036,1762.8458646387542,1601.2173913043478,3137.646322809688,372
160,Sinic,300519.0990333909,114748.59390339226,3129.4270557029176,297389.67197768803,658
160,United States,141902.82991115362,52512.04984923469,1844.0637813211845,140058.76612983242,356
161,Anglosphere ex-US,66657.33774001966,25121.071538121403,3183.4920212765956,63473.84571874307,614
161,Continental Europe,191894.89696393127,69828.8896936607,3923.499485066941,187971.39747886432,781
161,Hindu,51586.04811308686,25363.599832204534,2248.8695652173915,49337.178547869466,536
161,Islamic,86204.67973106082,39969.37895150223,2254.7179487179487,83949.96178234287,571
161,Japanese,28549.0907639581,5613.94258812643,1792.6470588235293,26756.44370513457,424
161,Other Civilizations,57241.56223593939,17238.153173149494,2068.969696969697,55172.59253896969,494
161,Other Western,4574.569425827707,1686.478518279106,1601.2173913043478,2973.352034523359,372
161,Sinic,299957.6555056008,113987.15590593856,3129.4270557029176,296828.2284498979,658
161,United States,142095.25486698,52515.13373748813,1844.0637813211845,140251.1910856588,356
162,Anglosphere ex-US,66939.79390585126,25503.553874917536,3183.4920212765956,63756.30188457466,614
162,Continental Europe,191977.49645556236,70349.52554052284,3923.499485066941,188053.9969704954,781
162,Hindu,51574.760633866324,25209.988865683223,2248.8695652173915,49325.89106864893,536
162,Islamic,86430.31103179141,40143.503415762534,2254.7179487179487,84175.59308307346,571
162,Japanese,29481.85976978709,6026.3487463567035,1792.6470588235293,27689.212710963562,424
162,Other Civilizations,57970.895490675866,17968.673993277982,2068.969696969697,55901.92579370617,494
162,Other Western,4686.246340631564,1807.9241834249083,1601.2173913043478,3085.0289493272157,372
162,Sinic,300875.8281661483,114535.08203584813,3129.4270557029176,297746.4011104454,658
162,United States,140637.67894610442,51350.01406622434,1844.0637813211845,138793.61516478323,356
163,Anglosphere ex-US,66861.42723318462,25531.148041515935,3183.4920212765956,63677.93521190802,614
163,Continental Europe,191995.68954572623,70037.41974991726,3923.499485066941,188072.19006065928,781
163,Hindu,53153.53115161721,26550.457494369144,2248.8695652173915,50904.661586399816,536
163,Islamic,84928.34019976831,39095.33934720187,2254.7179487179487,82673.62225105036,571
163,Japanese,29027.3089167309,5779.746524158118,1792.6470588235293,27234.661857907373,424
163,Other Civilizations,57830.50464167459,17783.36417785323,2068.969696969697,55761.534944704894,494
163,Other Western,4562.382747951523,1631.0745737806208,1601.2173913043478,2961.165356647175,372
163,Sinic,297983.0227989068,113202.35700792687,3129.4270557029176,294853.5957432039,658
163,United States,141793.2532339884,52193.817800652105,1844.0637813211845,139949.1894526672,356
164,Anglosphere ex-US,66029.77412163396,24917.28746515403,3183.4920212765956,62846.28210035737,614
164,Continental Europe,192189.02038038953,70602.75242253896,3923.499485066941,188265.52089532258,781
164,Hindu,52834.49360803515,26161.75089353453,2248.8695652173915,50585.624042817755,536
164,Islamic,85402.64259586584,39524.452025203085,2254.7179487179487,83147.92464714788,571
164,Japanese,29162.870808205895,6030.74019160967,1792.6470588235293,27370.223749382367,424
164,Other Civilizations,57191.70681552272,17394.040330411302,2068.969696969697,55122.73711855302,494
164,Other Western,4565.788067497173,1678.0986488723768,1601.2173913043478,2964.570676192825,372
164,Sinic,299030.35215477226,113896.21869137234,3129.4270557029176,295900.92509906937,658
164,United States,142618.98687854307,52506.16509512418,1844.0637813211845,140774.92309722188,356
165,Anglosphere ex-US,67460.13461345232,25747.88823180992,3183.4920212765956,64276.642592175725,614
165,Continental Europe,191331.91397279516,70042.61790033884,3923.499485066941,187408.4144877282,781
165,Hindu,52625.6734165568,26132.720698193814,2248.8695652173915,50376.803851339406,536
165,Islamic,86346.06950559739,40037.313812593326,2254.7179487179487,84091.35155687944,571
165,Japanese,28713.230980636585,5750.414474046872,1792.6470588235293,26920.583921813057,424
165,Other Civilizations,57773.219516767145,17676.687837012552,2068.969696969697,55704.24981979745,494
165,Other Western,4814.680109088646,1823.1259134709585,1601.2173913043478,3213.4627177842976,372
165,Sinic,299365.3425285187,113594.2051983911,3129.4270557029176,296235.9154728158,658
165,United States,142029.2859860898,52322.257655842404,1844.0637813211845,140185.2222047686,356
166,Anglosphere ex-US,66708.21389208664,25294.215663261348,3183.4920212765956,63524.72187081005,614
166,Continental Europe,192849.78261306745,70797.39481144014,3923.499485066941,188926.2831280005,781
166,Hindu,52675.49065795273,26162.00994852072,2248.8695652173915,50426.62109273534,536
166,Islamic,86680.39103735253,40380.931630176536,2254.7179487179487,84425.67308863458,571
166,Japanese,28730.576612512334,5786.812593506619,1792.6470588235293,26937.929553688806,424
166,Other Civilizations,58219.09012142869,17887.122437036916,2068.969696969697,56150.120424459,494
166,Other Western,4669.194472760907,1749.1403662172881,1601.2173913043478,3067.977081456559,372
166,Sinic,299734.8396413963,114325.21330626518,3129.4270557029176,296605.4125856934,658
166,United States,141425.01638352542,51766.00896240539,1844.0637813211845,139580.95260220423,356
167,Anglosphere ex-US,66585.62939643381,25230.903351985897,3183.4920212765956,63402.13737515722,614
167,Continental Europe,192490.4708103224,70474.26572136147,3923.499485066941,188566.97132525546,781
167,Hindu,51951.89027164574,25768.680767656617,2248.8695652173915,49703.020706428346,536
167,Islamic,85820.06222796718,39893.810453294,2254.7179487179487,83565.34427924923,571
167,Japanese,28895.813441681512,5773.166309118836,1792.6470588235293,27103.166382857984,424
167,Other Civilizations,57764.95518985963,17652.979171842053,2068.969696969697,55695.98549288994,494
167,Other Western,4589.626949546142,1681.4688796840153,1601.2173913043478,2988.409558241794,372
167,Sinic,300926.6892650998,114204.13630643424,3129.4270557029176,297797.2622093969,658
167,United States,142127.91059008564,52570.30720739438,1844.0637813211845,140283.84680876444,356
168,Anglosphere ex-US,66074.96710145813,24916.524993190236,3183.4920212765956,62891.47508018153,614
168,Continental Europe,195407.48678093695,72810.04768891037,3923.499485066941,191483.98729587,781
168,Hindu,52455.98985765415,26104.480315528883,2248.8695652173915,50207.12029243676,536
168,Islamic,84990.43632475742,38654.88953246863,2254.7179487179487,82735.71837603947,571
168,Japanese,28921.15931549368,5736.174116698352,1792.6470588235293,27128.512256670154,424
168,Other Civilizations,57494.55062380344,17321.16022410704,2068.969696969697,55425.58092683375,494
168,Other Western,4532.089557480782,1622.248264608432,1601.2173913043478,2930.872166176434,372
168,Sinic,298673.8082435067,113273.26048976378,3129.4270557029176,295544.3811878038,658
168,United States,142062.36059788597,52319.144727166735,1844.0637813211845,140218.29681656478,356
169,Anglosphere ex-US,65889.12436882473,24862.46610277856,3183.4920212765956,62705.63234754814,614
169,Continental Europe,192152.85451588506,70144.22383336061,3923.499485066941,188229.35503081811,781
169,Hindu,51797.62705214131,25186.239888573087,2248.8695652173915,49548.75748692392,536
169,Islamic,86021.14575708132,39491.2256525377,2254.7179487179487,83766.42780836337,571
169,Japanese,28864.705100731222,5640.9515378024,1792.6470588235293,27072.058041907694,424
169,Other Civilizations,57623.53158081124,17398.10989921238,2068.969696969697,55554.56188384155,494
169,Other Western,4789.45878811006,1835.5011308586186,1601.2173913043478,3188.2413968057117,372
169,Sinic,297599.95141351916,112160.9081279766,3129.4270557029176,294470.52435781626,658
169,United States,141628.16430188133,52068.240601814636,1844.0637813211845,139784.10052056014,356
170,Anglosphere ex-US,66231.64330622632,25274.84072243618,3183.4920212765956,63048.15128494973,614
170,Continental Europe,193138.6916485485,71070.69761996793,3923.499485066941,189215.19216348155,781
170,Hindu,53861.68589873631,27156.963483397165,2248.8695652173915,51612.81633351892,536
170,Islamic,85619.27049252985,39371.01250654274,2254.7179487179487,83364.5525438119,571
170,Japanese,28742.13787313286,5622.052835388056,1792.6470588235293,26949.49081430933,424
170,Other Civilizations,58265.70180407095,17833.77404764389,2068.969696969697,56196.732107101256,494
170,Other Western,4798.73950378761,1862.388717635669,1601.2173913043478,3197.5221124832624,372
170,Sinic,299613.61105400324,113664.16571754983,3129.4270557029176,296484.18399830034,658
170,United States,141740.7495807246,52091.30004759433,1844.0637813211845,139896.6857994034,356
171,Anglosphere ex-US,66915.68961767858,25426.27454764127,3183.4920212765956,63732.19759640199,614
171,Continental Europe,192585.65804404227,71022.00316078492,3923.499485066941,188662.15855897532,781
171,Hindu,52122.757548078866,25969.106333487918,2248.8695652173915,49873.88798286147,536
171,Islamic,85903.05067181449,39567.155177906185,2254.7179487179487,83648.33272309654,571
171,Japanese,28760.274595967952,5745.162331196241,1792.6470588235293,26967.627537144424,424
171,Other Civilizations,57995.6672984375,17895.373348744208,2068.969696969697,55926.69760146781,494
171,Other Western,4681.142001886305,1743.2805297384725,1601.2173913043478,3079.9246105819566,372
171,Sinic,299234.3825725821,114218.93402054429,3129.4270557029176,296104.9555168792,658
171,United States,142452.3475922476,52593.85400991842,1844.0637813211845,140608.2838109264,356
172,Anglosphere ex-US,66643.24253875599,25344.600878894373,3183.4920212765956,63459.7505174794,614
172,Continental Europe,192821.56494331014,71247.44716027596,3923.499485066941,188898.0654582432,781
172,Hindu,54032.062792272016,27321.679811905404,2248.8695652173915,51783.193227054624,536
172,Islamic,85402.19206276897,39153.30089350043,2254.7179487179487,83147.47411405102,571
172,Japanese,29275.439624614446,6011.106020161318,1792.6470588235293,27482.792565790918,424
172,Other Civilizations,56896.54666130616,17033.821616329373,2068.969696969697,54827.57696433646,494
172,Other Western,4494.521032549716,1638.0813000779742,1601.2173913043478,2893.3036412453685,372
172,Sinic,300493.1511354368,114272.42929297015,3129.4270557029176,297363.7240797339,658
172,United States,141039.2279976792,51684.98743484595,1844.0637813211845,139195.164216358,356
173,Anglosphere ex-US,66771.67071644867,25245.77531627051,3183.4920212765956,63588.17869517208,614
173,Continental Europe,193025.01368301135,70985.81071917474,3923.499485066941,189101.5141979444,781
173,Hindu,52758.359670823396,26150.617532546337,2248.8695652173915,50509.490105606004,536
173,Islamic,84948.76722227526,38983.63594311101,2254.7179487179487,82694.0492735573,571
173,Japanese,28862.230842513927,5757.106521810898,1792.6470588235293,27069.5837836904,424
173,Other Civilizations,57767.07757179777,17575.683710715024,2068.969696969697,55698.10787482807,494
173,Other Western,4650.813436399972,1709.2116705008723,1601.2173913043478,3049.5960450956236,372
173,Sinic,300210.4130886217,114219.23948482591,3129.4270557029176,297080.9860329188,658
173,United States,142369.80490125186,52507.85646080096,1844.0637813211845,140525.74111993067,356
174,Anglosphere ex-US,65763.02891598453,24688.791175184975,3183.4920212765956,62579.53689470793,614
174,Continental Europe,192254.40067473962,70336.28848847549,3923.499485066941,188330.90118967267,781
174,Hindu,53147.35107039741,26590.501792947427,2248.8695652173915,50898.48150518002,536
174,Islamic,87249.61469780505,40498.872865289464,2254.7179487179487,84994.8967490871,571
174,Japanese,28996.20243407852,5814.558830389917,1792.6470588235293,27203.555375254993,424
174,Other Civilizations,57558.813736216514,17500.61047419498,2068.969696969697,55489.84403924682,494
174,Other Western,4704.115359917986,1711.3208971341285,1601.2173913043478,3102.897968613638,372
174,Sinic,299674.0349698076,114206.27473921039,3129.4270557029176,296544.6079141047,658
174,United States,141866.07075387653,52023.91088402754,1844.0637813211845,140022.00697255533,356
175,Anglosphere ex-US,66284.90952095593,24879.25310666071,3183.4920212765956,63101.41749967934,614
175,Continental Europe,192809.67171643276,71132.91907518855,3923.499485066941,188886.1722313658,781
175,Hindu,52243.5500312432,25752.06827800761,2248.8695652173915,49994.680466025806,536
175,Islamic,85795.53163948479,39444.36053029706,2254.7179487179487,83540.81369076684,571
175,Japanese,29109.812914277227,5902.011954492864,1792.6470588235293,27317.1658554537,424
175,Other Civilizations,58154.218154331196,17920.334105689755,2068.969696969697,56085.2484573615,494
175,Other Western,4647.24578814155,1806.1020232580977,1601.2173913043478,3046.0283968372023,372
175,Sinic,300307.1851119522,114312.53213695569,3129.4270557029176,297177.7580562493,658
175,United States,142974.75856323802,53073.57455465971,1844.0637813211845,141130.69478191683,356
176,Anglosphere ex-US,65420.12819522833,24192.053799828773,3183.4920212765956,62236.63617395174,614
176,Continental Europe,193301.17392978488,70971.83677284449,3923.499485066941,189377.67444471794,781
176,Hindu,51900.26171082146,25553.44177824018,2248.8695652173915,49651.39214560407,536
176,Islamic,85341.40417656417,39697.91921544362,2254.7179487179487,83086.68622784622,571
176,Japanese,28987.235245043135,5933.428521657322,1792.6470588235293,27194.588186219607,424
176,Other Civilizations,58083.81873727763,17798.64840052112,2068.969696969697,56014.849040307934,494
176,Other Western,4649.03813469782,1700.6138210375495,1601.2173913043478,3047.820743393472,372
176,Sinic,303027.5883697794,115623.49539313742,3129.4270557029176,299898.1613140765,658
176,United States,141405.69414821072,51673.377844676645,1844.0637813211845,139561.63036688953,356
177,Anglosphere ex-US,66620.6471633687,25263.98092746121,3183.4920212765956,63437.15514209211,614
177,Continental Europe,193118.5397217859,70926.52443519662,3923.499485066941,189195.04023671895,781
177,Hindu,53588.93613289776,26752.676531653087,2248.8695652173915,51340.06656768037,536
177,Islamic,85678.72463284522,39034.53131762719,2254.7179487179487,83424.00668412726,571
177,Japanese,29102.166639904983,5918.364604491934,1792.6470588235293,27309.519581081455,424
177,Other Civilizations,58247.24136817217,17776.45233652964,2068.969696969697,56178.27167120247,494
177,Other Western,4492.155317495211,1561.4547659285647,1601.2173913043478,2890.9379261908634,372
177,Sinic,299382.20069385896,113519.67441311975,3129.4270557029176,296252.77363815607,658
177,United States,142706.4801674555,52648.92393368314,1844.0637813211845,140862.4163861343,356
178,Anglosphere ex-US,66911.26738561125,25476.935296871925,3183.4920212765956,63727.77536433466,614
178,Continental Europe,193477.23744712217,71697.7437793638,3923.499485066941,189553.73796205522,781
178,Hindu,52423.970576278334,25808.609822235165,2248.8695652173915,50175.10101106094,536
178,Islamic,84899.43485182253,38794.53450594056,2254.7179487179487,82644.71690310458,571
178,Japanese,29296.349867637968,5978.390107815785,1792.6470588235293,27503.70280881444,424
178,Other Civilizations,58398.3959110524,17749.18688820772,2068.969696969697,56329.426214082705,494
178,Other Western,4815.051539378908,1834.7374047362996,1601.2173913043478,3213.8341480745603,372
178,Sinic,301229.9018372408,115352.88690955973,3129.4270557029176,298100.4747815379,658
178,United States,141800.81882778415,51878.96594632657,1844.0637813211845,139956.75504646296,356
179,Anglosphere ex-US,66935.74790556433,25556.87561817119,3183.4920212765956,63752.25588428774,614
179,Continental Europe,192489.39059016848,70631.1014720287,3923.499485066941,188565.89110510153,781
179,Hindu,53031.063846769495,26492.756608310945,2248.8695652173915,50782.1942815521,536
179,Islamic,86198.3459071559,39700.04450874005,2254.7179487179487,83943.62795843795,571
179,Japanese,29117.105506980617,5947.81600821224,1792.6470588235293,27324.45844815709,424
179,Other Civilizations,58099.31586121242,17790.595608052892,2068.969696969697,56030.34616424272,494
179,Other Western,4459.387863352935,1588.5199260704164,1601.2173913043478,2858.170472048587,372
179,Sinic,298469.9763988967,113282.78565288975,3129.4270557029176,295340.5493431938,658
179,United States,142536.14109152192,52575.18095436204,1844.0637813211845,140692.07731020072,356
180,Anglosphere ex-US,66642.91033185527,25307.70609151565,3183.4920212765956,63459.41831057867,614
180,Continental Europe,191794.91907631463,70369.24108503122,3923.499485066941,187871.4195912477,781
180,Hindu,52662.88694928936,26159.04014156961,2248.8695652173915,50414.017384071965,536
180,Islamic,86308.69654869386,40092.38025320601,2254.7179487179487,84053.9785999759,571
180,Japanese,29479.055182637425,6153.797407103051,1792.6470588235293,27686.408123813897,424
180,Other Civilizations,57149.23846644268,17235.053486707217,2068.969696969697,55080.26876947298,494
180,Other Western,4591.326280326964,1663.6853470165593,1601.2173913043478,2990.1088890226156,372
180,Sinic,299724.83062309976,113925.31749783778,3129.4270557029176,296595.40356739686,658
180,United States,141653.77499618873,51992.3390766382,1844.0637813211845,139809.71121486754,356
181,Anglosphere ex-US,66425.45321739535,25193.430661752507,3183.4920212765956,63241.961196118755,614
181,Continental Europe,193352.57735917435,71155.45318616545,3923.499485066941,189429.0778741074,781
181,Hindu,52069.99944873142,25437.255044419144,2248.8695652173915,49821.129883514026,536
181,Islamic,85967.61062235611,39664.45576834559,2254.7179487179487,83712.89267363815,571
181,Japanese,29231.450277813536,6064.068829836555,1792.6470588235293,27438.803218990008,424
181,Other Civilizations,57350.38111662483,17467.14590625336,2068.969696969697,55281.41141965513,494
181,Other Western,4647.791889439575,1748.9213530559277,1601.2173913043478,3046.5744981352273,372
181,Sinic,299473.598442008,113532.8338833093,3129.4270557029176,296344.1713863051,658
181,United States,142189.97516518217,52397.628839622776,1844.0637813211845,140345.91138386098,356
182,Anglosphere ex-US,66310.18198304722,25099.05302896713,3183.4920212765956,63126.68996177063,614
182,Continental Europe,191326.46805897224,69689.27297429426,3923.499485066941,187402.9685739053,781
182,Hindu,53270.47048123149,26579.7335429661,2248.8695652173915,51021.6009160141,536
182,Islamic,85717.63058765902,39444.988491749435,2254.7179487179487,83462.91263894107,571
182,Japanese,28999.37198196457,5771.618200069697,1792.6470588235293,27206.724923141042,424
182,Other Civilizations,58026.1446031807,17808.11520744987,2068.969696969697,55957.174906211,494
182,Other Western,4402.9074977052405,1542.47486624159,1601.2173913043478,2801.6901064008925,372
182,Sinic,300019.6660269689,114463.45722917446,3129.4270557029176,296890.238971266,658
182,United States,142110.83472778293,52710.24126611424,1844.0637813211845,140266.77094646174,356
183,Anglosphere ex-US,66202.05526448463,25081.819836540708,3183.4920212765956,63018.56324320804,614
183,Continental Europe,192771.711692937,70738.65642603081,3923.499485066941,188848.21220787006,781
183,Hindu,53006.45520947169,26514.3314280066,2248.8695652173915,50757.5856442543,536
183,Islamic,84983.07488270299,39003.24692226142,2254.7179487179487,82728.35693398504,571
183,Japanese,28982.531488099637,5775.044339998147,1792.6470588235293,27189.88442927611,424
183,Other Civilizations,58060.48319440462,17691.456204665577,2068.969696969697,55991.51349743492,494
183,Other Western,4805.916751108542,1837.3709733382266,1601.2173913043478,3204.6993598041936,372
183,Sinic,300054.9324646493,114182.82878233628,3129.4270557029176,296925.5054089464,658
183,United States,141806.2029015457,52279.46743260115,1844.0637813211845,139962.1391202245,356
184,Anglosphere ex-US,66792.86557816024,25412.339444632897,3183.4920212765956,63609.37355688365,614
184,Continental Europe,192778.03090657893,71181.80215847328,3923.499485066941,188854.531421512,781
184,Hindu,52947.742490115816,26566.312768654963,2248.8695652173915,50698.872924898424,536
184,Islamic,85428.19224507148,38986.78614451561,2254.7179487179487,83173.47429635352,571
184,Japanese,29110.834275827394,5962.645632814709,1792.6470588235293,27318.187217003866,424
184,Other Civilizations,57494.7254060057,17505.458384313355,2068.969696969697,55425.755709036006,494
184,Other Western,4537.175470381235,1700.1869745513848,1601.2173913043478,2935.958079076887,372
184,Sinic,298312.80461490573,113705.13340490198,3129.4270557029176,295183.37755920284,658
184,United States,140633.8509434964,51170.388999503804,1844.0637813211845,138789.7871621752,356
185,Anglosphere ex-US,66707.54730918593,25229.45805377094,3183.4920212765956,63524.05528790934,614
185,Continental Europe,192998.12182649676,70891.27057626317,3923.499485066941,189074.62234142981,781
185,Hindu,52413.16644694895,25870.31282466335,2248.8695652173915,50164.296881731556,536
185,Islamic,88149.3945589851,41498.74755406301,2254.7179487179487,85894.67661026715,571
185,Japanese,29041.85694755454,5896.906715818553,1792.6470588235293,27249.209888731013,424
185,Other Civilizations,57605.26333796028,17561.597169289307,2068.969696969697,55536.29364099058,494
185,Other Western,4761.708710196946,1800.9471335474254,1601.2173913043478,3160.4913188925984,372
185,Sinic,297321.061768457,112716.60893933788,3129.4270557029176,294191.6347127541,658
185,United States,142754.32363662912,52630.66474531491,1844.0637813211845,140910.25985530793,356
186,Anglosphere ex-US,65904.50589341566,24757.559643607226,3183.4920212765956,62721.01387213906,614
186,Continental Europe,192330.55941669116,70459.76377512608,3923.499485066941,188407.05993162422,781
186,Hindu,52754.90054590083,26214.604907167348,2248.8695652173915,50506.03098068344,536
186,Islamic,85839.01416873242,39727.990991702536,2254.7179487179487,83584.29622001447,571
186,Japanese,28868.805613757795,5751.020295309996,1792.6470588235293,27076.158554934267,424
186,Other Civilizations,57409.21765362961,17199.583104381854,2068.969696969697,55340.247956659914,494
186,Other Western,4408.960567822486,1588.3894443938455,1601.2173913043478,2807.743176518138,372
186,Sinic,299412.274221924,113369.50811517445,3129.4270557029176,296282.8471662211,658
186,United States,141764.7063949045,52210.01518164985,1844.0637813211845,139920.6426135833,356
187,Anglosphere ex-US,67503.88654253574,26032.7070329828,3183.4920212765956,64320.39452125914,614
187,Continental Europe,191907.65732170932,70073.8494495711,3923.499485066941,187984.15783664238,781
187,Hindu,52748.806305005855,26064.092965749387,2248.8695652173915,50499.93673978846,536
187,Islamic,86348.83609910916,40220.716563861715,2254.7179487179487,84094.11815039121,571
187,Japanese,29113.412930142924,5916.982457848947,1792.6470588235293,27320.765871319396,424
187,Other Civilizations,57553.34938798782,17601.03453464191,2068.969696969697,55484.379691018126,494
187,Other Western,4505.707191215006,1596.4590728767052,1601.2173913043478,2904.489799910658,372
187,Sinic,301126.3804210572,114910.20414866871,3129.4270557029176,297996.95336535433,658
187,United States,141489.68752716074,51551.04541812518,1844.0637813211845,139645.62374583955,356
188,Anglosphere ex-US,66906.94537800709,25448.124133239548,3183.4920212765956,63723.4533567305,614
188,Continental Europe,191849.01598558907,70212.10866357891,3923.499485066941,187925.51650052212,781
188,Hindu,52733.417685189284,26239.114665632835,2248.8695652173915,50484.54811997189,536
188,Islamic,85058.01195264742,38908.93463695134,2254.7179487179487,82803.29400392946,571
188,Japanese,29034.977738361296,5910.754062203499,1792.6470588235293,27242.33067953777,424
188,Other Civilizations,57330.53365718288,17117.919415151846,2068.969696969697,55261.563960213185,494
188,Other Western,4806.3828132695635,1785.436078005015,1601.2173913043478,3205.1654219652155,372
188,Sinic,301723.12839972076,115082.9456812362,3129.4270557029176,298593.70134401787,658
188,United States,141301.98149303344,51810.095789300394,1844.0637813211845,139457.91771171225,356
189,Anglosphere ex-US,66026.16720769095,24909.440122292268,3183.4920212765956,62842.67518641435,614
189,Continental Europe,193606.95690513152,71735.49625655496,3923.499485066941,189683.45742006457,781
189,Hindu,53464.94375467401,26941.932638745555,2248.8695652173915,51216.074189456616,536
189,Islamic,86841.77923651427,40215.30805461738,2254.7179487179487,84587.06128779631,571
189,Japanese,28917.59145898832,5787.7656267034845,1792.6470588235293,27124.944400164793,424
189,Other Civilizations,57529.41767110521,17406.08030346182,2068.969696969697,55460.44797413552,494
189,Other Western,4645.277967853015,1792.9896382604602,1601.2173913043478,3044.060576548667,372
189,Sinic,300531.41421178525,114429.29831560905,3129.4270557029176,297401.98715608235,658
189,United States,142646.64071289357,52844.2072383781,1844.0637813211845,140802.57693157237,356
190,Anglosphere ex-US,66926.72380244701,25496.714537790787,3183.4920212765956,63743.23178117042,614
190,Continental Europe,193725.719116372,71626.91469571069,3923.499485066941,189802.21963130505,781
190,Hindu,52087.48412217847,25449.41993234974,2248.8695652173915,49838.61455696108,536
190,Islamic,86202.73772967764,40110.91812681316,2254.7179487179487,83948.01978095969,571
190,Japanese,29308.175287037455,5955.088808617605,1792.6470588235293,27515.528228213927,424
190,Other Civilizations,57541.10876339328,17492.767257647716,2068.969696969697,55472.13906642358,494
190,Other Western,4685.510571248543,1719.294824028556,1601.2173913043478,3084.293179944195,372
190,Sinic,298143.1816636488,112859.35389956899,3129.4270557029176,295013.7546079459,658
190,United States,142295.77093620802,52800.944013478154,1844.0637813211845,140451.70715488683,356
191,Anglosphere ex-US,66668.51316311106,25313.895984416755,3183.4920212765956,63485.02114183446,614
191,Continental Europe,192388.7878336616,70451.67222898323,3923.499485066941,188465.28834859465,781
191,Hindu,52473.17172913325,26086.38630368629,2248.8695652173915,50224.30216391586,536
191,Islamic,84965.05064402444,39024.64128661163,2254.7179487179487,82710.33269530648,571
191,Japanese,29572.228329543374,6019.283431102418,1792.6470588235293,27779.581270719846,424
191,Other Civilizations,57155.56382263675,17229.345666630303,2068.969696969697,55086.594125667056,494
191,Other Western,4460.260014918441,1621.8076623659501,1601.2173913043478,2859.042623614093,372
191,Sinic,300657.5651928088,114133.35599570427,3129.4270557029176,297528.1381371059,658
191,United States,141251.7644768503,51788.64929762626,1844.0637813211845,139407.7006955291,356
192,Anglosphere ex-US,66326.8434670576,25015.641159351373,3183.4920212765956,63143.351445781,614
192,Continental Europe,192677.85178385087,71057.90212051461,3923.499485066941,188754.35229878392,781
192,Hindu,52438.543879491845,26086.57516059245,2248.8695652173915,50189.67431427445,536
192,Islamic,85027.14676928637,39026.45238742667,2254.7179487179487,82772.42882056841,571
192,Japanese,28674.154427225632,5752.23105182519,1792.6470588235293,26881.507368402104,424
192,Other Civilizations,58026.79520745139,17683.85042597771,2068.969696969697,55957.82551048169,494
192,Other Western,4709.153500293449,1771.5515281088683,1601.2173913043478,3107.936108989101,372
192,Sinic,299738.9524198568,113908.40234229254,3129.4270557029176,296609.5253641539,658
192,United States,140745.30027395324,51276.98429334488,1844.0637813211845,138901.23649263204,356
193,Anglosphere ex-US,66493.08232394952,25281.846844603304,3183.4920212765956,63309.59030267293,614
193,Continental Europe,192222.48071877274,70451.51727024083,3923.499485066941,188298.9812337058,781
193,Hindu,52386.553374208976,25872.915514211014,2248.8695652173915,50137.683808991584,536
193,Islamic,85521.48846819521,39303.9056412817,2254.7179487179487,83266.77051947726,571
193,Japanese,29090.266101963116,5922.524105925335,1792.6470588235293,27297.619043139588,424
193,Other Civilizations,57861.08555459656,17773.217703915172,2068.969696969697,55792.115857626864,494
193,Other Western,4779.514879199229,1775.365690251507,1601.2173913043478,3178.2974878948808,372
193,Sinic,298061.5053843866,112728.73275920871,3129.4270557029176,294932.0783286837,658
193,United States,142943.17224724372,52969.901591601585,1844.0637813211845,141099.10846592253,356
194,Anglosphere ex-US,66043.02672343963,24895.892223747418,3183.4920212765956,62859.53470216304,614
194,Continental Europe,192457.2455872473,70699.84626540165,3923.499485066941,188533.74610218036,781
194,Hindu,53036.205730447284,26577.277072271456,2248.8695652173915,50787.33616522989,536
194,Islamic,86570.72311365204,40073.79611133183,2254.7179487179487,84316.00516493409,571
194,Japanese,28995.9775891874,5927.050955120065,1792.6470588235293,27203.330530363874,424
194,Other Civilizations,57744.35552607551,17406.70214681143,2068.969696969697,55675.38582910581,494
194,Other Western,4671.282911362649,1704.688548644757,1601.2173913043478,3070.0655200583014,372
194,Sinic,299428.1031758737,113560.26307141336,3129.4270557029176,296298.6761201708,658
194,United States,142421.04025255365,52489.22915019988,1844.0637813211845,140576.97647123245,356
195,Anglosphere ex-US,66371.93053374974,25051.157717050228,3183.4920212765956,63188.43851247314,614
195,Continental Europe,192935.94820742507,70803.5186677282,3923.499485066941,189012.44872235812,781
195,Hindu,53031.06518589659,26481.06670191242,2248.8695652173915,50782.195620679195,536
195,Islamic,85836.14352595089,39451.1270789657,2254.7179487179487,83581.42557723293,571
195,Japanese,29065.46202601148,5869.5048409939955,1792.6470588235293,27272.81496718795,424
195,Other Civilizations,58247.28695028157,17871.53564762357,2068.969696969697,56178.31725331187,494
195,Other Western,4613.02622414203,1663.678104395044,1601.2173913043478,3011.8088328376816,372
195,Sinic,299663.3587729863,114072.20428133481,3129.4270557029176,296533.9317172834,658
195,United States,141868.03429091058,51995.87919888548,1844.0637813211845,140023.9705095894,356
196,Anglosphere ex-US,66703.00764535001,25431.786442526005,3183.4920212765956,63519.515624073414,614
196,Continental Europe,193580.29004986226,71494.42847232718,3923.499485066941,189656.79056479532,781
196,Hindu,52643.434952876094,26123.46493058044,2248.8695652173915,50394.5653876587,536
196,Islamic,85768.5457588861,39610.4287675332,2254.7179487179487,83513.82781016815,571
196,Japanese,28929.122231665424,5937.133070125719,1792.6470588235293,27136.475172841896,424
196,Other Civilizations,57508.40927802953,17278.227116827267,2068.969696969697,55439.439581059836,494
196,Other Western,4746.264314751776,1832.487996695107,1601.2173913043478,3145.0469234474276,372
196,Sinic,299880.4251603867,113794.59844438476,3129.4270557029176,296750.9981046838,658
196,United States,141284.07448689555,51576.925222828926,1844.0637813211845,139440.01070557436,356
197,Anglosphere ex-US,66624.98274740746,25153.33365941984,3183.4920212765956,63441.49072613086,614
197,Continental Europe,193171.36066840665,71200.0145872181,3923.499485066941,189247.8611833397,781
197,Hindu,52608.57002578244,26139.592431788078,2248.8695652173915,50359.70046056505,536
197,Islamic,86643.74772668525,40329.55415296581,2254.7179487179487,84389.0297779673,571
197,Japanese,29350.26762178025,6135.325348690792,1792.6470588235293,27557.620562956723,424
197,Other Civilizations,57974.55932377814,17785.546666612066,2068.969696969697,55905.58962680845,494
197,Other Western,4602.087346501861,1717.1228750141772,1601.2173913043478,3000.8699551975133,372
197,Sinic,297129.86905285704,112056.1791422175,3129.4270557029176,294000.44199715415,658
197,United States,141304.90010595473,51416.82172868953,1844.0637813211845,139460.83632463354,356
198,Anglosphere ex-US,66045.13369630814,24822.778422202453,3183.4920212765956,62861.64167503155,614
198,Continental Europe,192542.8189498339,70940.26370970752,3923.499485066941,188619.31946476694,781
198,Hindu,52521.66547567239,26178.745616437707,2248.8695652173915,50272.795910454995,536
198,Islamic,85792.86630021766,39381.804209696966,2254.7179487179487,83538.14835149971,571
198,Japanese,28767.83692907711,5759.991609737001,1792.6470588235293,26975.189870253584,424
198,Other Civilizations,57499.349894840576,17541.494176441935,2068.969696969697,55430.38019787088,494
198,Other Western,4793.413636676873,1874.3511659501366,1601.2173913043478,3192.1962453725246,372
198,Sinic,300543.7012055144,114556.04780068404,3129.4270557029176,297414.2741498115,658
198,United States,141076.37456859037,51523.68002972822,1844.0637813211845,139232.31078726918,356
199,Anglosphere ex-US,66590.24991182881,25288.945791678892,3183.4920212765956,63406.75789055222,614
199,Continental Europe,192632.41980515723,70969.17657545913,3923.499485066941,188708.92032009028,781
199,Hindu,51816.62612505055,25223.482510398677,2248.8695652173915,49567.75655983316,536
199,Islamic,86202.2173430851,39965.62390982663,2254.7179487179487,83947.49939436714,571
199,Japanese,29162.29164819447,5899.530255969035,1792.6470588235293,27369.644589370942,424
199,Other Civilizations,57565.18590488573,17495.27563906409,2068.969696969697,55496.21620791603,494
199,Other Western,4500.318770488948,1643.2896211884179,1601.2173913043478,2899.1013791846,372
199,Sinic,301605.2655190298,115446.83515305856,3129.4270557029176,298475.8384633269,658
199,United States,141060.1341459384,51596.05559745661,1844.0637813211845,139216.07036461722,356
