author_id,display_name,career_start,career_end,n_ai_works,origin_group,abroad,abroad_year,hit,hit_year,pi_year,pi,active,recent_group
A5102833128,Sarit Buzaglo,2011,2022,13,Other Western,True,2015.0,True,2014.0,,False,True,Other Western
A5085150941,Itzhak Tamo,2010,2025,84,Other Western,True,2011.0,True,2010.0,2011.0,True,True,Other Western
A5058399271,Aharon Bar-Hillel,2003,2023,31,Other Western,True,2007.0,True,2003.0,2006.0,True,True,Other Western
A5086416893,Mitsugu Hirasaka,2000,2018,24,Sinic,True,2000.0,False,,2000.0,True,False,
A5017805559,Philip Derbeko,2002,2021,13,Other Western,False,,True,2004.0,,False,True,Other Western
A5067042141,Shantanu Sharma,2014,2025,56,Other Western,True,2014.0,True,2020.0,2016.0,True,True,United States
A5038304782,Hung M. Bui,2012,2021,11,Continental Europe,True,2018.0,True,2020.0,2012.0,True,True,
A5101658856,Alexandra Florea,2015,2024,15,United States,False,,True,2020.0,2015.0,True,True,United States
A5041345202,Mark J. Buller,2011,2011,2,United States,False,,False,,,False,False,
A5038771285,Finale Doshi‐Velez,2009,2026,213,United States,True,2009.0,True,2009.0,2009.0,True,True,United States
A5042107443,Rajiv Maheswaran,2004,2016,39,United States,False,,True,2004.0,2011.0,True,False,
A5047330175,Nathan Schurr,2003,2021,33,United States,False,,True,2003.0,2005.0,True,True,United States
A5001294168,Barbara Thönssen,2005,2020,20,Continental Europe,False,,True,2010.0,2005.0,True,True,
A5027436146,Gašper Tkačik,2005,2023,18,United States,False,,True,2005.0,2013.0,True,True,Continental Europe
A5046510681,Jason Prentice,2009,2011,2,United States,False,,False,,,False,False,
A5029269972,Elad Schneidman,2002,2024,27,Other Western,True,2006.0,True,2002.0,2004.0,True,True,Other Western
A5100681555,Yabin Zhang,2010,2025,23,Sinic,False,,True,2018.0,2010.0,True,True,Sinic
A5024350063,Hui Tang,2012,2026,42,Sinic,True,2017.0,True,2018.0,2012.0,True,True,Sinic
A5065964089,Kui Jia,2009,2025,96,Sinic,False,,True,2009.0,2016.0,True,True,Sinic
A5032352025,Mingkui Tan,2010,2026,176,Sinic,True,2014.0,True,2014.0,2010.0,True,True,Sinic
A5024944956,Timothy C. Burness,2006,2025,58,Anglosphere ex-US,False,,True,2008.0,2006.0,True,True,Anglosphere ex-US
A5113703337,Alex Gontmakher,2000,2002,2,Other Western,False,,False,,2002.0,True,False,
A5057160666,Dana Lahat,2009,2015,4,Other Western,True,2012.0,True,2015.0,,False,False,
A5015355162,Maya Herman,2006,2024,11,Other Western,False,,False,,2014.0,True,True,Other Western
A5052689442,Holger Dell,2010,2022,12,United States,False,,True,2017.0,2010.0,True,True,Continental Europe
A5087168202,Christian Komusiewicz,2008,2026,55,Continental Europe,False,,True,2008.0,2013.0,True,True,Continental Europe
A5064260879,Nimrod Talmon,2012,2026,65,Continental Europe,True,2012.0,True,2017.0,2012.0,True,True,Other Western
A5030931327,Mathias Weller,2012,2022,13,Continental Europe,False,,True,2018.0,2012.0,True,True,Continental Europe
A5101930446,Ali Moeini,2002,2025,36,Islamic,False,,True,2008.0,2005.0,True,True,Islamic
A5068064308,Iman Hajirasouliha,2008,2025,29,Anglosphere ex-US,False,,True,2008.0,2017.0,True,True,United States
A5057328085,Wei Zhu,2011,2024,23,United States,False,,True,2014.0,2017.0,True,True,United States
A5045227579,Le Lü,2001,2025,160,Sinic,True,2005.0,True,2009.0,2001.0,True,True,Sinic
A5101931947,Jing Xiao,2009,2025,24,United States,True,2009.0,True,2009.0,2009.0,True,True,Sinic
A5101964440,Mei Han,2016,2022,9,Sinic,False,,True,2016.0,,False,True,
A5071606826,Uzi Zahavi,2005,2011,8,Other Western,True,2011.0,True,2005.0,,False,False,
A5011195666,Ariel Felner,2002,2026,177,Other Western,True,2007.0,True,2003.0,2002.0,True,True,Other Western
A5102924622,Eugene Kharitonov,2013,2026,46,Other Civilizations,True,2019.0,True,2013.0,2019.0,True,True,Other Western
A5025751434,Vitaliy Liptchinsky,2012,2022,19,Continental Europe,True,2016.0,True,2012.0,,False,True,
A5053915453,Ronan Collobert,2000,2026,138,Anglosphere ex-US,True,2002.0,True,2000.0,2000.0,True,True,Other Western
A5041907084,Gabriel Synnaeve,2010,2025,141,Continental Europe,True,2010.0,True,2011.0,2016.0,True,True,Other Western
A5114500405,Nathan Keller,2001,2026,130,Other Western,False,,True,2006.0,2001.0,True,True,Other Western
A5113969216,Ser-Nam Lim,2009,2025,116,United States,False,,True,2009.0,2016.0,True,True,Other Western
A5017780534,Kévin Huguenin,2007,2026,35,Continental Europe,False,,True,2011.0,2018.0,True,True,Continental Europe
A5031849486,Anne-Marie Kermarrec,2004,2026,113,Continental Europe,False,,True,2004.0,2008.0,True,True,Continental Europe
A5053776048,Maxime Monod,2009,2011,4,Continental Europe,False,,True,2011.0,2009.0,True,False,
A5050595999,Ýmir Vigfússon,2011,2023,8,Continental Europe,True,2011.0,False,,2011.0,True,True,United States
A5061121471,Rebecca Willett,2004,2025,83,United States,False,,True,2004.0,2008.0,True,True,United States
A5025123281,Daniel Soudry,2011,2026,108,Other Western,True,2014.0,True,2014.0,2017.0,True,True,Other Western
A5070613374,Nathan Srebro,2000,2026,209,United States,True,2004.0,True,2003.0,2000.0,True,True,United States
A5082022013,J. Shiny Duela,2014,2024,11,Other Western,False,,False,,2014.0,True,True,Hindu
A5008645615,Ahmad Beirami,2008,2025,122,United States,False,,True,2011.0,2011.0,True,True,United States
A5046195860,Maziar Sanjabi,2013,2026,59,United States,False,,True,2016.0,2022.0,True,True,United States
A5112800069,Virginia Smith,2012,2026,78,United States,True,2012.0,True,2013.0,2012.0,True,True,United States
A5024052456,Achiya Elyasaf,2009,2025,40,Other Western,False,,True,2012.0,2014.0,True,True,Other Western
A5088933377,Michael Orlov,2008,2018,12,Other Western,False,,True,2009.0,2009.0,True,False,
A5008162285,Ohad Elishco,2011,2026,27,Other Western,False,,True,2011.0,2014.0,True,True,Other Western
A5055883859,Tom Meyerovitch,2009,2025,14,Anglosphere ex-US,True,2011.0,True,2016.0,2009.0,True,True,Other Western
A5057348725,Russell C. Burnett,2004,2019,4,United States,True,2005.0,False,,2004.0,True,False,
A5063283689,Reut Tsarfaty,2005,2026,146,Continental Europe,True,2008.0,True,2008.0,2005.0,True,True,Other Western
A5002590915,Niv Buchbinder,2001,2025,34,United States,True,2003.0,True,2006.0,,False,True,Other Western
A5061963231,Iftach Haitner,2004,2026,105,Other Western,True,2008.0,True,2005.0,2004.0,True,True,Other Western
A5016947119,Eliad Tsfadia,2014,2025,27,Other Western,False,,False,,2014.0,True,True,Other Western
A5089641146,Moti Freiman,2008,2026,24,Other Western,False,,True,2008.0,2021.0,True,True,Other Western
A5026220115,Elior Sulem,2015,2026,32,Continental Europe,True,2015.0,True,2018.0,2025.0,True,True,United States
A5059068945,Omri Abend,2008,2026,140,Other Western,True,2008.0,True,2009.0,2017.0,True,True,Other Western
A5083044960,Geoffroy Couteau,2015,2026,99,Continental Europe,True,2015.0,True,2016.0,2016.0,True,True,Continental Europe
A5051519610,Lambert Mathias,2006,2026,42,United States,False,,True,2006.0,2008.0,True,True,United States
A5016956470,Douwe Kiela,2011,2026,165,Anglosphere ex-US,True,2014.0,True,2013.0,2013.0,True,True,Other Western
A5019297976,Vinodkumar Prabhakaran,2009,2026,82,United States,False,,True,2009.0,2010.0,True,True,United States
A5084936290,Bertie Vidgen,2016,2025,66,Anglosphere ex-US,True,2019.0,True,2016.0,2020.0,True,True,Anglosphere ex-US
A5110724093,Zeerak Waseem,2016,2021,18,Continental Europe,True,2017.0,True,2016.0,2016.0,True,True,Anglosphere ex-US
A5057788395,Guy N. Rothblum,2004,2025,112,United States,True,2005.0,True,2007.0,2004.0,True,True,United States
A5074640940,Eyal Peer,2014,2021,2,Other Western,False,,False,,,False,True,Other Western
A5086228116,Alessandro Acquisti,2002,2025,66,United States,False,,True,2003.0,2002.0,True,True,United States
A5113043350,Tom Hess,2016,2022,8,Other Western,False,,False,,2016.0,True,True,Other Western
A5025544885,Michal Moshkovitz,2014,2026,32,Other Western,True,2019.0,False,,2017.0,True,True,United States
A5085310459,Sivan Sabato,2005,2026,71,Other Western,True,2011.0,True,2009.0,2012.0,True,True,Other Western
A5041917921,Dmitry Romanov,2006,2024,3,Other Civilizations,False,,False,,2006.0,True,True,Other Civilizations
A5031186428,Jun-Kun Wang,2016,2025,17,United States,True,2016.0,False,,2017.0,True,True,United States
A5021082077,Jacob Abernethy,2006,2026,69,United States,False,,True,2007.0,2008.0,True,True,United States
A5022424856,Kfir Y. Levy,2012,2026,65,Other Western,True,2017.0,True,2016.0,2014.0,True,True,Other Western
A5065909038,Sergey Gorinsky,2002,2021,9,United States,False,,False,,2003.0,True,True,Continental Europe
A5045523675,Sergey Nikolenko,2005,2026,130,Other Civilizations,False,,True,2011.0,2005.0,True,True,Other Civilizations
A5017994633,Kirill Kogan,2008,2020,12,Other Western,True,2012.0,True,2012.0,2014.0,True,True,
A5072571599,Raja Giryes,2011,2026,126,Other Western,True,2016.0,True,2016.0,2018.0,True,True,Other Western
A5025410418,Alex Bronstein,2011,2026,56,Other Western,True,2015.0,False,,2011.0,True,True,Other Western
A5039058368,Victor Makarenkov,2009,2020,9,Other Western,False,,False,,2015.0,True,True,
A5012622155,Lior Rokach,2001,2026,288,Other Western,False,,True,2005.0,2001.0,True,True,Other Western
A5025907388,Alina Ene,2008,2026,59,United States,False,,True,2008.0,2011.0,True,True,United States
A5102936404,Huy L. Nguyên,2009,2025,103,United States,True,2012.0,True,2010.0,2010.0,True,True,Other Civilizations
A5054783701,Katherine Barabash,2000,2018,7,Other Western,True,2001.0,True,2003.0,,False,False,
A5012983652,Eli Chen,2014,2019,2,Other Western,False,,False,,,False,False,
A5045386438,Yitzhak Yitzhaky,2014,2020,3,Other Western,False,,False,,2014.0,True,True,
A5067587144,Omer Bar-Ilan,2009,2010,2,Other Western,False,,True,2009.0,,False,False,
A5042833161,Oded Fuhrmann,2009,2010,3,Other Western,True,2010.0,True,2009.0,,False,False,
A5017386816,Shlomo Hoory,2003,2021,16,Anglosphere ex-US,True,2007.0,True,2009.0,2003.0,True,True,Other Western
A5032019359,Ohad Shacham,2009,2014,5,Other Western,True,2010.0,True,2009.0,,False,False,
A5065418639,Ofer Strichman,2002,2023,82,United States,True,2004.0,True,2002.0,2002.0,True,True,Other Western
A5001299598,Laurence Bisht,2004,2007,3,Other Western,False,,False,,,False,False,
A5057170229,Hanna Mazzawi,2006,2026,31,Other Western,False,,True,2013.0,2006.0,True,True,
A5053421619,Meir Kalech,2003,2026,78,Other Western,False,,True,2003.0,2009.0,True,True,Other Western
A5064961974,Asaf Levin,2010,2026,14,Other Western,False,,True,2010.0,2010.0,True,True,Other Western
A5007528822,Julián Mestre,2004,2026,16,United States,True,2008.0,True,2010.0,2004.0,True,True,
A5044792131,Danny Segev,2010,2026,7,Other Western,True,2011.0,True,2016.0,2010.0,True,True,Other Western
A5050410891,Aviad Mintz,2001,2008,5,Other Western,False,,True,2008.0,2003.0,True,False,
A5069504394,Udi Rotics,2001,2008,4,Other Western,False,,False,,2001.0,True,False,
A5101617303,David Garber,2001,2021,15,Other Western,False,,True,2005.0,2005.0,True,True,Other Western
A5006494572,S. Kaplan,2001,2006,4,Other Western,False,,True,2005.0,,False,False,
A5042062822,Ari S. Morcos,2016,2026,70,Other Western,True,2018.0,True,2019.0,2016.0,True,True,Other Western
A5002294199,Giulio Biroli,2000,2026,38,Continental Europe,False,,True,2000.0,2019.0,True,True,Continental Europe
A5071931582,Levent Sagun,2016,2025,44,United States,True,2019.0,True,2018.0,2018.0,True,True,Other Western
A5068320254,Bella Vakulenko‐Lagun,2008,2014,3,United States,True,2008.0,False,,2008.0,True,False,
A5047478255,Liat Ben‐Sira,2011,2025,10,United States,True,2011.0,False,,,False,True,Other Western
A5006165273,Josepha Yeshaya,2007,2010,2,Other Western,False,,False,,,False,False,
A5006252554,Lev Koushnir,2007,2010,2,Other Western,False,,False,,2007.0,True,False,
A5065373891,Nir Bitansky,2010,2026,98,Other Western,True,2010.0,True,2010.0,2017.0,True,True,Other Western
A5023852532,Zvika Brakerski,2009,2026,169,Other Western,True,2011.0,True,2009.0,2012.0,True,True,Other Western
A5081254473,Yael Tauman Kalai,2004,2025,160,United States,True,2004.0,True,2005.0,2004.0,True,True,United States
A5035828031,Omer Paneth,2011,2026,71,United States,True,2012.0,True,2013.0,2011.0,True,True,Other Western
A5000240220,Vinod Vaikuntanathan,2004,2025,235,Other Civilizations,True,2006.0,True,2008.0,2004.0,True,True,United States
A5090764037,Natalia Silberstein,2008,2026,29,Other Western,True,2011.0,True,2011.0,2008.0,True,True,Continental Europe
A5070441489,Inbal Yahav,2007,2025,32,United States,True,2009.0,True,2007.0,2014.0,True,True,Other Western
A5058308382,Yaakov HaCohen‐Kerner,2000,2026,76,Other Western,False,,True,2005.0,2003.0,True,True,Other Western
A5089530124,Nadav Schweitzer,2011,2014,2,Other Western,False,,False,,2014.0,True,False,
A5080692146,Dror Mughaz,2006,2025,15,Other Western,False,,False,,2006.0,True,True,Other Western
A5044390999,Gilad Katz,2006,2026,51,Other Western,False,,True,2011.0,2020.0,True,True,Other Western
A5002391103,Asaf Shabtai,2007,2026,238,Other Western,True,2010.0,True,2009.0,2013.0,True,True,Other Western
A5024514812,Avi Marchewka,2002,2022,14,Other Western,False,,True,2009.0,2010.0,True,True,
A5053592523,Dalya Baron,2016,2024,11,Other Western,False,,True,2016.0,2019.0,True,True,Other Western
A5063305928,Gail Zasowski,2012,2018,3,United States,False,,True,2018.0,2012.0,True,False,
A5020286325,Sarit Buzaglo,2011,2017,12,Other Western,True,2015.0,True,2013.0,,False,False,
A5021586372,Eitan Yaakobi,2007,2026,220,United States,True,2007.0,True,2008.0,2009.0,True,True,Other Western
A5109257511,P. Wyder,2000,2003,5,Continental Europe,False,,False,,2000.0,True,False,
A5058178036,Tomer Michaeli,2007,2026,57,Other Western,False,,False,,2017.0,True,True,Other Western
A5035493244,Ranit Aharonov,2001,2025,64,Other Western,False,,True,2002.0,2015.0,True,True,Other Western
A5077269072,Oren Barkan,2011,2026,65,Other Western,False,,True,2016.0,2011.0,True,True,Other Western
A5106732003,Ori Katz,2016,2024,23,Other Western,True,2020.0,True,2020.0,2016.0,True,True,Other Western
A5057343912,Jonathan Weill,2016,2024,14,Other Western,True,2020.0,True,2020.0,,False,True,Other Western
A5083002103,Noam Koenigstein,2012,2026,69,Other Western,True,2013.0,True,2012.0,2013.0,True,True,Other Western
A5009154102,Zac Sadan,2006,2012,3,Other Western,False,,True,2011.0,2006.0,True,False,
A5031335910,Christine Khripkov,2011,2015,7,Other Western,False,,False,,,False,False,
A5038380676,Amichay Vardi,2001,2024,25,United States,False,,True,2001.0,2001.0,True,True,Other Western
A5072913672,Yuval Elovici,2002,2026,355,Other Western,True,2007.0,True,2003.0,2006.0,True,True,Other Western
A5079885427,Eden Shalom Erez,2014,2022,8,Other Western,False,,False,,2014.0,True,True,
A5006766510,Maayan Zhitomirsky‐Geffet,2008,2026,49,Other Western,False,,True,2009.0,2009.0,True,True,Other Western
A5000569191,Oren Weimann,2005,2024,66,United States,True,2005.0,True,2007.0,2005.0,True,True,Other Western
A5001167485,Míša Hejná,2016,2026,9,Anglosphere ex-US,True,2017.0,True,2016.0,2019.0,True,True,Islamic
A5005191803,Yossi Adi,2015,2026,140,Other Western,True,2021.0,True,2015.0,2020.0,True,True,Other Western
A5008847407,Joseph Keshet,2001,2026,131,Other Western,True,2007.0,True,2002.0,2007.0,True,True,Other Western
A5039899830,Eyal Klang,2016,2026,127,Other Western,True,2019.0,True,2016.0,2018.0,True,True,United States
A5031334659,Lihi Dery,2010,2025,18,Other Western,False,,True,2014.0,2021.0,True,True,Other Western
A5003565582,Carmit Hazay,2004,2026,150,Other Western,True,2008.0,True,2007.0,2011.0,True,True,Other Western
A5011713946,Brenden M. Lake,2008,2026,92,United States,False,,True,2008.0,2014.0,True,True,United States
A5043586560,Ronny Ronen,2003,2026,13,Other Western,False,,False,,2003.0,True,True,Other Western
A5014138496,Shahar Kvatinsky,2016,2026,32,Other Western,False,,True,2024.0,2017.0,True,True,Other Western
A5086684679,Benny Applebaum,2004,2026,108,Other Western,True,2008.0,True,2006.0,2010.0,True,True,Other Western
A5083387412,Yoni Moses,2013,2016,2,Other Western,False,,False,,2013.0,True,False,
A5087774653,Muthuramakrishnan Venkitasubramaniam,2006,2026,89,United States,False,,True,2014.0,2006.0,True,True,United States
A5070327070,Mor Weiss,2013,2026,36,Other Western,True,2017.0,True,2018.0,2013.0,True,True,Other Western
A5004268970,Tomer Hertz,2003,2012,17,Other Western,True,2007.0,True,2003.0,2005.0,True,False,
A5063902138,Amit Mushkin,2008,2023,9,United States,False,,False,,2008.0,True,True,Other Western
A5076446536,Alex Rinehart,2016,2023,7,United States,False,,False,,2022.0,True,True,United States
A5023508792,Edward Grefenstette,2009,2026,114,Anglosphere ex-US,True,2015.0,True,2013.0,2009.0,True,True,Other Western
A5079315903,Tim Rocktäschel,2012,2026,127,Continental Europe,True,2014.0,True,2012.0,2016.0,True,True,Other Western
A5050315436,Sapir Ben-Yakar,2014,2017,2,Other Western,False,,False,,,False,False,
A5001623411,Eli Zamir,2008,2011,2,Continental Europe,True,2008.0,True,2008.0,2011.0,True,False,
A5055525128,Zvi Kam,2008,2025,2,Other Western,False,,False,,2008.0,True,True,Other Western
A5110363072,Raz Lin,2006,2021,27,Other Western,False,,True,2006.0,2007.0,True,True,Other Western
A5061922158,Yehoshua Gev,2011,2013,4,Other Western,False,,True,2011.0,2013.0,True,False,
A5026015539,Elena‐Simona Apostol,2014,2026,63,Continental Europe,False,,True,2020.0,2019.0,True,True,Continental Europe
A5015883273,Anas Fahad Khan,2010,2026,44,Anglosphere ex-US,True,2015.0,True,2015.0,2010.0,True,True,Continental Europe
A5048937508,Chaya Liebeskind,2012,2026,56,Other Western,False,,True,2013.0,2019.0,True,True,Other Western
A5062737501,Barbara McGillivray,2008,2026,129,Continental Europe,True,2012.0,True,2009.0,2010.0,True,True,Anglosphere ex-US
A5007725540,Ciprian‐Octavian Truică,2015,2026,72,Continental Europe,True,2016.0,True,2020.0,2016.0,True,True,Continental Europe
A5030291460,Balagopal Komarath,2014,2025,13,Hindu,True,2018.0,False,,,False,True,Hindu
A5034599141,Nitin Saurabh,2013,2026,27,Hindu,True,2017.0,True,2021.0,2013.0,True,True,Hindu
A5020641761,Oren Cohen,2014,2024,13,Other Western,False,,False,,2014.0,True,True,Other Western
A5000265496,Doron Shmilovitz,2010,2023,3,Other Western,False,,False,,2010.0,True,True,Sinic
A5021180431,Marina Fomicheva,2012,2023,35,Other Civilizations,True,2015.0,True,2020.0,2017.0,True,True,Anglosphere ex-US
A5004036450,Shuo Sun,2012,2025,47,Sinic,True,2018.0,True,2012.0,2012.0,True,True,Sinic
A5050327492,Frédéric Blain,2011,2026,55,Continental Europe,True,2014.0,True,2012.0,2012.0,True,True,Anglosphere ex-US
A5086933462,Francisco Guzm﻿án,2014,2023,31,Islamic,True,2019.0,True,2019.0,2014.0,True,True,Other Western
A5113712910,Mark Fishel,2006,2025,73,Continental Europe,False,,True,2007.0,2010.0,True,True,Continental Europe
A5010341007,Νικόλαος Αλέτρας,2012,2026,143,Anglosphere ex-US,False,,True,2012.0,2014.0,True,True,Anglosphere ex-US
A5053217291,Lucia Specia,2005,2026,347,Other Civilizations,True,2006.0,True,2006.0,2006.0,True,True,Anglosphere ex-US
A5102734862,Ori Lahav,2009,2026,79,Other Western,True,2015.0,True,2013.0,2009.0,True,True,Other Western
A5031903932,Anna Zamansky,2005,2026,70,Other Western,True,2011.0,True,2006.0,2005.0,True,True,Other Western
A5101976682,Amit Pande,2009,2024,21,United States,False,,True,2013.0,2022.0,True,True,United States
A5018486648,Jindan Zhu,2013,2016,3,United States,False,,True,2013.0,,False,False,
A5086439160,Prasant Mohapatra,2007,2026,97,United States,False,,True,2013.0,2007.0,True,True,United States
A5024052024,Shahar Maoz,2000,2026,76,Other Western,False,,True,2006.0,2000.0,True,True,Other Western
A5101431627,Adam Morrison,2012,2025,40,Other Western,True,2018.0,True,2012.0,2018.0,True,True,Other Western
A5006830161,Alexander Nadel,2005,2026,29,Other Western,False,,True,2007.0,2005.0,True,True,Other Western
A5052800959,Vadim Ryvchin,2010,2018,11,Other Western,True,2013.0,True,2011.0,2010.0,True,False,
A5055223398,Efraim Shmerling,2006,2016,7,Other Western,False,,False,,2006.0,True,False,
A5052072012,Cristian Antonelli,2008,2026,44,Continental Europe,False,,True,2008.0,2024.0,True,True,Continental Europe
A5036943764,Mark Shtaif,2001,2025,22,United States,False,,False,,2001.0,True,True,Other Western
A5043577987,Thomas Polack,2001,2009,3,Continental Europe,False,,True,2009.0,2006.0,True,False,
A5005173350,Haim Suchowski,2009,2025,26,Other Western,True,2011.0,True,2009.0,2017.0,True,True,Other Western
A5086061408,Orit Hazzan,2002,2024,40,Other Western,False,,False,,2002.0,True,True,Other Western
A5031608952,Tami Lapidot,2004,2026,8,Other Western,False,,False,,2004.0,True,True,Other Western
A5016874557,Urban Larsson,2006,2026,91,Continental Europe,False,,True,2010.0,2006.0,True,True,Hindu
A5034842854,Shai Maayani,2016,2025,4,Other Western,False,,True,2016.0,,False,True,
A5101626296,Leopoldo L. Martín,2016,2020,4,Other Western,True,2020.0,True,2016.0,,False,True,
A5049192746,Tal Carmon,2012,2023,8,United States,True,2016.0,False,,2013.0,True,True,Other Western
A5028878417,Anindita Bera,2016,2026,39,Hindu,True,2019.0,True,2016.0,2021.0,True,True,Continental Europe
A5009696061,Shiladitya Mal,2012,2026,70,Hindu,False,,True,2013.0,2012.0,True,True,Hindu
A5082888582,Aditi Sen,2001,2026,162,Continental Europe,True,2001.0,True,2001.0,2011.0,True,True,Hindu
A5085179919,Ujjwal Sen,2000,2026,275,Hindu,True,2002.0,True,2003.0,2000.0,True,True,Hindu
A5112754279,Kshitiz Malik,2007,2026,13,United States,False,,True,2007.0,,False,True,Other Western
A5089819604,Michael Rabbat,2003,2026,126,United States,True,2006.0,True,2004.0,2010.0,True,True,Other Western
A5078345211,Elitzur Dattner,2015,2019,7,Other Western,False,,True,2015.0,2015.0,True,False,
A5047138399,Gugan Thoppe,2012,2026,40,Hindu,True,2017.0,True,2018.0,2019.0,True,True,Hindu
A5036260775,Shie Mannor,2000,2026,389,Other Western,True,2003.0,True,2002.0,2001.0,True,True,Other Western
A5048289564,Ram Meshulam,2004,2007,6,Other Western,False,,True,2004.0,2004.0,True,False,
A5075332247,Jack Doerner,2016,2025,23,United States,True,2017.0,True,2016.0,2022.0,True,True,United States
A5001754506,Abhi Shelat,2002,2025,100,Other Civilizations,True,2004.0,True,2005.0,2002.0,True,True,United States
A5048892933,Ran Cohen,2014,2026,47,Other Western,True,2018.0,True,2016.0,2016.0,True,True,Other Western
A5072366974,Amit Weinstein,2011,2016,8,Other Western,False,,True,2012.0,2011.0,True,False,
A5005880158,Emmanuel Godard,2002,2025,17,Continental Europe,False,,False,,2016.0,True,True,Continental Europe
A5032336554,Damien Imbs,2009,2022,20,Continental Europe,True,2014.0,True,2010.0,2009.0,True,True,Continental Europe
A5045397517,Adam Tsakalidis,2014,2024,44,Anglosphere ex-US,True,2014.0,True,2014.0,2016.0,True,True,Anglosphere ex-US
A5078278146,Natalie Shapira,2010,2026,15,Other Western,False,,False,,2010.0,True,True,Other Western
A5007426895,Maria Liakata,2000,2025,156,Anglosphere ex-US,False,,False,,2004.0,True,True,Anglosphere ex-US
A5068341135,Niv Efron,2005,2006,2,Other Western,False,,True,2005.0,,False,False,
A5078826355,Nir Ofek,2007,2023,18,Anglosphere ex-US,True,2007.0,True,2011.0,2007.0,True,True,Other Western
A5006317361,Guy Shani,2003,2026,83,Other Western,True,2008.0,True,2005.0,2003.0,True,True,Other Western
A5050150656,Edith Elkind,2002,2026,78,United States,True,2005.0,True,2005.0,2008.0,True,True,Anglosphere ex-US
A5000000572,Piotr Faliszewski,2005,2025,91,United States,True,2009.0,True,2006.0,2007.0,True,True,Continental Europe
A5055529272,Michael Erard,2007,2023,3,Other Western,False,,False,,2007.0,True,True,
A5102346243,Jun Furukawa,2001,2025,49,Japanese,False,,True,2001.0,2004.0,True,True,Other Western
A5031866855,Ariel Nof,2015,2026,32,Other Western,False,,True,2015.0,2017.0,True,True,Other Western
A5082275399,Or Weinstein,2016,2025,6,Other Western,True,2017.0,False,,2016.0,True,True,Other Western
A5015363344,Matteo Negri,2001,2026,276,Continental Europe,False,,True,2001.0,2004.0,True,True,Continental Europe
A5101415204,A. Marchetti,2010,2025,14,Continental Europe,False,,True,2010.0,2010.0,True,True,Continental Europe
A5067997502,Yashar Mehdad,2009,2025,113,Continental Europe,True,2012.0,True,2009.0,2009.0,True,True,Other Western
A5066183817,Luisa Bentivogli,2000,2026,136,Continental Europe,False,,True,2002.0,2004.0,True,True,Continental Europe
A5040792121,Danilo Giampiccolo,2004,2019,22,Continental Europe,True,2007.0,True,2006.0,2008.0,True,False,
A5037837953,Litan Ilany,2013,2015,4,Other Western,False,,True,2013.0,2015.0,True,False,
A5041210904,Oren Kurland,2004,2026,95,United States,True,2008.0,True,2004.0,2006.0,True,True,Other Western
A5085982098,Karina Odinaev,2005,2006,4,Other Western,False,,False,,,False,False,
A5004033041,Igal Raichelgauz,2005,2006,4,Other Western,False,,False,,,False,False,
A5100713973,Mrinal Kumar,2002,2025,49,Hindu,True,2002.0,False,,2018.0,True,True,Hindu
A5073175433,Ben Lee Volk,2014,2026,23,Other Western,True,2018.0,False,,2014.0,True,True,Other Western
A5054225034,Andreas Hotho,2000,2026,245,Continental Europe,False,,True,2000.0,2002.0,True,True,Continental Europe
A5104278244,Rasmus Ulslev Pedersen,2004,2018,12,Continental Europe,False,,True,2008.0,2004.0,True,False,
A5054314962,А. А. Логинов,2002,2017,24,United States,False,,True,2002.0,2003.0,True,False,
A5080674921,Daniel Hershcovich,2014,2026,111,Other Western,True,2014.0,True,2014.0,2020.0,True,True,Continental Europe
A5072770537,Assaf Toledo,2011,2026,32,Continental Europe,False,,True,2011.0,2015.0,True,True,Other Western
A5034314821,Ofer Hadar,2006,2026,26,Other Western,False,,True,2009.0,2015.0,True,True,Other Western
A5086902270,Shah Rukh Humayoun,2009,2026,31,Continental Europe,False,,True,2010.0,2012.0,True,True,United States
A5008160982,Yael Dubinsky,2003,2026,32,Other Western,True,2006.0,True,2006.0,2006.0,True,True,Other Western
A5075799551,Eli Nazarov,2012,2012,2,Other Western,False,,True,2012.0,,False,False,
A5088582415,Assaf Israel,2012,2012,2,Other Western,False,,False,,2012.0,True,False,
A5088270518,Toshinori Araki,2006,2025,26,Japanese,False,,False,,2006.0,True,True,Japanese
A5010795922,Marcel Keller,2009,2026,45,Continental Europe,True,2012.0,True,2012.0,2009.0,True,True,Anglosphere ex-US
A5050195240,Kazuma Ohara,2013,2026,27,Japanese,False,,True,2014.0,2016.0,True,True,Japanese
A5013263916,Hikaru Tsuchida,2015,2025,19,Japanese,False,,False,,2018.0,True,True,Japanese
A5028290791,Giacomo Aletti,2001,2022,18,Continental Europe,False,,False,,2001.0,True,True,Continental Europe
A5027516449,Diane Saada,2006,2007,2,Other Western,False,,False,,2006.0,True,False,
A5086551413,Michael Winokur,2002,2018,5,Other Western,False,,False,,2006.0,True,False,
A5076195862,Zvi Lando,2012,2018,2,Other Western,False,,False,,,False,False,
A5023187095,Alon Modai,2012,2018,2,Other Western,False,,False,,2012.0,True,False,
A5061975828,Shay Gueron,2000,2025,125,Other Western,False,,True,2007.0,2000.0,True,True,United States
A5051431512,Nir Drucker,2012,2025,64,Other Western,True,2017.0,True,2019.0,2018.0,True,True,Other Western
A5068394403,Alexis Conneau,2016,2023,62,Other Western,True,2018.0,True,2017.0,2016.0,True,True,Other Western
A5043289060,Loïc Barrault,2005,2025,120,Continental Europe,True,2006.0,True,2009.0,2008.0,True,True,Anglosphere ex-US
A5053775980,Tomer Koren,2011,2026,117,Other Western,True,2014.0,True,2011.0,2012.0,True,True,Other Western
A5023321125,Nikolai Safiullin,2016,2025,11,Other Civilizations,False,,False,,2019.0,True,True,Other Civilizations
A5107868825,P. Chigansky,2000,2012,10,United States,True,2000.0,True,2004.0,2006.0,True,False,
A5101878749,M. Ashok Kumar,2015,2023,10,Other Western,True,2018.0,True,2015.0,2017.0,True,True,Hindu
A5065705720,Rajesh Sundaresan,2006,2025,33,Hindu,False,,False,,2006.0,True,True,Hindu
A5045297291,F. Shikerman,2007,2013,6,Other Western,False,,True,2007.0,,False,False,
A5002033273,Avi Pe’er,2003,2026,58,Other Western,True,2007.0,True,2004.0,2012.0,True,True,Other Western
A5002762894,Brendon W. Lovett,2003,2026,76,Anglosphere ex-US,False,,True,2003.0,2006.0,True,True,Anglosphere ex-US
A5011823283,Ahsan Nazir,2002,2026,40,Anglosphere ex-US,True,2002.0,True,2002.0,2010.0,True,True,Anglosphere ex-US
A5033035493,E. Pazy,2001,2006,13,Continental Europe,True,2003.0,True,2001.0,2006.0,True,False,
A5081274833,S. D. Barrett,2002,2014,48,Anglosphere ex-US,True,2004.0,True,2002.0,2003.0,True,False,
A5004662028,G. Andrew D. Briggs,2003,2024,32,Anglosphere ex-US,False,,True,2009.0,2003.0,True,True,Anglosphere ex-US
A5029787951,Artem Khyzha,2012,2024,16,Continental Europe,False,,True,2017.0,2014.0,True,True,Other Western
A5040528930,Constantin Enea,2002,2025,77,Continental Europe,False,,True,2008.0,2002.0,True,True,Continental Europe
A5026624853,Aleksandar Nanevski,2001,2026,65,United States,True,2007.0,True,2004.0,2002.0,True,True,Continental Europe
A5082349206,Noam Rinetzky,2001,2022,45,Other Western,False,,True,2001.0,2007.0,True,True,Other Western
A5102884448,Sharon Shoham,2003,2026,93,Other Western,False,,True,2003.0,2005.0,True,True,Other Western
A5000415323,Udi Boker,2005,2026,57,Other Western,True,2011.0,True,2011.0,2018.0,True,True,Other Western
A5063420865,Jonathan Dunn,2013,2025,48,United States,True,2018.0,False,,2013.0,True,True,Anglosphere ex-US
A5006345472,Maura I. Burke,2014,2026,3,United States,False,,False,,2016.0,True,True,
A5062217711,Lisa Gandy,2006,2026,16,United States,False,,True,2013.0,2012.0,True,True,United States
A5085054440,Sergey Kanareykin,2013,2014,2,United States,False,,True,2013.0,,False,False,
A5080380227,Oren Kapah,2004,2014,17,Other Western,False,,True,2004.0,2004.0,True,False,
A5070914351,Matthew E. Taylor,2003,2025,228,United States,False,,True,2005.0,2007.0,True,True,Anglosphere ex-US
A5110275365,Ophir Frieder,2007,2014,8,United States,False,,True,2013.0,2007.0,True,False,
A5077351145,Scott B. Morris,2013,2014,2,United States,False,,False,,,False,False,
A5089337805,Michael Peleg,2003,2024,6,Other Western,False,,True,2003.0,,False,True,Other Western
A5005696594,Amichai Sanderovich,2006,2006,2,Other Western,False,,False,,,False,False,
A5043322097,Ammar Mohammed,2009,2026,72,Continental Europe,True,2012.0,False,,2010.0,True,True,Islamic
A5054860478,Mohammed Sakre,2009,2023,10,Islamic,False,,False,,2010.0,True,True,Islamic
A5075240167,Didik Indrayana,2015,2025,18,Islamic,False,,False,,2015.0,True,True,Islamic
A5101439203,Tahir Nadeem Malik,2006,2023,5,Islamic,False,,False,,2022.0,True,True,Islamic
A5012148158,Bijan Davvaz,2001,2026,139,Islamic,False,,True,2004.0,2001.0,True,True,Islamic
A5051618314,Yuslena Sari,2015,2025,38,Islamic,False,,True,2019.0,2016.0,True,True,Islamic
A5021486420,Ibtissam Abnane,2015,2025,27,Islamic,False,,True,2018.0,2020.0,True,True,Islamic
A5080606292,Ford Lumban Gaol,2007,2026,85,Islamic,False,,False,,2010.0,True,True,Islamic
A5054336747,Benfano Soewito,2007,2026,52,United States,True,2010.0,True,2009.0,2008.0,True,True,Islamic
A5036949688,Harco Leslie Hendric Spits Warnars,2010,2026,80,Islamic,False,,True,2016.0,2010.0,True,True,Islamic
A5088935034,Najwa Aaraj,2007,2024,30,United States,False,,True,2008.0,2022.0,True,True,Islamic
A5008132460,Chiara Marcolla,2011,2025,37,Continental Europe,False,,True,2012.0,2011.0,True,True,Islamic
A5103096351,Xiaojie Zhu,2012,2026,31,Sinic,True,2018.0,True,2015.0,2014.0,True,True,Islamic
A5015793565,Fatima Guerouate,2016,2026,17,Islamic,False,,True,2023.0,2022.0,True,True,Islamic
A5084952808,Mohamed Sbihi,2015,2025,7,Islamic,False,,False,,2016.0,True,True,Islamic
A5020385970,Rustamjon S. Muradov,2014,2022,3,Islamic,False,,False,,2014.0,True,True,Islamic
A5010064223,Adnan Abid,2010,2025,38,Islamic,True,2016.0,False,,2010.0,True,True,Islamic
A5043334531,Haitham Nobanee,2016,2024,20,United States,True,2016.0,True,2021.0,2019.0,True,True,Islamic
A5067730154,Malik Muhammad Saad Missen,2009,2026,52,Continental Europe,True,2012.0,True,2009.0,2009.0,True,True,Islamic
A5052197491,Muhammad Abubakar Siddique,2014,2023,10,Sinic,True,2020.0,True,2021.0,2014.0,True,True,Islamic
A5036596952,Özlem Selçuk Zorer,2007,2020,4,Islamic,False,,True,2008.0,2020.0,True,True,
A5009345499,Hasan Ceylan,2007,2008,2,Islamic,False,,True,2008.0,,False,False,
A5102924602,Mahmut Doğru,2003,2021,13,Islamic,True,2008.0,False,,2003.0,True,True,Islamic
A5083379906,Adila Firdaus Arbain,2014,2021,3,Islamic,False,,False,,,False,True,Islamic
A5049038701,Imam Cholissodin,2011,2024,41,Islamic,False,,True,2016.0,2011.0,True,True,Islamic
A5009046129,Mear M. R. Koochakie,2014,2021,5,Islamic,False,,False,,2014.0,True,True,Islamic
A5074292769,Zeynep Orman,2010,2026,37,Islamic,False,,True,2014.0,2014.0,True,True,Islamic
A5101499619,Shaopeng Chen,2013,2023,5,Sinic,False,,False,,,False,True,Sinic
A5101949194,Yong Huang,2008,2026,14,Sinic,False,,False,,2022.0,True,True,Sinic
A5002013958,Amer Ibrahim Al‐Omari,2009,2025,19,Islamic,False,,False,,2009.0,True,True,Islamic
A5004205251,Saïd Elbanna,2009,2025,21,Islamic,False,,True,2016.0,2009.0,True,True,Islamic
A5021636957,Erika Buchari,2016,2025,15,Islamic,False,,False,,2016.0,True,True,Islamic
A5000296607,Sherif Sakr,2004,2024,206,Continental Europe,True,2008.0,True,2004.0,2004.0,True,True,Continental Europe
A5035324299,Marcin Wylot,2012,2019,27,Continental Europe,True,2012.0,True,2014.0,2013.0,True,False,
A5027667267,Raghava Mutharaju,2010,2026,88,United States,False,,True,2010.0,2012.0,True,True,Hindu
A5084289174,Danh Le-Phuoc,2006,2026,87,Sinic,True,2008.0,True,2008.0,2009.0,True,True,Continental Europe
A5081454566,Eko Darwiyanto,2014,2025,69,Islamic,False,,True,2019.0,2015.0,True,True,Islamic
A5077277854,Dawam Dwi Jatmiko Sumawi,2016,2020,3,Islamic,False,,False,,2016.0,True,True,
A5077562697,Firman Tempola,2015,2025,26,Islamic,False,,True,2019.0,2018.0,True,True,Islamic
A5074170577,Aina Musdholifah,2009,2026,62,Islamic,False,,True,2015.0,2009.0,True,True,Islamic
A5069439836,Lilik Sumaryanti,2015,2023,13,Islamic,False,,True,2015.0,2019.0,True,True,Islamic
A5002384202,Mina Towhidi,2001,2016,7,Islamic,False,,False,,2003.0,True,False,
A5089593614,Tagelsir Mohamed Gasmelseid,2006,2016,16,Islamic,False,,False,,2006.0,True,False,
A5025990553,Alwis Nazir,2016,2025,40,Islamic,False,,True,2016.0,2017.0,True,True,Islamic
A5048698431,Fadhilah Syafria,2014,2026,60,Islamic,False,,False,,2014.0,True,True,Islamic
A5090785199,Elvia Budianita,2013,2025,57,Islamic,False,,False,,2014.0,True,True,Islamic
A5069702502,Lola Oktavia,2015,2026,19,Islamic,False,,False,,2015.0,True,True,Islamic
A5057403751,A. Niknam,2011,2013,2,Islamic,False,,False,,,False,False,
A5060518998,Pourya Hoseini,2010,2025,8,Islamic,False,,True,2015.0,2011.0,True,True,United States
A5054090474,Abdul Ghani Abro,2011,2023,16,Islamic,False,,True,2014.0,2013.0,True,True,Islamic
A5044694357,Junita Mohamad–Saleh,2001,2024,48,Anglosphere ex-US,True,2005.0,True,2008.0,2001.0,True,True,Islamic
A5108555937,Zahra Rahimi,2010,2026,25,Islamic,True,2013.0,True,2017.0,2019.0,True,True,Islamic
A5077932626,Seyed Mohammad Jafar Jalali,2016,2024,25,Islamic,True,2019.0,True,2019.0,2020.0,True,True,Anglosphere ex-US
A5088657689,Ashikur Rahman,2008,2025,16,Islamic,True,2008.0,False,,2008.0,True,True,Islamic
A5015293969,Saeid Nahavandi,2001,2026,261,Anglosphere ex-US,False,,True,2009.0,2001.0,True,True,Anglosphere ex-US
A5086190427,Alberto Ochoa,2000,2026,76,Other Civilizations,True,2003.0,True,2000.0,2002.0,True,True,Other Civilizations
A5050913508,Souheib Baarir,2007,2026,25,Continental Europe,False,,False,,2025.0,True,True,Continental Europe
A5027115620,Nazori Agani,2012,2018,17,Islamic,False,,False,,2012.0,True,False,
A5101559000,Marwan Ramli,2016,2025,20,Islamic,False,,False,,2017.0,True,True,Islamic
A5110235978,S.M. Monzurur Rahman,2010,2024,8,Islamic,True,2015.0,True,2012.0,2012.0,True,True,United States
A5079980006,Mohammed Rokibul Alam Kotwal,2010,2015,36,Islamic,True,2010.0,True,2015.0,2010.0,True,False,
A5017640272,Maryam Ezati,2014,2026,7,Islamic,False,,False,,,False,True,Islamic
A5034144040,Ebrahim Gholami,2016,2026,10,Islamic,False,,False,,2016.0,True,True,Islamic
A5064275331,Kazi Hassan Robin,2015,2026,8,Anglosphere ex-US,True,2019.0,False,,2015.0,True,True,Islamic
A5110952801,Ir Albarda,2013,2019,8,Islamic,False,,False,,2013.0,True,False,
A5107904827,Ali Shihab Sabbir,2016,2018,2,Islamic,False,,False,,2018.0,True,False,
A5063193249,Masoud Daneshtalab,2006,2026,62,Islamic,False,,False,,2020.0,True,True,Continental Europe
A5004658533,Dhanar Intan Surya Saputra,2013,2026,41,Islamic,False,,True,2019.0,2013.0,True,True,Islamic
A5056657508,Sitaresmi Wahyu Handani,2015,2026,12,Islamic,True,2021.0,True,2016.0,2015.0,True,True,Islamic
A5075562557,Peter McBurney,2001,2025,222,Anglosphere ex-US,True,2001.0,True,2001.0,2001.0,True,True,Anglosphere ex-US
A5009232244,Iyad Rahwan,2001,2026,164,Anglosphere ex-US,True,2004.0,True,2002.0,2004.0,True,True,Continental Europe
A5000925369,Nicolas Maudet,2000,2026,154,Anglosphere ex-US,True,2000.0,True,2002.0,2000.0,True,True,Continental Europe
A5038645148,Fatma Slaimi,2013,2017,5,Islamic,True,2016.0,False,,2017.0,True,False,
A5102864036,Sana Sellami,2006,2026,47,Continental Europe,True,2008.0,False,,2012.0,True,True,Continental Europe
A5053966515,Ahlem Ben Hassine,2002,2022,14,Japanese,True,2002.0,True,2006.0,2004.0,True,True,Islamic
A5072454562,Souad Benomrane,2013,2016,5,Islamic,False,,True,2016.0,,False,False,
A5086754666,Zied Sellami,2009,2020,26,Continental Europe,False,,True,2012.0,2012.0,True,True,
A5005469667,Mounir Ben Ayed,2005,2024,65,Continental Europe,True,2005.0,True,2010.0,2013.0,True,True,Islamic
A5087915634,Moawad I. Dessouky,2008,2025,50,Islamic,False,,True,2008.0,2010.0,True,True,Islamic
A5111907529,Altyeb Altaher,2011,2017,7,Islamic,False,,True,2011.0,2017.0,True,False,
A5075636472,Sasa Ani Arnomo,2013,2025,30,Islamic,False,,False,,2013.0,True,True,Islamic
A5011189178,Abdelhak Boutaleb,2011,2025,22,Islamic,True,2016.0,False,,2013.0,True,True,Islamic
A5083793569,Usman Akhtar,2015,2020,11,Sinic,True,2015.0,True,2020.0,2017.0,True,True,
A5063432011,Asad Masood Khattak,2008,2025,83,Sinic,True,2008.0,True,2009.0,2017.0,True,True,Islamic
A5112049288,Sungyoung Lee,2006,2025,24,Sinic,False,,True,2007.0,2006.0,True,True,Sinic
A5011574113,Abdul Razaque,2012,2025,56,United States,True,2016.0,True,2015.0,2015.0,True,True,Islamic
A5031684481,Munif Alotaibi,2014,2025,15,United States,True,2020.0,True,2021.0,2014.0,True,True,Islamic
A5053747503,Bandar Alotaibi,2014,2026,24,United States,True,2020.0,True,2016.0,2021.0,True,True,Islamic
A5087436950,Hamoud Alshammari,2013,2025,21,United States,True,2018.0,True,2020.0,2016.0,True,True,Islamic
A5045948097,Shams Ul‐Hadi,2003,2012,2,Islamic,False,,False,,2003.0,True,False,
A5001457111,Shuhab D. Khan,2004,2025,66,United States,False,,True,2006.0,2005.0,True,True,United States
A5103459483,Abdul S. Khan,2012,2019,2,Islamic,False,,False,,2012.0,True,False,
A5002305714,Nursabillilah Mohd Ali,2013,2025,10,Islamic,False,,False,,,False,True,Islamic
A5030627586,Yasir Mohd Mustafah,2009,2024,12,Anglosphere ex-US,True,2013.0,False,,2015.0,True,True,Islamic
A5113797134,Abdur Rehman,2014,2026,30,Islamic,False,,True,2014.0,2017.0,True,True,Islamic
A5009282836,Muhammad Adnan Khan,2016,2026,110,Islamic,True,2021.0,True,2020.0,2016.0,True,True,Islamic
A5010072422,Julius Beneoluchi Odili,2015,2025,35,Islamic,True,2020.0,True,2015.0,2017.0,True,True,Other Civilizations
A5061972697,Mohd Nizam Mohmad Kahar,2007,2022,22,Islamic,True,2013.0,True,2015.0,2015.0,True,True,Islamic
A5087199658,A. Noraziah,2009,2023,48,Islamic,False,,True,2009.0,2009.0,True,True,Islamic
A5086892584,Riaz Ul Haq,2016,2017,2,Islamic,False,,False,,2017.0,True,False,
A5056617355,Sri Hesti Heriwati,2012,2024,3,Islamic,False,,False,,2012.0,True,True,Islamic
A5091504940,Abbas Ali Ahangar,2003,2024,10,Islamic,False,,False,,2003.0,True,True,Islamic
A5005902299,Xiu‐Bo Chen,2006,2026,258,Sinic,False,,True,2006.0,2010.0,True,True,Sinic
A5076870712,Haseeb Ahmad,2015,2025,45,Sinic,True,2016.0,True,2017.0,2015.0,True,True,Islamic
A5100722817,Yuling Chen,2004,2026,107,Anglosphere ex-US,True,2008.0,False,,2004.0,True,True,Sinic
A5088759748,Mohsen Davarynejad,2006,2014,10,Islamic,True,2010.0,True,2008.0,2014.0,True,False,
A5056660688,Naser Pariz,2004,2025,34,Islamic,False,,False,,2007.0,True,True,Islamic
A5033401053,Amel Hebboul,2011,2026,7,Islamic,True,2015.0,True,2015.0,,False,True,Anglosphere ex-US
A5058542597,Fella Hachouf,2003,2024,17,Islamic,False,,False,,2008.0,True,True,Islamic
A5050206232,Amel Boulemnadjel,2012,2015,5,Islamic,False,,False,,2015.0,True,False,
A5034939930,Rosdiazli Ibrahim,2007,2025,35,Islamic,True,2007.0,True,2015.0,2008.0,True,True,Islamic
A5008956750,Mohammad Ali Awan,2005,2005,2,Islamic,True,2005.0,False,,,False,False,
A5079132347,Shahid Khan,2005,2024,6,Islamic,True,2005.0,False,,2005.0,True,True,Islamic
A5027348120,Payam Samadi Miandoab,2016,2025,4,Islamic,False,,False,,,False,True,Islamic
A5064658239,Riad Sonbol,2008,2026,13,Islamic,False,,False,,2025.0,True,True,Islamic
A5109254937,Mohammed Said Desouki,2008,2008,2,Islamic,False,,False,,2008.0,True,False,
A5004252217,Charles Borromeo,2010,2018,3,United States,True,2013.0,True,2010.0,,False,False,
A5087322025,Melissa D. Clarkson,2012,2026,9,United States,False,,False,,2012.0,True,True,United States
A5068803926,Timothy C. Cox,2013,2014,2,United States,True,2014.0,False,,2014.0,True,False,
A5024438425,Landon T Detwiler,2003,2026,31,United States,False,,True,2005.0,2009.0,True,True,United States
A5082929960,Harry Hochheiser,2000,2025,59,United States,True,2004.0,True,2003.0,2000.0,True,True,United States
A5028606663,Ravensara S. Travillian,2003,2016,5,United States,False,,False,,,False,False,
A5011696476,Devanny Gumulya,2016,2024,7,Islamic,False,,False,,2018.0,True,True,Islamic
A5041395015,A. H. Mazinan,2008,2025,23,Islamic,False,,True,2009.0,2014.0,True,True,Islamic
A5090914674,M. F. Kazemi,2010,2010,4,Islamic,False,,False,,2010.0,True,False,
A5075528213,Hamed Shahbazi,2007,2026,22,Islamic,False,,False,,2010.0,True,True,Islamic
A5112404902,Ahmad Rofiq Hakim,2012,2021,10,Islamic,False,,False,,,False,True,Islamic
A5035846947,Heny Pratiwi,2013,2025,24,Islamic,False,,True,2019.0,2013.0,True,True,Islamic
A5078351037,Md. Iftekharul Alam Efat,2013,2026,7,Islamic,False,,False,,2020.0,True,True,Islamic
A5091318289,Alireza Khalili Asboei,2012,2025,30,Islamic,False,,True,2012.0,2013.0,True,True,Islamic
A5068738528,M. Fariz Fadillah Mardianto,2015,2025,21,Islamic,False,,False,,2015.0,True,True,Islamic
A5022586870,Sediono Sediono,2009,2023,3,Islamic,False,,False,,2009.0,True,True,Islamic
A5022904317,Murat Sarı,2010,2025,15,Islamic,False,,True,2010.0,2015.0,True,True,Islamic
A5044769794,Budhi Irawan,2011,2024,87,Islamic,False,,True,2019.0,2011.0,True,True,Islamic
A5078828479,Arief Hermawan,2008,2025,49,Islamic,False,,True,2015.0,2008.0,True,True,Islamic
A5036500940,Donny Avianto,2014,2025,45,Islamic,False,,False,,2014.0,True,True,Islamic
A5011367029,Ryhor Prakapovich,2013,2022,6,Other Civilizations,False,,False,,2013.0,True,True,Other Civilizations
A5033175769,Asri Mulyani,2014,2026,79,Islamic,False,,True,2016.0,2014.0,True,True,Islamic
A5114144644,Sri Sulastri,2013,2023,11,Islamic,False,,False,,2013.0,True,True,Islamic
A5100692320,Jianping Li,2001,2025,166,Sinic,False,,False,,2003.0,True,True,Sinic
A5083988884,Chaker Mezioud,2009,2025,8,Islamic,False,,True,2016.0,,False,True,Islamic
A5019331150,Amer Draa,2004,2023,36,Islamic,False,,True,2005.0,2004.0,True,True,Islamic
A5109375672,Zakaria Abd El Moiz Dahi,2015,2023,6,Islamic,False,,True,2016.0,2017.0,True,True,Continental Europe
A5010412952,Eko Hartanto,2013,2024,5,Islamic,False,,False,,2013.0,True,True,Islamic
A5016339562,Ihab Talkhan,2003,2019,8,Islamic,False,,False,,2012.0,True,False,
A5036658777,Hany Sallam,2006,2021,5,Islamic,True,2009.0,False,,2021.0,True,True,Islamic
A5113787855,M. Ashour,2006,2018,6,Islamic,False,,False,,2006.0,True,False,
A5085938013,Abu Salam,2006,2026,42,Islamic,False,,False,,2013.0,True,True,Islamic
A5091355398,Yasemin Gültepe,2014,2021,14,Islamic,False,,False,,2014.0,True,True,
A5035931349,Murat Osman Ünalır,2004,2026,52,Islamic,False,,False,,2004.0,True,True,Islamic
A5043039547,Serdar İplikçi,2000,2026,12,Islamic,False,,True,2002.0,2000.0,True,True,Islamic
A5038556577,Mourad Oqla Massa’deh,2011,2025,10,Islamic,False,,False,,2011.0,True,True,Islamic
A5016035295,Abd Ulazeez Alkouri,2012,2025,11,Islamic,False,,True,2014.0,2019.0,True,True,Islamic
A5086606810,Mohd Shahizan Othman,2002,2026,51,Islamic,False,,False,,2004.0,True,True,Islamic
A5014843753,Heru Satria Tambunan,2016,2026,42,Islamic,False,,True,2019.0,2016.0,True,True,Islamic
A5100773532,Sumarno Sumarno,2009,2026,96,Islamic,False,,False,,2014.0,True,True,Islamic
A5081678536,Mohammed Azmi Al‐Betar,2010,2026,163,Islamic,False,,True,2010.0,2010.0,True,True,Islamic
A5101057700,Helen Tan,2015,2023,5,Islamic,False,,False,,2023.0,True,True,Islamic
A5090989886,Sri Jumini,2014,2023,8,Islamic,False,,False,,2015.0,True,True,Islamic
A5089291093,Robbi Rahim,2015,2024,126,Islamic,True,2018.0,True,2016.0,2015.0,True,True,Islamic
A5052049826,I Komang Ari Mogi,2015,2024,34,Islamic,False,,False,,2016.0,True,True,Islamic
A5080560149,Ngurah Agus Sanjaya ER,2009,2026,67,Islamic,False,,False,,2009.0,True,True,Islamic
A5052981515,Alharith A. Abdullah,2014,2025,25,Continental Europe,True,2019.0,True,2015.0,2014.0,True,True,Islamic
A5035561672,Manjur Kolhar,2009,2026,11,Islamic,False,,True,2017.0,2026.0,True,True,Islamic
A5059723303,Mosleh M. Abualhaj,2009,2025,27,Islamic,False,,True,2016.0,2021.0,True,True,Islamic
A5077881714,Saied M. Abd El‐atty,2014,2025,10,Islamic,False,,False,,2015.0,True,True,Islamic
A5069519097,Firmanul Catur Wıbowo,2013,2026,15,Islamic,False,,False,,2013.0,True,True,Islamic
A5111454071,S. Al-Busaidi,2002,2021,5,Islamic,False,,False,,2002.0,True,True,Islamic
A5002755723,M.J. Al-Mushrafi,2002,2013,4,Islamic,False,,False,,2002.0,True,False,
A5054714910,Asif Iqbal,2006,2024,6,Sinic,True,2010.0,False,,,False,True,Islamic
A5054631710,Ning He,2006,2025,9,Sinic,False,,False,,2013.0,True,True,Sinic
A5100623210,Liang Li,2006,2025,4,Sinic,False,,False,,2008.0,True,True,
A5111862129,Naeem Ullah Dar,2006,2010,3,Islamic,False,,False,,2006.0,True,False,
A5064660596,Yassine Djouadi,2007,2025,18,Islamic,True,2010.0,True,2010.0,2007.0,True,True,Islamic
A5051474705,Allel Hadjali,2002,2026,104,Continental Europe,True,2002.0,True,2008.0,2006.0,True,True,Continental Europe
A5036825646,Sanjay D. Pohekar,2004,2025,4,Hindu,False,,True,2004.0,2025.0,True,True,Hindu
A5034168325,M Ramachandran,2004,2024,17,Islamic,True,2005.0,False,,2004.0,True,True,Hindu
A5090448145,Darwin Gouwanda,2008,2023,5,United States,True,2008.0,True,2008.0,,False,True,Islamic
A5022892970,S. M. N. Arosha Senanayake,2007,2024,13,Islamic,False,,True,2007.0,2007.0,True,True,Islamic
A5108665863,Cipto Prabowo,2014,2024,16,Islamic,False,,False,,2014.0,True,True,Islamic
A5054408424,Omar Banimelhem,2012,2024,6,Islamic,False,,False,,,False,True,Islamic
A5017748425,Moad Mowafi,2013,2025,4,Islamic,False,,True,2013.0,,False,True,Islamic
A5027584316,P. Gomathi,2014,2026,4,Hindu,False,,True,2019.0,2025.0,True,True,Hindu
A5002577573,Yeffry Handoko Putra,2016,2025,17,Islamic,True,2021.0,False,,2016.0,True,True,Islamic
A5110801046,Noorihan Abdul Rahman,2011,2022,7,Islamic,False,,False,,2011.0,True,True,Islamic
A5111052586,Najla Ibrahim,2014,2025,3,Islamic,False,,False,,2014.0,True,True,Islamic
A5085808353,Baroudi Rouba,2010,2025,8,Islamic,False,,False,,2021.0,True,True,Islamic
A5019666589,Osama Harfoushi,2010,2024,19,Islamic,False,,True,2011.0,2012.0,True,True,Islamic
A5063185060,Abdel Hakim O. Akhorshaideh,2016,2025,8,Islamic,False,,True,2016.0,2022.0,True,True,Islamic
A5045063390,Noor Osama Aqqad,2016,2017,6,Islamic,False,,True,2016.0,2016.0,True,False,
A5070102507,Marwa Al Janini,2016,2017,2,Islamic,False,,True,2016.0,2017.0,True,False,
A5070324153,Ruba Obiedat,2010,2026,17,Islamic,True,2010.0,True,2012.0,2011.0,True,True,Islamic
A5032910899,Tatiana Mora Kuplich,2000,2022,11,Anglosphere ex-US,False,,True,2000.0,2001.0,True,True,Other Civilizations
A5063905190,D. S. Tasca,2006,2022,24,Other Civilizations,True,2012.0,True,2008.0,,False,True,Other Civilizations
A5004098224,S. P. Walborn,2001,2026,160,Other Civilizations,False,,True,2001.0,2004.0,True,True,Other Civilizations
A5019238779,M. P. Almeida,2002,2025,61,Other Civilizations,True,2007.0,True,2005.0,2007.0,True,True,Anglosphere ex-US
A5034289476,Pierre Pellat-Finet,2006,2009,3,Continental Europe,True,2009.0,False,,2007.0,True,False,
A5005595029,Artz George. Luwanda,2014,2016,3,Other Civilizations,False,,False,,2014.0,True,False,
A5022950333,Henry Mwambi,2012,2025,21,Other Civilizations,False,,True,2018.0,2012.0,True,True,Other Civilizations
A5011277020,Gabriele Pulcini,2005,2026,26,Continental Europe,False,,False,,2007.0,True,True,Continental Europe
A5015971108,Anton van Wyk,2010,2023,7,Other Civilizations,False,,False,,2010.0,True,True,Other Civilizations
A5014606436,Luciano Coutinho,2005,2026,18,Continental Europe,True,2009.0,True,2009.0,2009.0,True,True,Other Civilizations
A5050791184,Anarosa A. F. Brandão,2003,2026,67,Other Civilizations,False,,True,2003.0,2006.0,True,True,Other Civilizations
A5008207085,Luana Moreira Florisbal,2003,2025,25,Other Civilizations,False,,False,,2012.0,True,True,Other Civilizations
A5083977323,Ritesh Ajoodha,2014,2026,34,Other Civilizations,False,,True,2020.0,2018.0,True,True,Other Civilizations
A5068297734,Benjamin Rosman,2010,2026,117,Anglosphere ex-US,True,2014.0,True,2012.0,2014.0,True,True,Other Civilizations
A5013874328,Wassim Ayadi,2007,2025,9,Continental Europe,True,2009.0,False,,2018.0,True,True,Islamic
A5038041759,Mourad Elloumi,2004,2026,10,Islamic,False,,False,,2008.0,True,True,Islamic
A5044501446,João Carlos Espíndola Ferreira,2000,2013,7,Other Civilizations,False,,False,,2007.0,True,False,
A5039088089,Fernando S. Pacheco,2000,2019,11,Other Civilizations,True,2004.0,False,,2001.0,True,False,
A5055777885,Dragana Milosavljević,2011,2022,19,Other Civilizations,False,,True,2013.0,2014.0,True,True,
A5006730169,Danica Piršl,2010,2015,9,Other Civilizations,True,2013.0,False,,2010.0,True,False,
A5076020512,Patrick Ngulube,2011,2026,12,Other Civilizations,False,,True,2012.0,2011.0,True,True,Other Civilizations
A5054190664,А. М. Пыстин,2004,2025,33,Other Civilizations,False,,False,,2010.0,True,True,Other Civilizations
A5040472031,Yu. I. Pystina,2014,2025,22,Other Civilizations,False,,True,2019.0,2014.0,True,True,Other Civilizations
A5040774651,A. V. Panfilov,2015,2019,3,Other Civilizations,False,,False,,2016.0,True,False,
A5030266199,Ingrid Nunes,2008,2025,68,Other Civilizations,True,2011.0,True,2010.0,2012.0,True,True,Other Civilizations
A5027812149,Simone Diniz Junqueira Barbosa,2000,2026,103,Other Civilizations,False,,True,2000.0,2001.0,True,True,Other Civilizations
A5075841047,Reiko Aoki,2001,2025,5,Other Civilizations,False,,False,,,False,True,Other Civilizations
A5039342362,Dorival Leão Pinto Júnior,2006,2008,3,Other Civilizations,False,,False,,2008.0,True,False,
A5078808042,M. Kikuti,2002,2002,2,Other Civilizations,False,,False,,2002.0,True,False,
A5052038034,Márcio Teruo Akyama,2002,2002,2,Other Civilizations,False,,False,,,False,False,
A5006529383,Marco S. Reis,2002,2025,9,Other Civilizations,False,,False,,2009.0,True,True,Continental Europe
A5047785995,Claus Aranha,2002,2025,66,Other Civilizations,True,2007.0,True,2009.0,2010.0,True,True,Japanese
A5010487704,Luiz Marcos Garcia Gonçalves,2002,2024,41,Other Civilizations,True,2002.0,False,,2002.0,True,True,Other Civilizations
A5087169621,M. Yu. Saygin,2011,2026,33,Other Civilizations,False,,False,,2011.0,True,True,Other Civilizations
A5082167717,Timur Tlyachev,2011,2023,12,Other Civilizations,False,,True,2018.0,2013.0,True,True,
A5041284015,Pablo Rodríguez-Ramírez,2010,2023,11,Other Civilizations,False,,False,,2010.0,True,True,Other Civilizations
A5082633782,İlker Etikan,2016,2024,4,Continental Europe,False,,False,,2016.0,True,True,Continental Europe
A5100704639,Fusheng Wang,2003,2025,111,United States,False,,True,2003.0,2007.0,True,True,United States
A5076465098,George Teodoro,2012,2025,59,United States,True,2015.0,True,2013.0,2016.0,True,True,Other Civilizations
A5003110329,Emiel A. M. Janssen,2007,2025,25,Continental Europe,False,,False,,2019.0,True,True,Continental Europe
A5066949209,Jun Kong,2001,2025,104,United States,True,2006.0,True,2007.0,2001.0,True,True,United States
A5056903330,Eric Nichols,2004,2026,63,Japanese,True,2004.0,True,2005.0,2005.0,True,True,Japanese
A5052659556,Yurii Vasylkiv,2016,2023,10,Japanese,True,2020.0,True,2022.0,,False,True,Anglosphere ex-US
A5052470310,Randy Gómez,2004,2026,93,Japanese,False,,True,2010.0,2006.0,True,True,Japanese
A5086488055,Jang‐Whan Bae,2010,2023,5,Sinic,False,,True,2013.0,,False,True,Sinic
A5088728611,Guadalupe Ortiz,2005,2023,39,Continental Europe,True,2007.0,True,2006.0,2008.0,True,True,Continental Europe
A5062816254,Behzad Bordbar,2001,2018,49,Anglosphere ex-US,False,,True,2004.0,2001.0,True,False,
A5054320765,Renata de Freitas Góes,2007,2013,5,Other Civilizations,False,,False,,2008.0,True,False,
A5035072088,O.V. Rozhkova,2001,2017,6,Other Civilizations,False,,False,,2001.0,True,False,
A5073269156,Jorim Sousa das Virgens Filho,2011,2021,9,Other Civilizations,False,,False,,2011.0,True,True,
A5037319591,Serge Kernbach,2008,2015,16,Continental Europe,False,,True,2008.0,2009.0,True,False,
A5078343573,V. A. Nepomnyashchikh,2008,2015,4,Other Civilizations,False,,True,2011.0,2015.0,True,False,
A5054805585,Olga Kernbach,2009,2015,5,Continental Europe,False,,True,2015.0,2009.0,True,False,
A5057360483,А. Г. Ревенко,2002,2023,16,Other Civilizations,False,,True,2008.0,2002.0,True,True,Other Civilizations
A5025109060,T. Yu. Cherkashina,2005,2022,12,Other Civilizations,False,,True,2008.0,2005.0,True,True,Other Civilizations
A5013324722,Pokpong Songmuang,2010,2026,30,Japanese,True,2016.0,False,,2016.0,True,True,Other Civilizations
A5053831611,Héctor R. Ponce,2011,2022,4,Other Civilizations,False,,True,2013.0,2021.0,True,True,Other Civilizations
A5029127249,Evgeny Skvortsov,2007,2026,9,Anglosphere ex-US,True,2011.0,True,2011.0,2007.0,True,True,United States
A5021715300,Rodrigo Bonifácio,2007,2025,41,Other Civilizations,False,,True,2009.0,2012.0,True,True,Other Civilizations
A5110643113,I. A. Andreeva,2006,2025,23,Other Civilizations,False,,False,,2016.0,True,True,Other Civilizations
A5031903611,S. E. Borisovsky,2014,2025,24,Other Civilizations,False,,False,,2019.0,True,True,Other Civilizations
A5060181712,Axel Müller,2004,2025,41,Anglosphere ex-US,True,2006.0,True,2007.0,2006.0,True,True,Anglosphere ex-US
A5023507961,Miguel Ángel Galliski,2004,2021,16,Other Civilizations,False,,False,,2004.0,True,True,Other Civilizations
A5036855105,Raphael C. S. Machado,2009,2025,40,Other Civilizations,False,,True,2016.0,2009.0,True,True,Other Civilizations
A5108720067,Yurii Nikolaevich Orlov,2016,2024,18,Other Civilizations,False,,False,,2016.0,True,True,Other Civilizations
A5069970731,Frederico Coelho,2010,2026,24,Other Civilizations,False,,True,2016.0,2013.0,True,True,Other Civilizations
A5072340410,Alexander M. Romanov,2003,2024,17,Other Civilizations,False,,False,,2003.0,True,True,Other Civilizations
A5018928945,Loran V. Akopyan,2009,2011,6,Other Civilizations,False,,False,,,False,False,
A5054825416,Pamela Boujon,2009,2010,2,Other Civilizations,False,,False,,,False,False,
A5037466565,Umberto Grandi,2009,2026,62,Continental Europe,False,,True,2010.0,2011.0,True,True,Continental Europe
A5029045409,Andrea Loreggia,2013,2026,61,Continental Europe,False,,True,2013.0,2019.0,True,True,Continental Europe
A5011239043,Kristen Brent Venable,2001,2025,85,Continental Europe,False,,True,2004.0,2002.0,True,True,United States
A5004478324,Leonid M. Gelman,2001,2011,5,Anglosphere ex-US,True,2001.0,False,,2002.0,True,False,
A5052379184,А. Н. Солошенко,2014,2015,5,Other Civilizations,False,,False,,2015.0,True,False,
A5000846561,Yulia Orlova,2013,2024,14,Other Civilizations,False,,False,,2013.0,True,True,Other Civilizations
A5071045487,В. Л. Розалиев,2013,2022,13,Other Civilizations,False,,False,,2013.0,True,True,Other Civilizations
A5080404337,Ciro Russo,2001,2026,14,Anglosphere ex-US,True,2006.0,False,,2001.0,True,True,Other Civilizations
A5019437241,Rogerio Kwitko-Ribeiro,2001,2024,17,Other Civilizations,False,,True,2001.0,2004.0,True,True,Other Civilizations
A5111774429,L. J. Cabri,2002,2003,3,Anglosphere ex-US,False,,True,2002.0,2003.0,True,False,
A5037324172,H. F. Galbiatti,2002,2017,12,Other Civilizations,False,,False,,2002.0,True,False,
A5027650379,Elliackin Figueiredo,2009,2025,13,Other Civilizations,False,,True,2013.0,2009.0,True,True,Other Civilizations
A5028876161,Carmelo J. A. Bastos-Filho,2007,2025,131,Other Civilizations,False,,True,2008.0,2008.0,True,True,Other Civilizations
A5049396403,Rafael Port da Rocha,2003,2024,8,Other Civilizations,False,,False,,2003.0,True,True,Other Civilizations
A5060324820,Emir Ugljanin,2012,2020,8,Other Civilizations,True,2016.0,False,,,False,True,
A5031778562,Dragan Stojanović,2000,2026,20,Other Civilizations,False,,False,,2000.0,True,True,Other Civilizations
A5080331598,Giseli Rabello Lopes,2007,2024,32,Other Civilizations,False,,True,2013.0,2007.0,True,True,Other Civilizations
A5027726692,Luiz André P. Paes Leme,2006,2025,68,Other Civilizations,True,2009.0,True,2008.0,2006.0,True,True,Other Civilizations
A5059545132,Isaac Bertrand Gbambié Mbowou,2015,2018,4,Other Civilizations,False,,False,,,False,False,
A5037178809,Nguihdama Dagwai,2014,2024,3,Other Civilizations,False,,False,,,False,True,Other Civilizations
A5055380077,Fadimatou Ngounouno Yamgouot,2015,2018,5,Other Civilizations,False,,False,,,False,False,
A5078595959,Ntoumbé Mama,2016,2026,15,Other Civilizations,False,,False,,2025.0,True,True,Other Civilizations
A5077042952,Ismaı̈la Ngounouno,2000,2026,41,Other Civilizations,False,,True,2000.0,2004.0,True,True,Other Civilizations
A5083874010,Víctor Neumann,2015,2025,33,Other Civilizations,False,,False,,2015.0,True,True,Other Civilizations
A5087235833,Sameerchand Pudaruth,2008,2026,32,Other Civilizations,False,,True,2015.0,2013.0,True,True,Other Civilizations
A5035952835,Upasana Singh,2009,2025,13,Hindu,True,2015.0,False,,2015.0,True,True,Hindu
A5051480451,Hoshiladevi Ramnial,2015,2016,3,Other Civilizations,False,,True,2015.0,2016.0,True,False,
A5029904389,Sergey V. Kovalchuk,2011,2026,92,Other Civilizations,False,,True,2011.0,2014.0,True,True,Other Civilizations
A5076437424,Sukanya Ratanotayanon,2009,2016,5,United States,True,2010.0,False,,2010.0,True,False,
A5008517596,Luigi Asprino,2016,2026,49,Continental Europe,False,,True,2016.0,2016.0,True,True,Continental Europe
A5083344265,Felix Bensmann,2014,2024,14,Continental Europe,False,,True,2014.0,,False,True,Continental Europe
A5077183319,Ling Cai,2010,2024,24,Sinic,False,,False,,2010.0,True,True,United States
A5051953225,Riley Capshaw,2012,2024,4,United States,False,,True,2012.0,,False,True,Continental Europe
A5054444380,Irene Celino,2005,2026,87,Continental Europe,True,2010.0,True,2006.0,2009.0,True,True,Continental Europe
A5064028156,Vincent Emonet,2014,2025,31,Continental Europe,True,2014.0,True,2014.0,2017.0,True,True,Continental Europe
A5072750611,Marieke van Erp,2006,2026,116,Continental Europe,False,,True,2009.0,2007.0,True,True,Anglosphere ex-US
A5049220929,María G. Buey,2013,2021,17,Continental Europe,False,,False,,,False,True,Continental Europe
A5040542771,Heiko Paulheim,2007,2026,378,Anglosphere ex-US,True,2008.0,True,2010.0,2008.0,True,True,Continental Europe
A5076886839,Axel Polleres,2000,2025,304,Continental Europe,False,,True,2004.0,2000.0,True,True,Continental Europe
A5007281490,Valentina Presutti,2003,2025,192,Continental Europe,True,2006.0,True,2003.0,2004.0,True,True,Continental Europe
A5024774718,Sebastian Rudolph,2000,2025,228,Continental Europe,False,,True,2006.0,2000.0,True,True,Continental Europe
A5082238675,Harald Sack,2001,2026,201,Continental Europe,False,,False,,2002.0,True,True,Continental Europe
A5014429190,Tabea Tietz,2014,2026,34,Continental Europe,False,,True,2019.0,2025.0,True,True,Continental Europe
A5036822328,Molka Tounsi Dhouib,2014,2024,19,Continental Europe,True,2019.0,False,,2021.0,True,True,Continental Europe
A5032868750,Alessandro Umbrico,2013,2025,48,Continental Europe,True,2018.0,True,2015.0,2014.0,True,True,Continental Europe
A5051123080,Miguel Almonacid,2007,2023,8,Continental Europe,True,2008.0,True,2008.0,2007.0,True,True,Continental Europe
A5069145654,Miguel Pinzolas,2000,2013,11,Continental Europe,False,,True,2005.0,2002.0,True,False,
A5048596084,Julio Ibarrola,2000,2026,13,Continental Europe,False,,True,2005.0,2008.0,True,True,Continental Europe
A5078135082,I. V. Rasina,2013,2024,13,Other Civilizations,False,,False,,2014.0,True,True,Other Civilizations
A5068776818,Mikhail Komarov,2012,2026,10,Other Civilizations,False,,True,2018.0,2012.0,True,True,Other Civilizations
A5008701404,Juan P. Aguilera,2016,2025,28,Continental Europe,False,,False,,2016.0,True,True,Continental Europe
A5080309379,David Fernández–Duque,2010,2026,126,Continental Europe,True,2011.0,True,2011.0,2010.0,True,True,Continental Europe
A5051850325,Elisa Yumi Nakagawa,2006,2026,153,Other Civilizations,True,2006.0,True,2007.0,2006.0,True,True,Other Civilizations
A5075706077,Dootika Vats,2015,2026,29,Anglosphere ex-US,True,2018.0,True,2021.0,2016.0,True,True,Hindu
A5108273448,Krzysztof Łatuszyński,2008,2025,33,Continental Europe,True,2010.0,True,2008.0,2009.0,True,True,Anglosphere ex-US
A5029796352,Kanwarpreet Sethi,2009,2010,3,United States,False,,True,2009.0,2009.0,True,False,
A5008974593,Yuanfang Cai,2002,2026,73,United States,False,,True,2005.0,2002.0,True,True,United States
A5101630133,Sunny Wong,2009,2018,10,United States,False,,True,2009.0,2010.0,True,False,
A5007792821,Alessandro Garcia,2001,2025,178,Other Civilizations,True,2004.0,True,2003.0,2006.0,True,True,Other Civilizations
A5039530559,Cláudio Sant’Anna,2003,2025,54,Other Civilizations,True,2004.0,True,2003.0,2006.0,True,True,Other Civilizations
A5005114689,V.A. Sapunov,2016,2025,5,Other Civilizations,False,,False,,,False,True,Other Civilizations
A5044360125,A. Yu. Denisov,2016,2025,2,Other Civilizations,False,,False,,,False,True,Other Civilizations
A5013494945,María Luciana Roldán,2006,2019,15,Other Civilizations,False,,True,2010.0,,False,False,
A5050881071,Silvio Gonnet,2001,2025,55,Other Civilizations,False,,True,2006.0,2014.0,True,True,Other Civilizations
A5028820999,Sergio Ferrández,2005,2011,22,Continental Europe,False,,True,2006.0,,False,False,
A5055656994,Pilar López-Moreno,2006,2007,8,Continental Europe,False,,True,2006.0,2006.0,True,False,
A5013837210,Sandra Roger,2001,2025,29,Other Civilizations,True,2006.0,True,2006.0,2001.0,True,True,Continental Europe
A5054111457,X. Alvarado,2006,2007,2,Continental Europe,False,,True,2006.0,,False,False,
A5021267471,Elisa Noguera,2005,2008,25,Continental Europe,False,,True,2005.0,2005.0,True,False,
A5035307573,Fernando Llopis,2001,2020,65,Continental Europe,False,,True,2002.0,2001.0,True,True,
A5046964093,Adeyinka K. Akanbi,2014,2025,14,Other Civilizations,True,2014.0,True,2015.0,2014.0,True,True,Other Civilizations
A5085899058,Muthoni Masinde,2012,2024,17,Other Civilizations,False,,False,,2012.0,True,True,Other Civilizations
A5074596656,E N Demina,2010,2015,4,Other Civilizations,False,,False,,2010.0,True,False,
A5065438358,Zhengbing Hu,2007,2026,76,Sinic,True,2007.0,False,,2008.0,True,True,Other Civilizations
A5062524136,И. К. Кабардин,2012,2021,2,Other Civilizations,False,,False,,,False,True,Other Civilizations
A5090320246,И. В. Наумов,2012,2020,3,Other Civilizations,False,,True,2016.0,2020.0,True,True,
A5015378932,Karl Ezra Pilario,2015,2026,7,Other Civilizations,False,,True,2023.0,2015.0,True,True,Other Civilizations
A5082212670,Evgenia Novikova,2012,2025,43,Other Civilizations,False,,True,2020.0,2012.0,True,True,Other Civilizations
A5000358462,Ana Luisa Outa Mori,2010,2021,4,Other Civilizations,True,2010.0,True,2011.0,,False,True,
A5074776207,N. N. Shenets,2008,2024,7,Other Civilizations,False,,False,,2008.0,True,True,Other Civilizations
A5100690709,Xin Guan,2005,2026,62,Sinic,False,,False,,2005.0,True,True,Sinic
A5080415474,Yi Xiao,2002,2026,27,Sinic,True,2006.0,False,,2003.0,True,True,Sinic
A5084201204,Guidong Sun,2015,2026,8,Sinic,False,,False,,2022.0,True,True,Sinic
A5033465394,Pavel Krasilnikov,2007,2023,8,Other Civilizations,False,,True,2013.0,2007.0,True,True,Other Civilizations
A5025751302,Jose Ortiz‐Bejar,2015,2025,19,Other Civilizations,True,2020.0,True,2021.0,2015.0,True,True,Other Civilizations
A5047941629,Eric S. Téllez,2009,2025,58,Other Civilizations,True,2015.0,True,2011.0,2009.0,True,True,Other Civilizations
A5069889717,Mario Graff,2005,2026,82,Anglosphere ex-US,True,2005.0,True,2010.0,2005.0,True,True,Other Civilizations
A5032486733,Jaime Cerda Jacobo,2010,2019,5,Other Civilizations,False,,False,,2015.0,True,False,
A5087891370,Г. Т. Фрумин,2014,2015,2,Other Civilizations,False,,False,,,False,False,
A5021676717,A. V. Dikinis,2014,2015,2,Other Civilizations,False,,False,,,False,False,
A5023605217,Yu. V. Krashanovskaya,2014,2015,2,Other Civilizations,False,,False,,2014.0,True,False,
A5033920942,Victor Oladokun,2008,2015,3,Other Civilizations,False,,True,2008.0,,False,False,
A5056938538,Diego I. Gallardo,2014,2026,46,Other Civilizations,False,,True,2021.0,2017.0,True,True,Other Civilizations
A5004808296,Emilio Gómez–Déniz,2009,2025,35,Continental Europe,False,,True,2011.0,2009.0,True,True,Continental Europe
A5003444918,Héctor W. Gómez,2004,2026,50,Other Civilizations,True,2008.0,True,2004.0,2007.0,True,True,Other Civilizations
A5068160516,Vasiliy Ye. Belozyorov,2012,2025,14,Other Civilizations,False,,False,,2023.0,True,True,Other Civilizations
A5072362348,M. A. Bolshakova,2016,2025,11,Other Civilizations,False,,True,2016.0,2021.0,True,True,Other Civilizations
A5061400789,Sandro Radovanović,2014,2026,20,Other Civilizations,False,,True,2014.0,,False,True,Other Civilizations
A5057150812,Boris Delibašić,2004,2026,45,Other Civilizations,False,,True,2009.0,2012.0,True,True,Other Civilizations
A5070246676,Milija Suknović,2004,2024,20,Other Civilizations,False,,True,2011.0,2006.0,True,True,Other Civilizations
A5087237710,Aurora Montano Rivas,2004,2017,2,Other Civilizations,False,,False,,,False,False,
A5048555137,Xenia Naidenova,2006,2024,34,Other Civilizations,False,,False,,2006.0,True,True,Other Civilizations
A5055424244,O. V. Petrov,2006,2024,32,Other Civilizations,False,,False,,2018.0,True,True,Other Civilizations
A5076622493,Leonid Ruslanovich Kolbantsev,2015,2022,2,Other Civilizations,False,,False,,2015.0,True,True,Other Civilizations
A5015219850,Christopher Boggs,2007,2020,2,Other Civilizations,False,,False,,,False,True,
A5103018549,Vincent G. Harris,2007,2024,2,Other Civilizations,False,,False,,2007.0,True,True,United States
A5080470776,A. A. Dokukin,2005,2025,24,Continental Europe,False,,False,,2006.0,True,True,Other Civilizations
A5019231095,Jeremy Blackthorne,2015,2022,5,United States,False,,False,,,False,True,Other Civilizations
A5073676361,Bülent Yener,2001,2026,74,United States,False,,False,,2001.0,True,True,United States
A5049544063,Dmytro Dosyn,2003,2026,29,Other Civilizations,False,,False,,2012.0,True,True,Other Civilizations
A5030571810,Vasyl Lytvyn,2012,2026,119,Other Civilizations,True,2018.0,True,2013.0,2013.0,True,True,Other Civilizations
A5085657732,Vira Kovalevych,2016,2022,2,Other Civilizations,True,2022.0,False,,,False,True,Islamic
A5091791985,Oksana Oborska,2014,2025,13,Other Civilizations,False,,True,2015.0,2014.0,True,True,
A5101848349,Sergey N. Filippov,2008,2026,63,Other Civilizations,True,2013.0,True,2008.0,2014.0,True,True,Other Civilizations
A5012489701,Alexander Pechen,2002,2025,101,Other Civilizations,True,2002.0,True,2006.0,2003.0,True,True,Other Civilizations
A5038317594,D. K. Belyanin,2012,2025,28,Other Civilizations,False,,False,,2019.0,True,True,Other Civilizations
A5007529443,Е. V. Airiyants,2007,2025,11,Other Civilizations,False,,False,,,False,True,Other Civilizations
A5027370174,Н. С. Карманов,2006,2024,51,Other Civilizations,False,,False,,2006.0,True,True,Other Civilizations
A5021654640,Evgenii Maltsev,2011,2022,8,Other Civilizations,False,,False,,2015.0,True,True,Other Civilizations
A5040349655,Anton V. Eremeev,2000,2025,50,Other Civilizations,False,,False,,2000.0,True,True,Other Civilizations
A5108613093,Julia Kovalenko,2013,2016,2,Other Civilizations,False,,False,,2013.0,True,False,
A5100360466,Qi Zhang,2006,2025,34,United States,True,2006.0,False,,2006.0,True,True,Sinic
A5064645579,Jian Qu,2010,2024,12,Japanese,True,2010.0,True,2010.0,2011.0,True,True,
A5086542590,Sumeth Yuenyong,2014,2025,24,Other Civilizations,True,2014.0,True,2014.0,2014.0,True,True,Other Civilizations
A5102866931,О. В. Карпенко,2006,2025,2,Other Civilizations,False,,False,,2006.0,True,True,
A5086469184,А. В. Пантелеев,2007,2026,22,Other Civilizations,False,,False,,2007.0,True,True,Other Civilizations
A5109990455,F. Zaccarini,2006,2014,6,Continental Europe,False,,False,,2006.0,True,False,
A5030009288,Ekapol Chuangsuwanich,2010,2026,97,United States,False,,True,2010.0,2016.0,True,True,Other Civilizations
A5069614673,Joaquín Izquierdo,2006,2025,34,Continental Europe,False,,True,2007.0,2010.0,True,True,Continental Europe
A5055467011,Ekaterina Vylomova,2014,2026,70,Anglosphere ex-US,True,2014.0,True,2016.0,2014.0,True,True,Anglosphere ex-US
A5028564314,Elizabeth Salesky,2013,2025,59,United States,False,,True,2018.0,2013.0,True,True,United States
A5015766325,Shijie Wu,2010,2023,30,Sinic,False,,True,2018.0,2015.0,True,True,United States
A5014613113,Edoardo Maria Ponti,2016,2026,109,Anglosphere ex-US,True,2017.0,True,2018.0,2022.0,True,True,Anglosphere ex-US
A5017646009,Svetlana Toldova,2012,2024,27,Other Civilizations,False,,False,,2012.0,True,True,Other Civilizations
A5076604380,Francis M. Tyers,2009,2026,139,Continental Europe,False,,True,2009.0,2009.0,True,True,United States
A5023548095,Andrew Krizhanovsky,2003,2026,59,Other Civilizations,False,,False,,2003.0,True,True,Other Civilizations
A5063051593,Christo Kirov,2011,2026,48,United States,True,2017.0,True,2013.0,2014.0,True,True,United States
A5006644924,Garrett Nicolai,2007,2025,62,Anglosphere ex-US,False,,True,2015.0,2008.0,True,True,Anglosphere ex-US
A5013793053,Antonios Anastasopoulos,2014,2026,205,United States,True,2014.0,True,2014.0,2014.0,True,True,United States
A5000564128,Hilaria Cruz,2016,2023,14,United States,True,2020.0,True,2019.0,2016.0,True,True,Other Civilizations
A5041778529,Eleanor Chodroff,2014,2026,43,United States,True,2020.0,True,2015.0,2017.0,True,True,Anglosphere ex-US
A5061951606,Ryan Cotterell,2013,2026,397,United States,True,2015.0,True,2013.0,2018.0,True,True,Continental Europe
A5027026724,Miikka Silfverberg,2009,2026,80,Continental Europe,False,,True,2009.0,2010.0,True,True,Anglosphere ex-US
A5001438384,Mans Hulden,2006,2026,114,United States,True,2011.0,True,2011.0,2006.0,True,True,United States
A5055457163,Pablo E. Román,2010,2013,5,Other Civilizations,False,,True,2010.0,,False,False,
A5073534789,Juan D. Velásquez,2003,2025,52,Japanese,True,2005.0,True,2003.0,2009.0,True,True,Other Civilizations
A5049037432,Manuel Mora,2002,2023,37,Other Civilizations,False,,True,2007.0,2003.0,True,True,Other Civilizations
A5026173910,Ovsei Gelman,2007,2013,9,Other Civilizations,False,,True,2007.0,2007.0,True,False,
A5035017803,Moumanti Podder,2015,2025,11,United States,False,,False,,2015.0,True,True,Hindu
A5058984001,Dmitriy K. Pitsun,2016,2020,2,Other Civilizations,False,,False,,,False,True,
A5029695057,I.L. Novikov,2015,2020,5,Other Civilizations,False,,False,,,False,True,
A5022445519,B. I. Ivanov,2013,2024,10,Continental Europe,True,2015.0,True,2013.0,,False,True,Sinic
A5102114006,R. J. Costa Farias,2008,2010,2,Other Civilizations,False,,False,,,False,False,
A5081133993,Evgeny I. Veremey,2011,2016,5,Other Civilizations,False,,True,2015.0,2011.0,True,False,
A5016908315,Elena Lisanyuk,2012,2026,18,Other Civilizations,False,,False,,2012.0,True,True,Other Civilizations
A5065103375,Kristina O. Kvashnina,2013,2023,10,Continental Europe,False,,True,2017.0,2020.0,True,True,Continental Europe
A5015883801,Feng Duan,2005,2026,18,Sinic,False,,True,2012.0,2005.0,True,True,Sinic
A5024870237,César F. Caiafa,2016,2025,12,Other Civilizations,True,2022.0,True,2021.0,2016.0,True,True,Other Civilizations
A5013188461,Zhenglu Yang,2003,2026,96,Japanese,True,2006.0,True,2006.0,2014.0,True,True,Sinic
A5025554387,Zhe Sun,2014,2026,37,Japanese,True,2019.0,True,2020.0,2016.0,True,True,Japanese
A5022382225,М. И. Тучкова,2004,2024,11,Other Civilizations,False,,True,2006.0,2010.0,True,True,Other Civilizations
A5012899662,Irina O. Galuskina,2007,2023,4,Continental Europe,False,,False,,2023.0,True,True,Continental Europe
A5015921717,I. M. Simanovich,2004,2011,3,Other Civilizations,False,,False,,2009.0,True,False,
A5061965141,Helyane Bronoski Borges,2006,2024,16,Other Civilizations,False,,True,2012.0,2006.0,True,True,Other Civilizations
A5109556338,F. N. Pankov,2012,2019,4,Other Civilizations,False,,False,,2018.0,True,False,
A5111944460,M. Atayan,2001,2006,3,Other Civilizations,False,,False,,,False,False,
A5056728021,G. Borges,2002,2006,2,Continental Europe,False,,False,,,False,False,
A5036873987,C. Castanier,2001,2006,3,Continental Europe,False,,False,,,False,False,
A5082172042,J. Castor,2001,2006,4,Continental Europe,False,,False,,,False,False,
A5018786378,M. P. Comets,2001,2006,3,Continental Europe,False,,False,,,False,False,
A5103986176,P. Cortese,2001,2006,4,Continental Europe,False,,False,,,False,False,
A5107299448,P. Giubellino,2001,2006,3,Continental Europe,False,,False,,,False,False,
A5107343223,M. Idzik,2001,2021,5,Continental Europe,False,,False,,,False,True,
A5107632916,A. Kurepin,2001,2017,4,Other Civilizations,False,,False,,,False,False,
A5107860232,M. Mac Cormick,2001,2006,3,Continental Europe,False,,False,,,False,False,
A5090481827,M. Masera,2001,2006,3,Continental Europe,False,,False,,,False,False,
A5108167252,F. Prino,2001,2006,3,Continental Europe,False,,False,,,False,False,
A5032005426,C. Quintans,2001,2006,3,Continental Europe,False,,False,,,False,False,
A5100636944,S. Ramos,2002,2017,3,Continental Europe,False,,False,,,False,False,
A5107846647,R. Shahoyan,2001,2006,4,Continental Europe,False,,False,,,False,False,
A5108116864,О. В. Евдокимова,2016,2021,3,Other Civilizations,False,,False,,,False,True,Other Civilizations
A5007435448,О. М. Бабешко,2012,2021,8,Other Civilizations,True,2013.0,False,,2012.0,True,True,Other Civilizations
A5041323681,Graciela Meza-Lovon,2009,2018,4,Other Civilizations,False,,False,,2012.0,True,False,
A5011563493,Diego Caro,2013,2025,6,Other Civilizations,False,,True,2013.0,2020.0,True,True,Other Civilizations
A5052442286,Carlos A. Cifuentes,2014,2025,10,Other Civilizations,False,,True,2019.0,2020.0,True,True,Other Civilizations
A5065297243,Giancarlo Guizzardi,2001,2026,337,Continental Europe,True,2002.0,True,2002.0,2005.0,True,True,Continental Europe
A5113439661,Ana Patrícia Magalhães,2009,2021,11,Other Civilizations,False,,True,2013.0,2019.0,True,True,Other Civilizations
A5054133174,Paulo Maciel,2004,2025,70,Other Civilizations,False,,True,2009.0,2008.0,True,True,Other Civilizations
A5020352737,César Augusto Moreira,2006,2026,55,Other Civilizations,True,2009.0,False,,2009.0,True,True,Other Civilizations
A5108286499,Hangqiang Xie,2010,2025,29,Sinic,True,2011.0,True,2011.0,2018.0,True,True,Sinic
A5018430083,Maxim Kolchin,2013,2016,13,Other Civilizations,False,,True,2014.0,2013.0,True,False,
A5030501634,Eugene Cherny,2015,2016,6,Other Civilizations,True,2015.0,False,,2015.0,True,False,
A5038679205,Fedor Kozlov,2014,2016,9,Other Civilizations,False,,False,,2014.0,True,False,
A5042569189,Alexander Shipilo,2013,2018,10,Other Civilizations,False,,False,,2015.0,True,False,
A5056384630,Liubov Kovriguina,2013,2025,14,Other Civilizations,False,,False,,2015.0,True,True,
A5012726750,C.M.V.B. Almeida,2011,2025,4,Other Civilizations,False,,False,,,False,True,Other Civilizations
A5028694764,Feni Agostinho,2013,2025,3,Other Civilizations,False,,False,,,False,True,Other Civilizations
A5040173987,Biagio F. Giannetti,2013,2026,4,Other Civilizations,False,,False,,2013.0,True,True,Other Civilizations
A5040288416,Frank Place,2013,2015,6,Continental Europe,False,,False,,,False,False,
A5034954526,R. Roothaert,2014,2014,2,Anglosphere ex-US,False,,False,,,False,False,
A5017120896,Lucy Maina,2014,2024,3,Other Civilizations,False,,False,,,False,True,Other Civilizations
A5048623941,Steven Franzel,2014,2014,2,Continental Europe,False,,False,,,False,False,
A5087933011,J. Sinja,2014,2014,2,Continental Europe,False,,False,,,False,False,
A5109989992,J. Wanjiku,2014,2014,2,Continental Europe,False,,False,,2014.0,True,False,
A5064081550,Nebojša Bačanin,2010,2026,292,Other Civilizations,False,,True,2011.0,2010.0,True,True,Other Civilizations
A5088545047,Sameh Askar,2009,2025,29,Anglosphere ex-US,False,,False,,2021.0,True,True,Islamic
A5068555962,Mohamed Abouhawwash,2015,2026,101,Islamic,True,2015.0,True,2015.0,2015.0,True,True,Islamic
A5026874713,Vasiliy Osipov,2015,2025,18,Other Civilizations,False,,True,2017.0,2015.0,True,True,Other Civilizations
A5061902916,R. Shaikhaidarov,2001,2020,11,Japanese,True,2005.0,False,,,False,True,
A5024108078,V. N. Antonov,2000,2025,16,Japanese,False,,True,2002.0,,False,True,Other Civilizations
A5056730046,O. V. Astafiev,2000,2025,78,Japanese,False,,True,2002.0,2010.0,True,True,Other Civilizations
A5087769954,Gabriel Paillard,2001,2023,13,Continental Europe,True,2002.0,False,,2005.0,True,True,United States
A5024632348,Rafael Augusto Ferreira do Carmo,2008,2026,9,Other Civilizations,False,,True,2011.0,2019.0,True,True,Other Civilizations
A5081071393,Ernesto Trajano de Lima,2015,2023,3,Other Civilizations,False,,False,,2016.0,True,True,United States
A5057850155,C. Maria Keet,2005,2025,171,Continental Europe,True,2011.0,True,2007.0,2005.0,True,True,Other Civilizations
A5048883385,Ratchainant Thammasudjarit,2012,2026,8,Other Civilizations,False,,False,,2020.0,True,True,Other Civilizations
A5053331577,John Attia,2011,2025,10,United States,False,,False,,2011.0,True,True,Anglosphere ex-US
A5023413505,Hlanganani Tutu,2005,2020,13,Other Civilizations,False,,True,2005.0,2006.0,True,True,
A5069835171,Ewa Cukrowska,2004,2010,10,Other Civilizations,False,,True,2005.0,2005.0,True,False,
A5000384686,Luke Chimuka,2005,2026,5,Other Civilizations,False,,True,2005.0,2009.0,True,True,Other Civilizations
A5004347851,Plácido A. Souza Neto,2009,2024,14,Other Civilizations,True,2014.0,True,2015.0,2009.0,True,True,Continental Europe
A5089612334,Eyob Alebachew,2006,2008,8,Other Civilizations,False,,False,,2007.0,True,False,
A5085925326,Falk Scholer,2002,2026,137,Anglosphere ex-US,False,,True,2002.0,2005.0,True,True,Anglosphere ex-US
A5068912124,Igor Razgon,2003,2025,26,Other Western,True,2006.0,True,2008.0,2005.0,True,True,Anglosphere ex-US
A5100395388,Yiming Zhang,2008,2024,11,Anglosphere ex-US,False,,True,2008.0,2010.0,True,True,Sinic
A5013255939,Julian Evans,2008,2025,4,Anglosphere ex-US,False,,False,,2008.0,True,True,
A5089111575,Shoufeng Yang,2008,2010,3,Anglosphere ex-US,False,,True,2008.0,2010.0,True,False,
A5062992824,Mauro Dragone,2005,2025,42,Anglosphere ex-US,False,,True,2005.0,2012.0,True,True,Anglosphere ex-US
A5012932239,Michael Papasimeon,2000,2026,25,Anglosphere ex-US,False,,True,2002.0,2017.0,True,True,Anglosphere ex-US
A5014017635,Jie Yin,2005,2025,87,Sinic,True,2005.0,True,2005.0,2007.0,True,True,Sinic
A5047077749,Qiankun Song,2004,2026,92,Sinic,False,,True,2004.0,2006.0,True,True,Sinic
A5004375212,Stavros Shiaeles,2012,2025,41,Continental Europe,True,2018.0,True,2012.0,2020.0,True,True,Anglosphere ex-US
A5102256054,Seonghan Ryu,2012,2022,28,Sinic,True,2018.0,True,2013.0,,False,True,
A5005394007,Sangjun Koo,2015,2019,9,Sinic,False,,True,2015.0,,False,False,
A5045521125,Hwanjo Yu,2002,2026,123,United States,True,2008.0,True,2002.0,2003.0,True,True,Sinic
A5045508648,Gary Geunbae Lee,2001,2025,108,Sinic,False,,True,2002.0,2001.0,True,True,Sinic
A5114374316,J. Jacob,2015,2015,6,Anglosphere ex-US,False,,False,,,False,False,
A5040795718,Sotirios Chatzis,2007,2024,108,Continental Europe,True,2008.0,True,2008.0,2007.0,True,True,Continental Europe
A5082080475,Dimitrios Korkinof,2011,2021,18,Anglosphere ex-US,True,2012.0,True,2012.0,2015.0,True,True,
A5016276143,Azadeh Farzan,2004,2026,70,United States,True,2009.0,True,2004.0,2023.0,True,True,Anglosphere ex-US
A5041698482,Zachary Kincaid,2010,2026,48,Anglosphere ex-US,True,2016.0,True,2013.0,2010.0,True,True,United States
A5115603095,Yiqiao Wang,2003,2025,19,Anglosphere ex-US,False,,True,2003.0,2005.0,True,True,Sinic
A5019164720,Soung Chang Liew,2009,2026,33,Sinic,False,,False,,2010.0,True,True,Sinic
A5016883501,Denız Gündüz,2009,2026,286,Continental Europe,True,2009.0,True,2010.0,2010.0,True,True,Anglosphere ex-US
A5084701574,Athanasios Staikopoulos,2004,2020,15,Anglosphere ex-US,False,,True,2008.0,2004.0,True,True,
A5015315345,Owen Conlan,2001,2026,75,Anglosphere ex-US,True,2007.0,True,2001.0,2002.0,True,True,Anglosphere ex-US
A5014621753,David Harvey,2007,2024,32,United States,True,2012.0,True,2010.0,2007.0,True,True,Anglosphere ex-US
A5001033788,Joris van der Hoeven,2006,2026,66,Continental Europe,False,,False,,2006.0,True,True,Continental Europe
A5086685207,Grégoire Lecerf,2001,2026,39,Continental Europe,False,,True,2001.0,2005.0,True,True,Continental Europe
A5089608165,Marx Viana,2015,2026,26,Other Civilizations,False,,False,,,False,True,Other Civilizations
A5088643780,Francisco Cunha,2013,2018,11,Other Civilizations,False,,False,,,False,False,
A5036159136,Wei Quan,2006,2026,31,United States,True,2012.0,True,2012.0,2006.0,True,True,Sinic
A5050651525,Nan Cheng,2016,2026,91,Anglosphere ex-US,True,2018.0,True,2016.0,2021.0,True,True,Sinic
A5100412393,Gang Liu,2002,2024,18,United States,True,2004.0,False,,2004.0,True,True,Sinic
A5038434073,Abdulrahman Alguwaizani,2010,2012,4,Anglosphere ex-US,True,2012.0,False,,2011.0,True,False,
A5080121059,Eric W.T. Ngai,2001,2026,35,Sinic,False,,True,2005.0,2001.0,True,True,Sinic
A5069848124,Linzhi Jiang,2015,2020,10,Sinic,True,2019.0,True,2016.0,2017.0,True,True,
A5070813911,Thanassis Giannetsos,2009,2026,63,Continental Europe,False,,True,2011.0,2019.0,True,True,Continental Europe
A5052233895,Bo Luo,2004,2025,107,United States,True,2006.0,True,2004.0,2006.0,True,True,United States
A5001485404,Kaitai Liang,2013,2026,163,Sinic,True,2014.0,True,2013.0,2014.0,True,True,Continental Europe
A5067205952,Jinguang Han,2005,2026,103,Sinic,True,2011.0,True,2010.0,2005.0,True,True,Sinic
A5048937469,Roberto G. de Almeida,2001,2021,9,Anglosphere ex-US,False,,False,,2001.0,True,True,Anglosphere ex-US
A5109985875,Patrick P. Hofer,2016,2018,9,Continental Europe,True,2016.0,True,2016.0,2017.0,True,False,
A5054394508,J.-R. Souquet,2014,2016,4,Continental Europe,True,2016.0,True,2014.0,,False,False,
A5053767784,Matt Luckcuck,2016,2026,30,Anglosphere ex-US,False,,True,2018.0,2016.0,True,True,Anglosphere ex-US
A5076259366,Marie Farrell,2016,2026,38,Anglosphere ex-US,False,,True,2021.0,2021.0,True,True,Anglosphere ex-US
A5112573562,Lacina Coulibaly,2001,2012,5,Anglosphere ex-US,False,,False,,2001.0,True,False,
A5019768041,Kalifa Goı̈ta,2006,2025,8,Anglosphere ex-US,False,,False,,2006.0,True,True,Anglosphere ex-US
A5033863497,Taras Kowaliw,2003,2016,25,Anglosphere ex-US,True,2007.0,True,2009.0,2003.0,True,False,
A5100345722,Yu Liu,2004,2025,69,Sinic,True,2006.0,True,2006.0,2007.0,True,True,Sinic
A5030739747,Jing Yan Haw,2012,2026,37,Anglosphere ex-US,True,2015.0,True,2014.0,2015.0,True,True,Sinic
A5011710494,Syed M. Assad,2006,2026,125,Anglosphere ex-US,True,2006.0,True,2007.0,2010.0,True,True,Anglosphere ex-US
A5065017416,Omid Kavehei,2008,2026,23,Islamic,False,,True,2008.0,2018.0,True,True,Anglosphere ex-US
A5056324053,Ernesto Jiménez-Ruiz,2006,2025,221,Continental Europe,True,2006.0,True,2007.0,2009.0,True,True,Anglosphere ex-US
A5046070799,Ismael Sanz,2002,2016,38,Continental Europe,False,,True,2007.0,2007.0,True,False,
A5089891162,Melike Erol‐Kantarci,2010,2026,40,Islamic,True,2010.0,True,2010.0,2020.0,True,True,Anglosphere ex-US
A5074730230,John Businge,2012,2025,7,Continental Europe,True,2016.0,True,2018.0,2013.0,True,True,Continental Europe
A5038395521,Alexandre Decan,2008,2024,35,Continental Europe,False,,True,2014.0,2013.0,True,True,Continental Europe
A5042827940,Coen De Roover,2005,2026,100,Continental Europe,False,,True,2005.0,2009.0,True,True,Continental Europe
A5071052367,Foutse Khomh,2007,2026,197,Anglosphere ex-US,True,2010.0,True,2008.0,2007.0,True,True,Anglosphere ex-US
A5008000184,Dyan Currie,2012,2014,9,Anglosphere ex-US,False,,False,,2012.0,True,False,
A5113597664,Fan Wu,2008,2025,28,Sinic,False,,True,2015.0,2009.0,True,True,Sinic
A5066734699,Christopher L. Kirkland,2005,2026,262,Anglosphere ex-US,True,2007.0,True,2005.0,2007.0,True,True,Anglosphere ex-US
A5058417404,Adam Bath,2005,2023,16,Anglosphere ex-US,False,,True,2013.0,2005.0,True,True,Anglosphere ex-US
A5069280291,Kai Rankenburg,2004,2025,22,Continental Europe,False,,False,,2004.0,True,True,Anglosphere ex-US
A5044889270,Hristina Palikareva,2011,2014,4,Anglosphere ex-US,False,,True,2011.0,,False,False,
A5053355200,Cristian Cadar,2004,2025,25,United States,True,2008.0,True,2004.0,2004.0,True,True,Anglosphere ex-US
A5000450888,Evaggelos V. Hatzikos,2005,2008,5,Continental Europe,False,,True,2007.0,,False,False,
A5052594698,Naif Alajlan,2011,2023,38,Islamic,False,,True,2012.0,2011.0,True,True,Islamic
A5113937181,Michele Romano,2008,2022,6,Sinic,True,2011.0,True,2011.0,2012.0,True,True,Anglosphere ex-US
A5039472305,Kai Liu,2013,2016,3,Sinic,False,,True,2016.0,,False,False,
A5068834591,Austin P. Lund,2002,2025,74,Anglosphere ex-US,True,2007.0,True,2002.0,2007.0,True,True,Anglosphere ex-US
A5101777570,Yongjian Gu,2002,2026,97,Sinic,False,,True,2002.0,2005.0,True,True,Sinic
A5053389289,Nikolett Német,2016,2024,11,Anglosphere ex-US,False,,True,2016.0,,False,True,Continental Europe
A5037208593,Indrė Žliobaitė,2005,2025,67,Continental Europe,True,2011.0,True,2010.0,2005.0,True,True,Continental Europe
A5088563106,Alan Champneys,2007,2024,7,Continental Europe,True,2007.0,False,,2020.0,True,True,
A5011556172,Davide Chicco,2012,2026,46,Continental Europe,True,2014.0,True,2013.0,2020.0,True,True,Anglosphere ex-US
A5045802198,Luca Oneto,2010,2026,148,Continental Europe,False,,True,2010.0,2014.0,True,True,Continental Europe
A5014224000,Felix Fischer,2004,2021,19,Continental Europe,False,,True,2004.0,2006.0,True,True,
A5055269456,Suwon Lee,2014,2025,7,Sinic,False,,True,2014.0,2020.0,True,True,Sinic
A5054673275,Seok-Won Lee,2004,2025,63,United States,True,2009.0,True,2006.0,2006.0,True,True,Sinic
A5052297631,Yongsu Han,2009,2024,4,Sinic,False,,False,,,False,True,Sinic
A5061358431,Paul Alexandre,2003,2026,35,Anglosphere ex-US,False,,True,2004.0,2005.0,True,True,Anglosphere ex-US
A5055865254,Miriam A. Golden,2007,2019,3,United States,False,,False,,2007.0,True,False,
A5101758340,Haichao Zhang,2012,2025,13,Sinic,False,,False,,2019.0,True,True,Sinic
A5001762132,Kuangrong Hao,2007,2026,143,Sinic,False,,False,,2007.0,True,True,Sinic
A5002631807,Lei Gao,2005,2025,43,Sinic,True,2010.0,True,2010.0,2007.0,True,True,Anglosphere ex-US
A5059767811,Claudia Ermel,2000,2024,58,Continental Europe,False,,True,2004.0,2001.0,True,True,Continental Europe
A5076872390,Karsten Ehrig,2004,2024,28,Continental Europe,True,2006.0,True,2004.0,2005.0,True,True,Continental Europe
A5109496264,David Meger,2007,2026,73,Anglosphere ex-US,False,,True,2009.0,2017.0,True,True,Anglosphere ex-US
A5031886006,Sebastian von Mammen,2005,2025,37,Continental Europe,True,2007.0,True,2009.0,2006.0,True,True,Continental Europe
A5009246414,Ngoc Bao Bui,2005,2008,8,Anglosphere ex-US,False,,False,,2005.0,True,False,
A5101705580,Jordan Doyle,2007,2009,2,Anglosphere ex-US,False,,True,2007.0,,False,False,
A5008193935,Joe Weakliam,2005,2007,3,Anglosphere ex-US,False,,True,2005.0,,False,False,
A5007719662,Michela Bertolotto,2003,2025,59,Anglosphere ex-US,False,,True,2004.0,2004.0,True,True,Anglosphere ex-US
A5109851187,Matthew D. Hoffman,2007,2024,68,Anglosphere ex-US,True,2010.0,True,2007.0,2010.0,True,True,United States
A5082304130,Nando de Freitas,2000,2023,187,United States,True,2002.0,True,2000.0,2002.0,True,True,Anglosphere ex-US
A5107447023,Yvonne Freer,2008,2014,9,Anglosphere ex-US,False,,True,2008.0,2009.0,True,False,
A5017269696,Marian van der Meulen,2008,2008,6,Anglosphere ex-US,False,,False,,2008.0,True,False,
A5079066445,François Portet,2006,2025,155,Anglosphere ex-US,True,2009.0,True,2007.0,2007.0,True,True,Continental Europe
A5042269190,Somayajulu Sripada,2001,2026,68,Anglosphere ex-US,False,,True,2003.0,2002.0,True,True,Anglosphere ex-US
A5044489150,Cindy Sykes,2008,2012,7,Anglosphere ex-US,False,,True,2011.0,2008.0,True,False,
A5078285166,Christian Weiß,2000,2025,61,Continental Europe,False,,True,2000.0,2003.0,True,True,Continental Europe
A5057144969,Amin Sakzad,2009,2026,99,Islamic,True,2013.0,True,2010.0,2010.0,True,True,Anglosphere ex-US
A5045861660,Shabnam Kasra Kermanshahi,2014,2025,32,Islamic,True,2017.0,True,2015.0,2019.0,True,True,Anglosphere ex-US
A5013548422,Ron Steinfeld,2000,2026,174,Anglosphere ex-US,False,,True,2002.0,2002.0,True,True,Anglosphere ex-US
A5110752696,Raj Gaire,2015,2023,17,Anglosphere ex-US,False,,True,2018.0,2020.0,True,True,Anglosphere ex-US
A5031368885,Kevin W. Boyack,2000,2022,31,United States,False,,True,2002.0,2003.0,True,True,United States
A5084128166,Russell J. Duhon,2008,2011,3,United States,False,,True,2011.0,,False,False,
A5071451025,Richard Klavans,2005,2022,10,United States,False,,True,2006.0,2010.0,True,True,United States
A5069956136,Joseph R. Biberstine,2011,2013,2,United States,False,,True,2011.0,,False,False,
A5066502063,André Skupin,2001,2017,16,United States,False,,True,2001.0,2002.0,True,False,
A5045161679,Nianli Ma,2002,2011,4,United States,False,,False,,2002.0,True,False,
A5070960013,Ba-Tuong Vo,2005,2026,124,Anglosphere ex-US,False,,True,2007.0,2008.0,True,True,Anglosphere ex-US
A5072792589,Ba‐Ngu Vo,2001,2026,197,Anglosphere ex-US,False,,True,2003.0,2006.0,True,True,Anglosphere ex-US
A5049821685,Emmanuel Filiot,2007,2026,100,Continental Europe,False,,True,2008.0,2008.0,True,True,Continental Europe
A5039842635,Pierre-Alain Reynier,2008,2026,49,Continental Europe,False,,True,2010.0,2008.0,True,True,Continental Europe
A5104081796,Rik Sarkar,2013,2026,41,Anglosphere ex-US,False,,True,2013.0,2016.0,True,True,Anglosphere ex-US
A5071169424,Stefano Chesi,2009,2025,29,Continental Europe,True,2014.0,True,2010.0,2021.0,True,True,Sinic
A5038778166,W. A. Coish,2006,2025,36,Continental Europe,True,2009.0,True,2006.0,2012.0,True,True,Anglosphere ex-US
A5014081539,Heidar Davoudi,2014,2026,29,Sinic,True,2015.0,True,2018.0,2020.0,True,True,Anglosphere ex-US
A5037298220,Morteza Zihayat,2011,2026,46,Islamic,True,2011.0,True,2015.0,2011.0,True,True,Anglosphere ex-US
A5037200012,Evert van Nieuwenburg,2011,2026,50,Continental Europe,False,,True,2015.0,2017.0,True,True,Continental Europe
A5017852992,Abdul Munir,2016,2023,9,Islamic,True,2019.0,False,,2017.0,True,True,Islamic
A5068554641,Gonzalo Ruíz-Filippi,2003,2025,6,United States,True,2003.0,False,,,False,True,Continental Europe
A5010920313,Shachar Itzhaky,2010,2026,39,Other Western,True,2015.0,True,2013.0,2021.0,True,True,Other Western
A5015039086,Lei Bi,2013,2026,35,Islamic,True,2013.0,True,2016.0,2018.0,True,True,Anglosphere ex-US
A5100391054,Qian Wang,2004,2025,93,Sinic,True,2007.0,False,,2004.0,True,True,Sinic
A5100614820,Jinman Kim,2000,2026,131,Anglosphere ex-US,True,2003.0,True,2008.0,2011.0,True,True,Anglosphere ex-US
A5086312071,Yasaman Amannejad,2014,2026,13,Anglosphere ex-US,False,,True,2019.0,2020.0,True,True,Anglosphere ex-US
A5001117576,Diwakar Krishnamurthy,2002,2026,10,Anglosphere ex-US,False,,False,,2021.0,True,True,Anglosphere ex-US
A5086271753,Aygul Gabdulkhakova,2011,2011,3,Continental Europe,False,,False,,,False,False,
A5035338424,Norris Syed Abdullah,2011,2024,13,Anglosphere ex-US,True,2012.0,True,2012.0,2011.0,True,True,Islamic
A5066696423,M. Albrecht,2008,2026,111,Anglosphere ex-US,True,2011.0,True,2009.0,2008.0,True,True,Anglosphere ex-US
A5112446252,Ralf-Philipp Weinmann,2004,2018,30,Continental Europe,False,,True,2007.0,2004.0,True,False,
A5039374886,Genaína Nunes Rodrigues,2004,2026,48,Anglosphere ex-US,True,2010.0,True,2004.0,2012.0,True,True,Other Civilizations
A5013103539,Patrizio Pelliccione,2001,2026,193,Continental Europe,True,2007.0,True,2003.0,2001.0,True,True,Continental Europe
A5100433194,Jun Zhang,2006,2025,14,United States,True,2009.0,False,,2013.0,True,True,Sinic
A5100711527,Xiaodong Li,2007,2025,22,Sinic,False,,True,2009.0,2013.0,True,True,Sinic
A5064785724,Wei Hou,2005,2019,20,Sinic,True,2010.0,False,,2005.0,True,False,
A5072710254,Hongbin Dong,2004,2026,85,Sinic,False,,True,2006.0,2004.0,True,True,Sinic
A5024736673,Feidun He,2013,2013,2,Sinic,False,,False,,2013.0,True,False,
A5012722073,Faisal Alshuwaier,2011,2026,6,Islamic,False,,True,2017.0,,False,True,Islamic
A5017477052,Ali Areshey,2011,2024,8,Islamic,False,,True,2017.0,2011.0,True,True,Islamic
A5042448109,Iain McDonald,2003,2022,4,Anglosphere ex-US,False,,False,,2003.0,True,True,
A5025679572,Mahdi Ebrahimi,2008,2024,9,Islamic,True,2011.0,False,,2019.0,True,True,United States
A5004935139,Mohammad Reza Ghaemi,2007,2026,3,Islamic,True,2011.0,True,2007.0,2026.0,True,True,Islamic
A5025751512,Esmaeil Ebrahimie,2011,2018,2,Islamic,False,,True,2018.0,2011.0,True,False,
A5002087212,Michał Moskal,2007,2025,30,Continental Europe,True,2008.0,True,2008.0,2007.0,True,True,United States
A5023880427,MingJian Tang,2011,2025,18,Islamic,True,2017.0,True,2017.0,2022.0,True,True,Anglosphere ex-US
A5021042528,Mingshan You,2014,2026,12,Sinic,False,,True,2021.0,2014.0,True,True,Anglosphere ex-US
A5100734609,Qing Li,2001,2026,97,Sinic,True,2005.0,False,,2001.0,True,True,Sinic
A5023199578,He Huang,2002,2025,5,Sinic,False,,False,,,False,True,Sinic
A5100713350,Ruoyu Li,2009,2024,35,Sinic,True,2015.0,True,2013.0,2009.0,True,True,Sinic
A5089781142,Jianhui Lv,2013,2026,34,Sinic,False,,False,,2013.0,True,True,Sinic
A5068061222,Lianbo Ma,2013,2025,88,Sinic,False,,True,2014.0,2013.0,True,True,Sinic
A5030313547,Frank Schlawin,2012,2026,49,United States,True,2013.0,True,2013.0,2016.0,True,True,Continental Europe
A5032668825,Olivier Maloyer,2007,2008,2,Continental Europe,True,2007.0,True,2007.0,2008.0,True,False,
A5025637911,Viv Kendon,2001,2025,117,Anglosphere ex-US,True,2003.0,True,2001.0,2003.0,True,True,Anglosphere ex-US
A5088731268,Raian Ali,2006,2026,98,Continental Europe,True,2006.0,True,2008.0,2010.0,True,True,Islamic
A5012055259,Preslav Nakov,2000,2026,628,Continental Europe,True,2003.0,True,2002.0,2000.0,True,True,Islamic
A5010387856,Mark Karpenko,2006,2026,8,Anglosphere ex-US,True,2009.0,False,,2015.0,True,True,United States
A5062917240,Hang Yu,2003,2026,122,Anglosphere ex-US,True,2003.0,False,,2018.0,True,True,Sinic
A5019857678,Marta Indulska,2002,2026,49,Anglosphere ex-US,True,2005.0,True,2005.0,2004.0,True,True,Anglosphere ex-US
A5019315257,Soumaya Yacout,2009,2022,131,Anglosphere ex-US,True,2010.0,True,2015.0,2010.0,True,True,Anglosphere ex-US
A5030985663,Hiba Massoud,2010,2021,4,Islamic,False,,False,,,False,True,Anglosphere ex-US
A5031677703,Sathyakama Sandilya,2002,2012,8,Continental Europe,False,,True,2005.0,2004.0,True,False,
A5045516900,Radu Stefan Niculescu,2002,2008,16,United States,True,2006.0,True,2004.0,2005.0,True,False,
A5085301116,Colin Germond,2002,2003,2,Anglosphere ex-US,False,,False,,,False,False,
A5001883078,Shahram Shah Heydari,2010,2025,13,Anglosphere ex-US,False,,False,,2013.0,True,True,Anglosphere ex-US
A5088109450,Khalil El‐Khatib,2003,2026,52,Anglosphere ex-US,True,2004.0,True,2003.0,2005.0,True,True,Anglosphere ex-US
A5062404338,Markus Krug,2011,2022,15,Continental Europe,False,,False,,2020.0,True,True,Continental Europe
A5071530444,Lukas Weimer,2015,2026,17,Continental Europe,False,,False,,2015.0,True,True,Continental Europe
A5071122608,Subramanian Ramamoorthy,2002,2025,143,United States,True,2008.0,True,2008.0,2002.0,True,True,Anglosphere ex-US
A5101763755,Leonardo B. Oliveira,2007,2024,16,Other Civilizations,False,,True,2007.0,2013.0,True,True,Other Civilizations
A5020557476,Diego F. Aranha,2007,2026,134,Other Civilizations,False,,True,2007.0,2007.0,True,True,Continental Europe
A5000650992,Conrado P. L. Gouvêa,2009,2015,10,Other Civilizations,False,,True,2009.0,2010.0,True,False,
A5066413340,Danilo F. Câmara,2010,2013,2,Other Civilizations,False,,True,2010.0,,False,False,
A5082658161,Katarzyna Macieszczak,2013,2026,22,Anglosphere ex-US,True,2014.0,True,2014.0,2013.0,True,True,Anglosphere ex-US
A5082942306,Jiří Minář,2007,2026,31,Continental Europe,True,2011.0,True,2007.0,2019.0,True,True,Continental Europe
A5015979351,Igor Lesanovsky,2004,2026,131,Continental Europe,True,2009.0,True,2005.0,2010.0,True,True,Continental Europe
A5002708616,Todd Arnold,2004,2023,8,United States,False,,True,2004.0,2008.0,True,True,
A5046100948,Arpit Gupta,2009,2026,51,Hindu,False,,True,2014.0,2013.0,True,True,United States
A5053580201,Matt Calder,2009,2025,13,United States,False,,True,2009.0,2020.0,True,True,United States
A5026251377,Vasileios Giotsas,2011,2023,26,Anglosphere ex-US,True,2015.0,True,2012.0,2014.0,True,True,Anglosphere ex-US
A5045165255,Ethan Katz-Bassett,2008,2026,43,United States,True,2014.0,True,2008.0,2014.0,True,True,United States
A5083455510,Christopher Bennett,2014,2022,3776,Anglosphere ex-US,False,,True,2014.0,2020.0,True,True,Anglosphere ex-US
A5009361897,Stefan Strecker,2003,2022,29,Anglosphere ex-US,True,2007.0,True,2004.0,2003.0,True,True,Continental Europe
A5021356456,Mark L. Taper,2004,2025,23,United States,False,,True,2006.0,2004.0,True,True,United States
A5103104807,Brian Dennis,2006,2026,12,United States,False,,True,2006.0,2009.0,True,True,United States
A5101465301,Bo Zu,2013,2025,20,Sinic,False,,True,2016.0,2014.0,True,True,Sinic
A5031052065,Alla Dolgopolova,2004,2025,50,Anglosphere ex-US,False,,True,2004.0,2005.0,True,True,Anglosphere ex-US
A5102004310,Abubakar Siddique,2015,2026,17,Islamic,True,2020.0,True,2021.0,2015.0,True,True,Anglosphere ex-US
A5023718023,Ryan J. Urbanowicz,2008,2026,82,United States,True,2013.0,True,2009.0,2012.0,True,True,United States
A5010809905,J. J. M. Varga,2013,2021,6,Other Civilizations,False,,True,2013.0,,False,True,Continental Europe
A5018514550,Nora Tischler,2013,2026,53,Anglosphere ex-US,True,2016.0,True,2015.0,2016.0,True,True,Anglosphere ex-US
A5083339333,Gabriel Molina‐Terriza,2001,2026,36,Continental Europe,True,2004.0,True,2001.0,2003.0,True,True,Continental Europe
A5035196790,Steven Ramsay,2010,2026,36,Anglosphere ex-US,False,,True,2012.0,2010.0,True,True,Anglosphere ex-US
A5100716640,Bei Wang,2003,2021,14,Anglosphere ex-US,True,2008.0,True,2011.0,2013.0,True,True,Sinic
A5016638418,Walter C. Sá,2003,2015,5,United States,False,,False,,2010.0,True,False,
A5091556790,Richard Nickl,2006,2025,40,United States,True,2006.0,False,,2006.0,True,True,Anglosphere ex-US
A5045684144,Declan Dagger,2002,2020,13,Anglosphere ex-US,False,,True,2002.0,,False,True,
A5023741297,Avideh Sabeti,2012,2014,3,Anglosphere ex-US,False,,False,,2012.0,True,False,
A5028291417,Fariba Shadabi,2004,2014,12,Anglosphere ex-US,False,,True,2004.0,2008.0,True,False,
A5087977913,Dharmendra Sharma,2001,2024,143,Anglosphere ex-US,True,2001.0,False,,2002.0,True,True,Anglosphere ex-US
A5011295249,Andrew Gadsden,2009,2022,4,Anglosphere ex-US,False,,False,,,False,True,Anglosphere ex-US
A5064349407,Saeid Habibi,2003,2025,57,Anglosphere ex-US,True,2005.0,False,,2003.0,True,True,Anglosphere ex-US
A5012418718,Darcy Dunne,2008,2013,11,Anglosphere ex-US,False,,True,2013.0,2008.0,True,False,
A5012108478,Alan Wassyng,2003,2025,28,Anglosphere ex-US,False,,False,,2003.0,True,True,Anglosphere ex-US
A5087660741,Mark Lawford,2005,2026,39,Anglosphere ex-US,False,,False,,2009.0,True,True,Anglosphere ex-US
A5002464493,Vera Pantelic,2014,2026,17,Anglosphere ex-US,False,,False,,2014.0,True,True,Anglosphere ex-US
A5110560654,Andrew R. Knox,2012,2015,2,Anglosphere ex-US,False,,False,,2012.0,True,False,
A5021986478,Veronika A. Zimmer,2013,2025,27,Continental Europe,True,2018.0,True,2014.0,2024.0,True,True,Continental Europe
A5015909611,Jacqueline Matthew,2016,2025,41,Anglosphere ex-US,True,2018.0,True,2016.0,,False,True,Anglosphere ex-US
A5078127596,Bernhard Kainz,2010,2026,158,Continental Europe,True,2014.0,True,2012.0,2015.0,True,True,Anglosphere ex-US
A5006461848,Daniel Rueckert,2000,2026,354,Anglosphere ex-US,False,,True,2000.0,2008.0,True,True,Continental Europe
A5019012882,Julia A. Schnabel,2000,2026,123,Anglosphere ex-US,False,,True,2000.0,2011.0,True,True,Continental Europe
A5091165056,Ludovico Franco,2011,2026,33,Continental Europe,False,,True,2017.0,2012.0,True,True,Continental Europe
A5015899120,Ian Osband,2012,2026,59,United States,True,2016.0,True,2018.0,2020.0,True,True,Anglosphere ex-US
A5064291252,Jennifer Stone,2002,2025,78,Anglosphere ex-US,True,2007.0,True,2002.0,2018.0,True,True,Anglosphere ex-US
A5072769752,Ana Pereira,2011,2022,6,Continental Europe,True,2015.0,True,2017.0,2011.0,True,True,Other Civilizations
A5017174447,María Luisa Garmendia,2014,2021,15,Other Civilizations,True,2016.0,True,2017.0,,False,True,
A5060376466,John H. Hipwell,2006,2021,35,Anglosphere ex-US,True,2011.0,True,2008.0,,False,True,
A5012052432,Caroline Dickens,2014,2021,18,Other Civilizations,True,2014.0,True,2017.0,,False,True,
A5036196639,Joachim Schüz,2015,2024,9,Continental Europe,False,,True,2017.0,2019.0,True,True,Continental Europe
A5072226926,Kimberly A. Bertrand,2012,2025,47,United States,False,,True,2013.0,2024.0,True,True,United States
A5056934110,Beatriz Pérez‐Gómez,2011,2025,17,Continental Europe,False,,True,2014.0,,False,True,Continental Europe
A5023648983,Marina Pollán,2010,2025,28,Continental Europe,False,,True,2010.0,2011.0,True,True,Continental Europe
A5034610853,Soo‐Hwang Teo,2015,2026,13,Islamic,False,,True,2017.0,2015.0,True,True,Islamic
A5005227696,Shivaani Mariapun,2015,2024,21,Islamic,True,2015.0,True,2015.0,,False,True,Islamic
A5087872892,Nur Aishah Mohd Taib,2012,2025,31,Islamic,False,,True,2015.0,2012.0,True,True,Islamic
A5080864977,Martín Lajous,2015,2021,6,Other Civilizations,True,2015.0,True,2017.0,2021.0,True,True,Other Civilizations
A5030951044,Ruy Lopez-Riduara,2015,2021,15,Other Civilizations,False,,False,,,False,True,
A5103137294,Megan S. Rice,2014,2023,10,United States,False,,True,2017.0,,False,True,United States
A5048674157,Isabelle Romieu,2015,2023,4,Continental Europe,False,,False,,2023.0,True,True,
A5024561733,Anath Flugelman,2015,2023,16,Other Western,False,,True,2017.0,,False,True,Other Western
A5078351667,Samera Azeem Qureshi,2009,2021,17,Continental Europe,False,,True,2011.0,2009.0,True,True,
A5090363762,Eun-Jung Lee,2016,2016,3,United States,False,,False,,,False,False,
A5108568243,Reza Sirous,2015,2021,16,Islamic,False,,True,2017.0,,False,True,
A5108074607,Mehri Sirous,2012,2021,6,Islamic,False,,True,2017.0,2014.0,True,True,
A5100766473,Jong Won Lee,2002,2022,12,Continental Europe,False,,False,,2002.0,True,True,Sinic
A5100320578,Jisun Kim,2015,2022,5,Sinic,False,,True,2017.0,,False,True,Sinic
A5104013659,Dorria Salem,2015,2021,14,Islamic,False,,True,2017.0,,False,True,
A5063649957,Rasha Kamal,2007,2025,20,Islamic,False,,False,,2012.0,True,True,Islamic
A5013699285,Mikael Hartman,2012,2026,29,Sinic,True,2013.0,True,2013.0,2015.0,True,True,Sinic
A5056842246,Chisato Nagata,2002,2021,11,Japanese,False,,True,2002.0,2006.0,True,True,
A5009860490,Sudhir Vinayak,2015,2025,17,Other Civilizations,False,,True,2017.0,,False,True,
A5037078105,Rose Ndumia,2015,2021,17,Other Civilizations,False,,True,2017.0,,False,True,
A5109857260,Johanna O. P. Wanders,2015,2018,7,Continental Europe,False,,True,2016.0,2017.0,True,False,
A5022987115,Beata Pepłońska,2015,2023,18,Continental Europe,False,,True,2017.0,,False,True,
A5018561788,Agnieszka Bukowska,2015,2023,6,Continental Europe,False,,True,2017.0,,False,True,
A5059454828,Steve Allen,2010,2021,9,Anglosphere ex-US,False,,True,2014.0,2010.0,True,True,
A5032932413,Sarah Vinnicombe,2008,2023,24,Anglosphere ex-US,False,,True,2009.0,2016.0,True,True,Anglosphere ex-US
A5012685334,Anna M. Chiarelli,2006,2021,29,Anglosphere ex-US,False,,True,2006.0,2012.0,True,True,Anglosphere ex-US
A5041307725,Linda Linton,2011,2021,18,Anglosphere ex-US,True,2015.0,True,2017.0,,False,True,
A5001854734,Isabel dos‐Santos‐Silva,2005,2023,43,Anglosphere ex-US,True,2010.0,True,2013.0,2005.0,True,True,Anglosphere ex-US
A5066190049,Valerie McCormack,2007,2025,36,Anglosphere ex-US,True,2009.0,True,2007.0,2012.0,True,True,Continental Europe
A5008912383,Luan Cardoso dos Santos,2015,2023,13,Other Civilizations,True,2020.0,True,2020.0,2015.0,True,True,Continental Europe
A5083894517,Vesselin Velichkov,2007,2026,32,Continental Europe,False,,True,2011.0,2007.0,True,True,Anglosphere ex-US
A5114375970,J. Monk,2006,2014,4,Anglosphere ex-US,False,,False,,2006.0,True,False,
A5038125464,И. А. Иванов,2007,2024,5,Anglosphere ex-US,False,,False,,,False,True,Sinic
A5033442931,Stylianos I. Venieris,2015,2026,31,Anglosphere ex-US,True,2019.0,True,2019.0,2018.0,True,True,Anglosphere ex-US
A5041150785,Christos-Savvas Bouganis,2005,2025,64,Anglosphere ex-US,False,,False,,2008.0,True,True,Anglosphere ex-US
A5087385370,Jade Abbott,2012,2025,23,Other Civilizations,False,,False,,2019.0,True,True,
A5068811427,Graham Neubig,2009,2025,638,Japanese,False,,True,2010.0,2010.0,True,True,United States
A5048307591,Julia Kreutzer,2015,2026,77,Continental Europe,True,2017.0,True,2015.0,2017.0,True,True,United States
A5025240237,Constantine Lignos,2009,2026,64,United States,False,,True,2009.0,2010.0,True,True,United States
A5014428509,Shruti Rijhwani,2016,2025,49,United States,True,2016.0,True,2016.0,2017.0,True,True,United States
A5037310413,Sebastian Ruder,2016,2025,174,Anglosphere ex-US,True,2018.0,True,2016.0,2016.0,True,True,United States
A5039544387,Seid Muhie Yimam,2013,2025,91,Continental Europe,True,2016.0,True,2013.0,2014.0,True,True,Continental Europe
A5041050521,Ignatius Ezeani,2015,2026,18,Anglosphere ex-US,True,2020.0,True,2021.0,2015.0,True,True,Anglosphere ex-US
A5061553529,Abdoulaye Baniré Diallo,2006,2026,37,Anglosphere ex-US,False,,False,,2015.0,True,True,Anglosphere ex-US
A5051275317,Solon P. Pissis,2008,2026,253,Anglosphere ex-US,True,2010.0,True,2010.0,2008.0,True,True,Continental Europe
A5001423258,German Tischler,2005,2017,25,Continental Europe,True,2010.0,True,2012.0,2005.0,True,False,
A5089250692,Ralf Sasse,2005,2026,43,United States,True,2007.0,True,2007.0,2005.0,True,True,Continental Europe
A5001348110,Mamatha Rudrapatna,2003,2008,6,Anglosphere ex-US,False,,False,,,False,False,
A5073877485,Peter J. Wilson,2003,2008,4,Anglosphere ex-US,False,,False,,2005.0,True,False,
A5112569852,Maja Vuković,2004,2026,25,Anglosphere ex-US,True,2007.0,True,2005.0,2004.0,True,True,United States
A5003333300,Matthew R. Jones,2016,2026,11,Anglosphere ex-US,False,,False,,2023.0,True,True,Anglosphere ex-US
A5054095321,David Randell,2016,2021,4,Anglosphere ex-US,True,2021.0,False,,,False,True,Continental Europe
A5087372726,Arouna Woukeu,2003,2006,15,Anglosphere ex-US,False,,True,2004.0,2004.0,True,False,
A5030271887,Chrisantha Fernando,2003,2023,24,Anglosphere ex-US,False,,True,2003.0,2011.0,True,True,
A5101457217,Erik Jönsson,2001,2022,31,Continental Europe,False,,False,,2001.0,True,True,Continental Europe
A5089852838,Stefan Lüth,2003,2025,39,Continental Europe,False,,True,2009.0,2003.0,True,True,Continental Europe
A5030767389,Karin Högdahl,2000,2024,56,Continental Europe,False,,True,2001.0,2000.0,True,True,Continental Europe
A5039561215,Daniel T. Wise,2002,2021,4,United States,True,2003.0,False,,2002.0,True,True,Anglosphere ex-US
A5026630522,Xiang Li,2011,2026,23,Sinic,True,2016.0,True,2011.0,2023.0,True,True,Sinic
A5054482111,Dawei Yin,2009,2025,128,United States,True,2010.0,True,2009.0,2018.0,True,True,Sinic
A5010982526,C. Lucena,2000,2005,2,United States,True,2000.0,False,,2000.0,True,False,
A5080216035,H. K. Hsiao,2003,2020,8,Sinic,False,,False,,,False,True,
A5114248527,Y.T. Yeh,2003,2005,4,Anglosphere ex-US,True,2003.0,False,,,False,False,
A5042991251,Andrea Ongaro,2003,2026,38,Continental Europe,False,,False,,2003.0,True,True,Continental Europe
A5065974086,Maged N. Kamel Boulos,2002,2026,30,Anglosphere ex-US,False,,True,2002.0,2003.0,True,True,Continental Europe
A5082364049,Dyaa Albakour,2011,2020,13,Anglosphere ex-US,False,,True,2011.0,2016.0,True,True,
A5045743359,P B Holman,2004,2007,6,Anglosphere ex-US,False,,False,,,False,False,
A5035729425,Frank Z. Wang,2007,2025,18,Anglosphere ex-US,True,2007.0,True,2014.0,2008.0,True,True,Anglosphere ex-US
A5035999944,Rudradeb Mitra,2003,2006,6,Continental Europe,True,2006.0,True,2005.0,2006.0,True,False,
A5073888000,Paweł Mirosław Stano,2010,2018,6,Continental Europe,False,,True,2012.0,2018.0,True,False,
A5073673085,Adam K. Tilton,2012,2013,4,United States,False,,True,2013.0,,False,False,
A5072658245,Hans-Georg Fill,2005,2026,62,Continental Europe,True,2011.0,True,2012.0,2005.0,True,True,Continental Europe
A5101471505,Dimitris Karagiannis,2000,2023,42,Continental Europe,False,,False,,2000.0,True,True,Continental Europe
A5061001401,Marcin Żukowski,2005,2026,18,Continental Europe,False,,True,2005.0,2005.0,True,True,
A5078653896,Sándor Héman,2005,2015,9,Continental Europe,False,,True,2006.0,2005.0,True,False,
A5060631912,Yu Lei,2008,2025,30,United States,False,,True,2008.0,2012.0,True,True,United States
A5009370086,Dimitris E. Simos,2013,2025,37,Continental Europe,False,,True,2019.0,2013.0,True,True,Continental Europe
A5074863085,Benjamin Bigot,2010,2022,22,Continental Europe,True,2015.0,True,2010.0,2011.0,True,True,Continental Europe
A5009913310,Grégory Senay,2006,2025,28,Continental Europe,False,,True,2013.0,2006.0,True,True,Anglosphere ex-US
A5102920772,Richard Dufour,2008,2026,147,Continental Europe,False,,True,2009.0,2008.0,True,True,Continental Europe
A5054166029,Sahand Mahmoodian,2014,2026,31,Continental Europe,False,,True,2014.0,2019.0,True,True,Anglosphere ex-US
A5083419995,Darrick E. Chang,2004,2026,77,United States,False,,True,2008.0,2013.0,True,True,Continental Europe
A5037914527,Klemens Hammerer,2002,2026,82,Continental Europe,False,,True,2002.0,2006.0,True,True,Continental Europe
A5074117281,Xiaobin Xu,2006,2026,54,Sinic,False,,True,2014.0,2006.0,True,True,Sinic
A5101923452,Zhenjie Zhang,2013,2024,11,Sinic,False,,False,,2020.0,True,True,Sinic
A5078676783,Rémi Bonnet,2010,2013,8,Continental Europe,False,,False,,2011.0,True,False,
A5012980109,Dario Bonino,2003,2018,27,Continental Europe,False,,True,2004.0,2006.0,True,False,
A5082534511,Vincenzo Ciancia,2007,2026,61,Continental Europe,True,2012.0,True,2008.0,2011.0,True,True,Continental Europe
A5012357754,Bernhard Ebneth,2014,2017,2,Continental Europe,False,,False,,2017.0,True,False,
A5074957845,Christine Gruber,2014,2025,2,Continental Europe,False,,False,,2025.0,True,True,
A5059763510,Matthias Reinert,2014,2017,4,Continental Europe,False,,False,,2014.0,True,False,
A5020740517,Yuta Tsuboi,2002,2025,32,Japanese,True,2008.0,True,2008.0,2002.0,True,True,Japanese
A5031707680,Hisashi Kashima,2002,2026,173,United States,True,2004.0,True,2002.0,2004.0,True,True,Japanese
A5064852448,Steffen Bickel,2004,2018,23,Continental Europe,False,,True,2005.0,2007.0,True,False,
A5100674840,Ignacio López Paniagua,2006,2024,12,Continental Europe,False,,True,2007.0,2006.0,True,True,Continental Europe
A5055706093,Rubén Salvador,2006,2026,25,Continental Europe,False,,True,2006.0,2016.0,True,True,Continental Europe
A5113692968,Jaime Alarcón,2006,2007,2,Continental Europe,False,,True,2006.0,2007.0,True,False,
A5050483131,Meritxell Bach Cuadra,2002,2026,67,Continental Europe,False,,True,2005.0,2011.0,True,True,Continental Europe
A5077913776,Marie Schaer,2008,2018,5,Continental Europe,False,,True,2009.0,2018.0,True,False,
A5031452363,Laurent Guibaud,2008,2015,3,Continental Europe,False,,True,2009.0,,False,False,
A5040553801,Stéphan Eliez,2008,2025,3,Continental Europe,False,,True,2009.0,,False,True,Continental Europe
A5048970390,Roman Hornung,2013,2026,20,Continental Europe,False,,True,2020.0,2016.0,True,True,Continental Europe
A5015152016,Anne‐Laure Boulesteix,2005,2026,73,Continental Europe,False,,True,2006.0,2005.0,True,True,Continental Europe
A5043223217,David Causeur,2003,2022,13,Continental Europe,False,,False,,2006.0,True,True,Continental Europe
A5102048754,Guang‐Jie Ren,2014,2026,18,Sinic,True,2017.0,True,2017.0,2014.0,True,True,United States
A5065373932,Eli Pociello,2002,2008,10,Continental Europe,False,,False,,2002.0,True,False,
A5021486887,Paolo Arcaini,2010,2026,122,Continental Europe,False,,True,2010.0,2013.0,True,True,Japanese
A5070308552,Catia Trubiani,2008,2026,72,Continental Europe,True,2014.0,True,2011.0,2008.0,True,True,Continental Europe
A5020823954,Anthony Ventresque,2005,2026,51,Continental Europe,False,,False,,2006.0,True,True,Anglosphere ex-US
A5060519732,Rachid El Bansarkhani,2012,2020,31,Continental Europe,False,,True,2014.0,2012.0,True,True,
A5036402562,Klavdija Kutnar,2006,2023,42,Continental Europe,False,,True,2006.0,2021.0,True,True,Continental Europe
A5059638892,Štefko Miklavič,2003,2025,33,Continental Europe,False,,False,,2005.0,True,True,Continental Europe
A5091449369,Primož Šparl,2005,2024,25,Continental Europe,False,,False,,2005.0,True,True,Continental Europe
A5052053324,Daniela Cherubini,2003,2005,2,Continental Europe,False,,True,2005.0,,False,False,
A5056603307,P. Testoni,2003,2005,3,Continental Europe,False,,False,,2003.0,True,False,
A5100371897,Catarina Silva,2000,2026,95,Continental Europe,False,,True,2006.0,2007.0,True,True,Continental Europe
A5048736038,Dominique Besagni,2003,2020,11,Continental Europe,True,2003.0,False,,2020.0,True,True,
A5010475791,Guénaël Cabanès,2007,2026,45,Continental Europe,False,,True,2008.0,2016.0,True,True,Continental Europe
A5086067014,Parisa Rastin,2015,2025,26,Continental Europe,False,,False,,2018.0,True,True,Continental Europe
A5007160877,Nistor Grozavu,2008,2025,70,Continental Europe,False,,True,2009.0,2010.0,True,True,Continental Europe
A5053223081,Jonathan Katz,2000,2025,362,United States,True,2005.0,True,2000.0,2002.0,True,True,United States
A5014862413,Vassilis Zikas,2007,2026,104,Continental Europe,True,2011.0,False,,2007.0,True,True,United States
A5019961407,Jean-Valère Cossu,2013,2020,20,Continental Europe,False,,True,2016.0,,False,True,
A5078798965,Éric SanJuan,2002,2026,126,Continental Europe,False,,True,2005.0,2002.0,True,True,Continental Europe
A5043318210,Daniel R. Neuville,2010,2022,12,Continental Europe,False,,True,2012.0,2010.0,True,True,Continental Europe
A5059714266,Florian Schäfer,2009,2024,9,Continental Europe,False,,True,2016.0,2009.0,True,True,
A5004014878,Michael Backes,2002,2026,385,Continental Europe,True,2003.0,True,2002.0,2003.0,True,True,Continental Europe
A5051096181,Nico Döttling,2011,2025,102,Continental Europe,True,2016.0,True,2011.0,2014.0,True,True,Continental Europe
A5020544957,Lucjan Hanzlik,2012,2026,72,Continental Europe,False,,True,2019.0,2023.0,True,True,Continental Europe
A5047598937,Kamil Kluczniak,2012,2025,44,Continental Europe,True,2018.0,True,2017.0,2014.0,True,True,Continental Europe
A5053315264,Jonas Schneider,2013,2026,14,Continental Europe,False,,True,2016.0,2015.0,True,True,United States
A5051155440,Tihomir Gvero,2011,2015,11,Continental Europe,False,,True,2011.0,,False,False,
A5008699657,Viktor Kunčak,2000,2026,198,United States,True,2005.0,True,2002.0,2000.0,True,True,Continental Europe
A5060646261,Ivan Kuraj,2012,2020,17,Continental Europe,True,2015.0,True,2013.0,2013.0,True,True,
A5045794652,Ružica Piskač,2007,2026,85,Continental Europe,True,2009.0,True,2008.0,2011.0,True,True,United States
A5056806790,Radhouan El Zrelli,2015,2024,2,Continental Europe,True,2015.0,True,2015.0,,False,True,
A5069711190,Sylvie Castet,2003,2024,3,Continental Europe,False,,False,,,False,True,Continental Europe
A5048562088,Sylvain Michel,2015,2026,16,Anglosphere ex-US,True,2015.0,True,2015.0,2015.0,True,True,Continental Europe
A5088568607,Hendrik H.G. Hansen,2015,2023,7,Continental Europe,True,2019.0,True,2016.0,,False,True,Continental Europe
A5073381909,Ritse M. Mann,2012,2026,164,Continental Europe,True,2014.0,True,2012.0,2017.0,True,True,Continental Europe
A5053182111,Françoise J. Siepel,2016,2023,11,Continental Europe,True,2021.0,True,2021.0,2023.0,True,True,Continental Europe
A5047240458,Chris L. de Korte,2015,2023,10,Continental Europe,True,2019.0,True,2018.0,2015.0,True,True,Continental Europe
A5038009460,Erbuğ Çelebi,2009,2026,14,Continental Europe,False,,False,,2011.0,True,True,Continental Europe
A5050050751,Yusong Pang,2012,2026,11,Continental Europe,False,,False,,2021.0,True,True,Continental Europe
A5085418326,Gabriël Lodewijks,2012,2025,5,Continental Europe,False,,False,,2012.0,True,True,Anglosphere ex-US
A5028216308,Fatih Gey,2013,2016,5,Continental Europe,False,,True,2013.0,,False,False,
A5012610674,Dimitri Van Landuyt,2007,2026,70,Continental Europe,False,,True,2013.0,2011.0,True,True,Continental Europe
A5044565348,Abolfazl Bayat,2005,2026,104,Islamic,True,2008.0,True,2005.0,2005.0,True,True,Sinic
A5069913087,Leonardo Banchi,2009,2026,107,Continental Europe,True,2013.0,True,2010.0,2013.0,True,True,Continental Europe
A5082785238,Bernard Jacquemin,2002,2025,27,Continental Europe,False,,False,,2003.0,True,True,Continental Europe
A5102849919,Ηλίας Αθανασόπουλος,2006,2024,58,Continental Europe,True,2012.0,True,2006.0,2013.0,True,True,Continental Europe
A5022073151,Sotiris Ioannidis,2001,2026,106,United States,False,,True,2002.0,2006.0,True,True,Continental Europe
A5059822941,Giuliano Galimberti,2002,2025,46,Continental Europe,False,,True,2002.0,2003.0,True,True,Continental Europe
A5047959198,Stavros Kalaitzidis,2004,2025,26,Continental Europe,True,2004.0,False,,2016.0,True,True,Continental Europe
A5062974074,Corinne Touati,2007,2013,2,Continental Europe,False,,False,,2007.0,True,False,
A5005201526,T. Mahmoud,2008,2017,9,Continental Europe,False,,False,,2016.0,True,False,
A5027635656,Jorge Marx Gómez,2002,2026,106,Continental Europe,False,,True,2002.0,2004.0,True,True,Continental Europe
A5059502958,Djamal Belazzougui,2008,2025,118,Continental Europe,True,2009.0,True,2008.0,2009.0,True,True,Islamic
A5007639641,Fabio Cunial,2008,2022,38,United States,True,2013.0,True,2013.0,2009.0,True,True,Continental Europe
A5049011416,Thomas Dueholm Hansen,2008,2018,24,Continental Europe,True,2013.0,True,2010.0,2012.0,True,False,
A5066030240,Troels Bjerre Sørensen,2007,2018,14,Continental Europe,True,2010.0,False,,2007.0,True,False,
A5102250598,Liang Yu,2004,2025,23,Sinic,False,,False,,2006.0,True,True,Sinic
A5027351667,Angela Locoro,2008,2026,39,Continental Europe,False,,True,2008.0,2010.0,True,True,Continental Europe
A5029964236,Wail Rezgui,2013,2023,13,Islamic,True,2014.0,True,2013.0,,False,True,Islamic
A5071869967,Leïla Hayet Mouss,2004,2025,33,Islamic,False,,False,,2005.0,True,True,Islamic
A5071082149,Mohamed Djamel Mouss,2013,2026,18,Islamic,False,,True,2014.0,2013.0,True,True,Islamic
A5017088097,Yassine Amirat,2014,2025,13,Continental Europe,False,,False,,2015.0,True,True,Continental Europe
A5084379937,Marc Finthammer,2007,2019,36,Continental Europe,False,,True,2009.0,2008.0,True,False,
A5065498907,Matthias Thimm,2007,2026,193,Continental Europe,False,,True,2008.0,2009.0,True,True,Continental Europe
A5064307246,Konstantinos Votis,2003,2026,75,Continental Europe,False,,True,2006.0,2003.0,True,True,Continental Europe
A5087452615,Dimitrios Tzovaras,2002,2025,193,Continental Europe,False,,True,2004.0,2007.0,True,True,Continental Europe
A5054221659,Likothanassis Spiridon,2004,2010,2,Continental Europe,False,,False,,2004.0,True,False,
A5109877675,Norman Göttert,2011,2014,3,Continental Europe,False,,True,2012.0,2011.0,True,False,
A5088988377,Nicolai Kuntze,2005,2016,41,Continental Europe,False,,True,2006.0,2009.0,True,False,
A5055009555,Khan Ferdous Wahid,2010,2017,7,Continental Europe,False,,False,,2010.0,True,False,
A5003968744,Andreas Graefe,2009,2020,10,Continental Europe,False,,True,2009.0,2013.0,True,True,
A5000264688,Veronika Stierle,2014,2015,3,Continental Europe,False,,True,2015.0,,False,False,
A5031835684,Bernhard Riedl,2007,2021,12,Continental Europe,False,,True,2007.0,2007.0,True,True,Continental Europe
A5078626356,Michal Pluháček,2012,2025,210,Continental Europe,False,,True,2012.0,2012.0,True,True,Continental Europe
A5020231952,Roman Šenkeřík,2006,2026,307,Continental Europe,False,,True,2006.0,2008.0,True,True,Continental Europe
A5067227228,Adam Viktorin,2015,2026,135,Continental Europe,False,,True,2016.0,2015.0,True,True,Continental Europe
A5090445830,Ivan Zelinka,2003,2026,330,Continental Europe,False,,True,2004.0,2004.0,True,True,Continental Europe
A5031057579,Stefan Henkler,2005,2025,25,Continental Europe,False,,True,2007.0,2005.0,True,True,Continental Europe
A5011481912,M. Hirsch,2001,2026,29,Continental Europe,False,,True,2008.0,2005.0,True,True,Continental Europe
A5101598681,Alexander Schmidt,2008,2021,8,Continental Europe,False,,False,,2008.0,True,True,Continental Europe
A5070385734,Alexander Klimm,2008,2013,11,Continental Europe,False,,True,2008.0,,False,False,
A5035111977,Christian Rubio-Montiel,2016,2024,4,Other Civilizations,False,,False,,2016.0,True,True,Other Civilizations
A5000567896,А. Н. Евдокимов,2016,2018,2,Continental Europe,True,2018.0,False,,2016.0,True,False,
A5100683924,Yuting Zhao,2002,2026,27,Sinic,True,2007.0,True,2009.0,2002.0,True,True,Sinic
A5023224071,Fernando Silva Parreiras,2007,2022,66,Continental Europe,True,2010.0,True,2007.0,2010.0,True,True,Other Civilizations
A5087060849,Gerd Gröner,2009,2026,33,Continental Europe,False,,True,2010.0,2010.0,True,True,
A5030598415,Tobias Walter,2008,2021,40,Continental Europe,True,2010.0,True,2009.0,2008.0,True,True,Continental Europe
A5106459735,T. Spadaro,2007,2023,2,Continental Europe,False,,False,,2007.0,True,True,
A5058402945,Ganbat Erdenesaihan,2008,2013,2,Other Civilizations,True,2013.0,False,,,False,False,
A5038864467,Akihiro Tamura,2008,2025,76,Japanese,True,2014.0,False,,2008.0,True,True,Japanese
A5032122043,Franck Michel,2011,2026,99,Continental Europe,False,,True,2011.0,2015.0,True,True,Continental Europe
A5107657642,Saeid Jafari,2006,2024,12,Continental Europe,False,,False,,2006.0,True,True,
A5003334072,Oscar Chaparro,2016,2026,27,United States,False,,True,2016.0,2025.0,True,True,United States
A5043960445,Andrea Di Sorbo,2016,2026,18,Continental Europe,False,,True,2016.0,2023.0,True,True,Continental Europe
A5063227479,Sebastiano Panichella,2011,2026,29,Continental Europe,False,,True,2014.0,2013.0,True,True,Continental Europe
A5038498472,Yufang Dan,2012,2014,6,Continental Europe,True,2014.0,False,,2014.0,True,False,
A5103357676,Helmut Laux,2014,2025,3,Continental Europe,False,,False,,,False,True,Continental Europe
A5036622594,Robert M. Gillenkirch,2014,2025,4,Continental Europe,False,,False,,,False,True,Continental Europe
A5113467276,Heike Y. Schenk-Mathes,2014,2025,3,Continental Europe,False,,False,,2014.0,True,True,Continental Europe
A5039995559,Yaron Lipman,2004,2025,25,Other Western,False,,True,2004.0,2017.0,True,True,Other Western
A5004224909,Olga Sorkine,2004,2008,3,Continental Europe,True,2004.0,True,2004.0,2008.0,True,False,
A5081959207,Christian Rössl,2004,2025,3,Continental Europe,False,,True,2004.0,,False,True,Continental Europe
A5061876852,Andrea Pugliese,2001,2025,60,Continental Europe,True,2002.0,True,2001.0,2001.0,True,True,Continental Europe
A5019879500,Eligijus Sakalauskas,2004,2025,39,Continental Europe,False,,True,2007.0,2004.0,True,True,Continental Europe
A5006983355,C. Beck,2006,2025,26,Continental Europe,False,,True,2012.0,2008.0,True,True,United States
A5088455579,R. Rezaei,2006,2024,24,Continental Europe,False,,True,2010.0,2012.0,True,True,Islamic
A5051120972,M. V. Yakunin,2005,2022,5,Other Civilizations,False,,False,,2019.0,True,True,Other Civilizations
A5086608148,Yu. G. Arapov,2005,2019,2,Other Civilizations,False,,False,,,False,False,
A5054995576,В. Н. Неверов,2005,2022,3,Other Civilizations,False,,False,,,False,True,Other Civilizations
A5018524051,G. I. Harus,2005,2018,2,Other Civilizations,False,,False,,,False,False,
A5050582735,Н. Г. Шелушинина,2005,2022,4,Other Civilizations,False,,False,,,False,True,Other Civilizations
A5032351283,Л. А. Пономаренко,2005,2019,4,Continental Europe,False,,False,,2005.0,True,False,
A5057729357,Koldo Zabaleta,2013,2013,2,Continental Europe,False,,False,,,False,False,
A5051105544,Pablo Curiel,2013,2013,2,Continental Europe,False,,False,,,False,False,
A5045445427,Ana B. Lago,2013,2022,3,Continental Europe,False,,False,,2013.0,True,True,Continental Europe
A5087682739,Parisa Kordjamshidi,2007,2026,126,Continental Europe,False,,True,2010.0,2013.0,True,True,United States
A5032048525,Joana Hois,2007,2021,19,Continental Europe,True,2010.0,True,2007.0,2009.0,True,True,Anglosphere ex-US
A5090948866,Martijn van Otterlo,2002,2022,46,Continental Europe,False,,True,2004.0,2003.0,True,True,Continental Europe
A5023890301,Maria Franco Villoria,2014,2026,5,Continental Europe,False,,False,,2014.0,True,True,
A5039274194,Ángel Luis Garrido,2006,2025,41,Continental Europe,True,2008.0,False,,2006.0,True,True,Continental Europe
A5078019064,Katharina Manderscheid,2011,2022,15,Continental Europe,True,2011.0,False,,2011.0,True,True,Continental Europe
A5018474712,Matthias Alberti,2010,2025,10,Continental Europe,False,,False,,2018.0,True,True,
A5100348821,Duo Li,2010,2025,28,Sinic,False,,False,,2010.0,True,True,Continental Europe
A5042576565,Martin Mergili,2016,2021,8,Continental Europe,False,,False,,2020.0,True,True,Continental Europe
A5031459919,Matthias Benedikt,2016,2016,3,Continental Europe,False,,False,,,False,False,
A5104125407,Julia Krenn,2016,2016,4,Continental Europe,False,,False,,,False,False,
A5079321129,Jan‐Thomas Fischer,2015,2022,8,Continental Europe,False,,False,,2021.0,True,True,Continental Europe
A5077690498,Gerhard Nahler,2009,2009,22,Continental Europe,False,,False,,2009.0,True,False,
A5051551036,Álvaro Gomes,2007,2018,11,Continental Europe,False,,False,,2011.0,True,False,
A5022961286,Christian Horoba,2008,2010,10,Continental Europe,False,,True,2008.0,2009.0,True,False,
A5007584366,Massimo Cairo,2015,2023,20,Continental Europe,False,,False,,,False,True,Continental Europe
A5014870050,Shahbaz Khan,2005,2026,17,Hindu,False,,False,,2014.0,True,True,Continental Europe
A5061874157,Roméo Rizzi,2001,2025,101,Continental Europe,False,,True,2002.0,2001.0,True,True,Continental Europe
A5063897224,Alexandru I. Tomescu,2007,2023,65,Continental Europe,False,,True,2011.0,2007.0,True,True,Continental Europe
A5055589412,Heike Adel,2012,2025,110,Continental Europe,True,2018.0,True,2013.0,2018.0,True,True,Continental Europe
A5019733849,Mohamed H. Gad-Elrab,2015,2026,27,Continental Europe,False,,True,2016.0,2021.0,True,True,Continental Europe
A5087209257,Dragan Milchevski,2014,2024,11,Continental Europe,False,,True,2014.0,,False,True,Continental Europe
A5066026428,Jannik Strötgen,2010,2026,116,Continental Europe,False,,True,2010.0,2014.0,True,True,Continental Europe
A5061252054,Pascal Edme,2011,2026,35,Continental Europe,True,2016.0,False,,2016.0,True,True,Continental Europe
A5011211191,Anastasios Gounaris,2003,2026,64,Anglosphere ex-US,False,,True,2003.0,2013.0,True,True,Continental Europe
A5080204571,Nadeem Iftikhar,2005,2026,19,Islamic,True,2007.0,False,,2005.0,True,True,Continental Europe
A5014575646,Moshe Hoshen,2015,2020,3,Other Western,True,2018.0,True,2015.0,,False,True,
A5113519538,Rami Eliakim,2003,2018,3,Other Western,False,,False,,,False,False,
A5079572059,Ran D. Balicer,2015,2026,15,Other Western,True,2018.0,True,2018.0,2015.0,True,True,Other Western
A5014435577,Lourdes Ramírez,2001,2021,75,Continental Europe,True,2002.0,True,2008.0,2001.0,True,True,
A5019274096,Luis F. Zarzalejo,2004,2026,88,Continental Europe,False,,True,2008.0,2005.0,True,True,Continental Europe
A5075178624,Sebastian Gajek,2005,2026,25,Continental Europe,True,2009.0,True,2005.0,2006.0,True,True,Continental Europe
A5113746934,Lijun Liao,2005,2023,13,Continental Europe,True,2005.0,True,2007.0,2007.0,True,True,Continental Europe
A5023169493,Erik Wittern,2011,2021,17,Continental Europe,True,2013.0,True,2011.0,2021.0,True,True,United States
A5025300095,Christian Zirpins,2001,2026,39,Continental Europe,False,,True,2003.0,2001.0,True,True,Continental Europe
A5074190717,Helena M. Verkooijen,2000,2026,15,Continental Europe,False,,True,2000.0,2002.0,True,True,Continental Europe
A5042145465,Willem P.Th.M. Mali,2000,2023,11,Continental Europe,False,,True,2000.0,2004.0,True,True,
A5033802733,Jean H. G. Klinkenbijl,2001,2001,2,Continental Europe,False,,False,,,False,False,
A5109960659,Th. J. M. V. van Vroonhoven,2000,2001,2,Continental Europe,False,,False,,2000.0,True,False,
A5007649650,Jennifer Horkoff,2005,2025,97,Anglosphere ex-US,True,2010.0,True,2005.0,2012.0,True,True,Continental Europe
A5043283731,Imed Hammouda,2002,2020,36,Continental Europe,True,2006.0,True,2003.0,2004.0,True,True,
A5111382188,Stephen Mensah,2010,2018,3,United States,False,,False,,2010.0,True,False,
A5019866304,Radu‐Codruţ David,2011,2021,35,Continental Europe,True,2011.0,True,2011.0,2011.0,True,True,Continental Europe
A5016672383,Alexandra-Iulia Szedlak-Stinean,2011,2025,37,Continental Europe,False,,True,2016.0,2012.0,True,True,Continental Europe
A5088161472,Raul‐Cristian Roman,2016,2026,38,Continental Europe,False,,True,2019.0,2017.0,True,True,Continental Europe
A5002615744,Tal Ben‐Nun,2016,2026,50,Continental Europe,True,2016.0,True,2018.0,,False,True,Continental Europe
A5026990786,Torsten Hoefler,2006,2026,158,United States,True,2006.0,True,2010.0,2014.0,True,True,Continental Europe
A5011571367,Dominic Heutelbeck,2000,2021,13,Continental Europe,False,,False,,2012.0,True,True,Continental Europe
A5050748694,Cindy Even,2016,2021,9,United States,True,2017.0,True,2016.0,2019.0,True,True,
A5113080254,Anne-Gwenn Bosser,2005,2026,46,Continental Europe,True,2006.0,True,2010.0,2005.0,True,True,Continental Europe
A5073527955,Cédric Buche,2002,2025,81,Continental Europe,False,,True,2009.0,2005.0,True,True,Continental Europe
A5085422519,Stéphane Donnet,2006,2006,2,Continental Europe,False,,True,2006.0,,False,False,
A5069723364,Andrew Thangaraj,2000,2026,55,United States,True,2004.0,True,2006.0,2005.0,True,True,Hindu
A5055689993,Matthieu R. Bloch,2004,2026,117,Continental Europe,True,2005.0,True,2006.0,2006.0,True,True,United States
A5018330026,Johann Cussey,2004,2023,18,Continental Europe,True,2010.0,True,2006.0,,False,True,Anglosphere ex-US
A5030838585,Luigi Iapichino,2015,2026,21,Continental Europe,False,,True,2015.0,2026.0,True,True,Continental Europe
A5048904411,Nicolay Hammer,2016,2025,8,Continental Europe,False,,True,2017.0,2018.0,True,True,Continental Europe
A5030151853,Vasileios Karakasis,2006,2021,9,Continental Europe,False,,True,2006.0,2016.0,True,True,Continental Europe
A5013042933,Tomáš Skopal,2002,2025,52,Continental Europe,False,,True,2008.0,2007.0,True,True,Continental Europe
A5010725699,Jakub Lokoč,2008,2025,39,Continental Europe,False,,True,2008.0,2008.0,True,True,Continental Europe
A5008750181,Norbert Marwan,2007,2026,41,Continental Europe,False,,False,,2009.0,True,True,Continental Europe
A5056542332,Sebastian Volke,2013,2016,5,Continental Europe,False,,False,,,False,False,
A5029336209,Gerik Scheuermann,2001,2025,62,Continental Europe,False,,True,2009.0,2008.0,True,True,Continental Europe
A5038036415,Anastasia-Maria Leventi-Peetz,2015,2022,6,Continental Europe,False,,False,,,False,True,Continental Europe
A5016373918,Giuseppe Patrono,2008,2015,4,Continental Europe,False,,True,2015.0,2008.0,True,False,
A5014913766,Silvano Vergura,2002,2026,46,Continental Europe,True,2002.0,False,,2002.0,True,True,Continental Europe
A5107859058,Stefanie Rinderle,2002,2014,30,Continental Europe,True,2006.0,True,2003.0,2004.0,True,False,
A5014333753,Francisco M. Couto,2003,2026,152,Continental Europe,True,2005.0,True,2004.0,2005.0,True,True,Continental Europe
A5032577893,Teiko Heinosaari,2007,2026,87,Continental Europe,False,,True,2010.0,2007.0,True,True,Continental Europe
A5049098280,Daniel Reitzner,2004,2024,29,Continental Europe,False,,True,2008.0,2004.0,True,True,Continental Europe
A5063212930,Tomáš Rybár,2008,2018,10,Continental Europe,False,,True,2012.0,2009.0,True,False,
A5075396926,Mário Ziman,2000,2025,96,Continental Europe,False,,True,2002.0,2001.0,True,True,Continental Europe
A5028889079,Luisa Herrmann,2015,2024,11,Continental Europe,False,,False,,2016.0,True,True,Continental Europe
A5089014944,Cezara Drăgoi,2008,2020,15,Continental Europe,False,,True,2008.0,2011.0,True,True,
A5110392328,Sebastian Peter,2010,2013,2,Continental Europe,False,,False,,,False,False,
A5076755949,Alexander Knebe,2003,2023,6,Anglosphere ex-US,False,,False,,,False,True,Continental Europe
A5054746168,Weiguang Cui,2011,2025,14,Sinic,True,2017.0,False,,2011.0,True,True,Anglosphere ex-US
A5037621228,Rui Prada,2000,2026,110,Continental Europe,False,,True,2000.0,2001.0,True,True,Continental Europe
A5070424026,Ricardo Chaves,2003,2025,77,Continental Europe,False,,True,2006.0,2005.0,True,True,Continental Europe
A5043635455,Marco Vala,2001,2015,28,Continental Europe,False,,True,2001.0,2002.0,True,False,
A5034897040,Nina Narodytska,2007,2026,107,Anglosphere ex-US,True,2007.0,True,2010.0,2011.0,True,True,United States
A5046366918,Claude-Guy Quimper,2003,2026,36,Anglosphere ex-US,False,,True,2003.0,2006.0,True,True,Anglosphere ex-US
A5019911183,Teresa Duda,2002,2003,2,Continental Europe,False,,True,2002.0,,False,False,
A5054144852,Markus Ernst,2001,2026,11,Continental Europe,False,,True,2001.0,,False,True,Continental Europe
A5081245674,Steffen Klupsch,2002,2004,3,Continental Europe,False,,True,2002.0,,False,False,
A5045601387,Martin Spindler,2010,2026,23,Continental Europe,False,,False,,2016.0,True,True,Continental Europe
A5036287756,Olga Shvets,2015,2025,3,Islamic,False,,False,,2015.0,True,True,Islamic
A5021051122,Levente Kovács,2003,2026,56,Continental Europe,False,,False,,2003.0,True,True,Continental Europe
A5041318802,László Szilágyi,2008,2025,49,Continental Europe,False,,True,2014.0,2011.0,True,True,Continental Europe
A5108559604,F. Javier López,2001,2016,16,Continental Europe,False,,False,,2015.0,True,False,
A5110182596,Gerardo Sanz,2001,2023,17,Continental Europe,False,,False,,2003.0,True,True,Continental Europe
A5101963152,Ayush Kumar,2015,2026,31,Hindu,True,2018.0,True,2015.0,2021.0,True,True,Hindu
A5069924384,Encarna Esteban Bernabé,2015,2019,4,Continental Europe,False,,False,,2015.0,True,False,
A5068787682,Walter Kellermann,2006,2024,69,Continental Europe,False,,True,2013.0,2006.0,True,True,Continental Europe
A5014578218,Michele Pagani,2006,2024,45,Continental Europe,False,,True,2009.0,2006.0,True,True,Continental Europe
A5064947700,Everton Alvares Cherman,2008,2019,23,Other Civilizations,True,2014.0,True,2011.0,2014.0,True,False,
A5026561247,Grigorios Tsoumakas,2002,2026,212,Continental Europe,False,,True,2003.0,2008.0,True,True,Continental Europe
A5040388522,Teresa Grabowska,2005,2006,6,Continental Europe,False,,True,2005.0,,False,False,
A5055951153,Wojciech Waloszek,2005,2025,60,Continental Europe,False,,True,2005.0,2007.0,True,True,Continental Europe
A5089742770,Michał Zawadzki,2005,2024,14,Continental Europe,False,,False,,2005.0,True,True,Continental Europe
A5057392401,Isabel Orenes,2010,2022,5,Continental Europe,False,,True,2012.0,,False,True,Continental Europe
A5073220505,J. J. Águila,2010,2015,3,Other Civilizations,True,2011.0,False,,,False,False,
A5049123289,Ismael Marín Carrión,2009,2011,8,Continental Europe,False,,False,,2010.0,True,False,
A5078431977,Enrique Arias,2009,2025,13,Continental Europe,True,2010.0,True,2017.0,2017.0,True,True,Continental Europe
A5002502504,J. J. Miralles,2009,2015,4,Continental Europe,False,,False,,2010.0,True,False,
A5013599940,Anne-Lyse Minard,2009,2024,48,Continental Europe,False,,True,2010.0,2009.0,True,True,Continental Europe
A5025118242,Anne‐Laure Ligozat,2004,2024,106,Continental Europe,False,,True,2008.0,2004.0,True,True,Continental Europe
A5107808892,Ziyang Zhang,2011,2025,7,Sinic,False,,False,,,False,True,Sinic
A5100780135,Minglei Li,2015,2025,40,Sinic,False,,True,2017.0,2016.0,True,True,Sinic
A5018970859,Guoqi Li,2010,2026,119,Sinic,False,,True,2010.0,2019.0,True,True,Sinic
A5009746093,Juan M. Lujano‐Rojas,2016,2025,8,Continental Europe,False,,True,2022.0,,False,True,Continental Europe
A5045380953,Rodolfo Dufo‐López,2004,2025,13,Continental Europe,False,,True,2004.0,2009.0,True,True,Continental Europe
A5007744802,José A. Domínguez‐Navarro,2006,2025,9,Continental Europe,False,,False,,2006.0,True,True,Continental Europe
A5033050251,Maria Barrett,2015,2026,35,Continental Europe,True,2019.0,True,2015.0,2019.0,True,True,Continental Europe
A5047568486,Ophélie Lacroix,2012,2025,34,Continental Europe,False,,True,2016.0,2012.0,True,True,Continental Europe
A5010382232,V. V. Dobrovitski,2000,2025,47,United States,False,,True,2003.0,2003.0,True,True,Continental Europe
A5014463496,Véronique Malaisé,2003,2018,37,Continental Europe,False,,True,2005.0,2003.0,True,False,
A5004768800,Luit Gazendam,2006,2010,9,Continental Europe,False,,True,2006.0,2010.0,True,False,
A5084277091,Annemieke de Jong,2006,2007,2,Continental Europe,False,,False,,2007.0,True,False,
A5072479024,Christine Jacob,2001,2024,8,Continental Europe,False,,False,,2001.0,True,True,Continental Europe
A5076323294,Anne France Viet,2006,2011,4,Continental Europe,False,,False,,2006.0,True,False,
A5018936613,Sven Anderson,2008,2009,2,Continental Europe,False,,False,,2009.0,True,False,
A5058459398,Pascal Cotret,2010,2026,44,Continental Europe,False,,True,2011.0,2010.0,True,True,Continental Europe
A5008355784,Cécilia Gouvernayre,2012,2012,2,Continental Europe,False,,False,,2012.0,True,False,
A5014322854,Matthias Hagen,2005,2025,219,Continental Europe,False,,True,2010.0,2007.0,True,True,Continental Europe
A5004704820,Anna Cornelia Beyer,2010,2016,8,Continental Europe,False,,True,2013.0,2010.0,True,False,
A5103898508,Manuel Núñez,2011,2024,4,Continental Europe,False,,False,,,False,True,
A5077645135,Fernando L. Pelayo,2000,2025,45,Continental Europe,False,,True,2003.0,2000.0,True,True,Continental Europe
A5064701647,Alexandru‐Liviu Olteanu,2011,2026,25,Continental Europe,False,,True,2014.0,2011.0,True,True,Continental Europe
A5028359630,Sudeep D. Thepade,2009,2025,41,Hindu,False,,True,2013.0,2016.0,True,True,Hindu
A5000194290,Sovik Roy,2009,2026,43,Hindu,False,,True,2015.0,2013.0,True,True,Hindu
A5006120668,Biswajit Ghosh,2009,2010,3,Hindu,False,,False,,2009.0,True,False,
A5076342661,Thimmaraja Yadava G,2015,2025,35,Hindu,False,,True,2017.0,2023.0,True,True,Hindu
A5105352990,Himanshu Jain,2005,2026,36,United States,True,2005.0,True,2005.0,2008.0,True,True,Hindu
A5056027859,Kashyap Bhansali,2014,2015,2,Hindu,False,,False,,,False,False,
A5048475774,Sindhu Nair,2011,2025,13,Hindu,False,,False,,2014.0,True,True,Hindu
A5037193165,Yogita Yogita,2012,2025,20,Hindu,False,,True,2012.0,2019.0,True,True,Hindu
A5039485950,Neetesh Gupta,2010,2025,25,Hindu,True,2012.0,True,2012.0,2012.0,True,True,Hindu
A5037663112,Sukadev Meher,2009,2026,33,Hindu,False,,False,,2009.0,True,True,Hindu
A5059800081,Arghya Pal,2015,2026,26,Hindu,False,,True,2019.0,2015.0,True,True,Anglosphere ex-US
A5038020125,Vineeth N Balasubramanian,2002,2026,193,United States,False,,True,2009.0,2002.0,True,True,Hindu
A5081562101,Balaji Krishnamurthy,2016,2026,44,United States,True,2020.0,True,2019.0,2017.0,True,True,United States
A5001005542,Naresh Vurukonda,2016,2026,20,Hindu,False,,True,2016.0,2017.0,True,True,Hindu
A5023303622,B. Thirumala Rao,2016,2026,18,Hindu,False,,True,2016.0,2016.0,True,True,
A5043105133,Subhadip Basu,2009,2026,48,Hindu,False,,True,2012.0,2010.0,True,True,Hindu
A5021916927,Dariusz Plewczyński,2009,2025,34,Continental Europe,False,,False,,2009.0,True,True,Continental Europe
A5025400322,Alok Sharma,2006,2024,36,Anglosphere ex-US,True,2007.0,True,2006.0,2006.0,True,True,Japanese
A5042290609,Renukswamy Chikkamath,2016,2025,5,Hindu,False,,False,,,False,True,Continental Europe
A5025554593,B. Sathish Babu,2007,2025,27,Hindu,False,,True,2009.0,2011.0,True,True,Hindu
A5055294310,Jukka-Pekka Pesola,2008,2011,2,Continental Europe,False,,False,,,False,False,
A5033364541,Juho Eskeli,2008,2016,6,Continental Europe,False,,True,2016.0,2015.0,True,False,
A5037259923,Päivi Parviainen,2002,2015,18,Continental Europe,False,,True,2007.0,2007.0,True,False,
A5013129205,Rob Kommeren,2007,2018,5,Continental Europe,True,2007.0,True,2007.0,2018.0,True,False,
A5090039499,Assif Assad,2016,2026,32,Hindu,False,,True,2016.0,2019.0,True,True,Hindu
A5107677928,T. K. Satish Kumar,2000,2025,82,United States,False,,False,,2000.0,True,True,United States
A5023730036,Byamakesh Nayak,2013,2026,25,Hindu,False,,True,2013.0,2017.0,True,True,Hindu
A5102829523,Pratyusha Rakshit,2011,2026,62,Hindu,False,,True,2011.0,2015.0,True,True,Hindu
A5001973247,Sandeep Tripathi,2013,2023,6,Hindu,False,,True,2019.0,,False,True,Hindu
A5002740493,Ashish Shrivastava,2010,2025,49,United States,True,2013.0,True,2012.0,2010.0,True,True,Hindu
A5101917570,Asim Ali Khan,2012,2021,4,Hindu,False,,False,,,False,True,Hindu
A5073170842,Ajat Shatru Arora,2014,2021,6,Hindu,False,,False,,2014.0,True,True,Hindu
A5100902526,Srinivas Desai,2008,2010,4,Hindu,False,,True,2009.0,2010.0,True,False,
A5039401371,E. Veera Raghavendra,2008,2010,8,Hindu,False,,True,2009.0,,False,False,
A5113522207,Kishore Prahallad,2005,2017,57,United States,True,2005.0,True,2005.0,2007.0,True,False,
A5010703447,B.G. Manjunath,2009,2023,15,Islamic,True,2012.0,False,,2016.0,True,True,Hindu
A5062431070,Nomi Baruah,2015,2025,44,Hindu,False,,True,2021.0,2015.0,True,True,Hindu
A5046000500,Prasanta Ghosh,2007,2025,130,United States,True,2012.0,True,2010.0,2007.0,True,True,Hindu
A5050732644,Nilesh Shelke,2009,2026,56,Hindu,False,,True,2012.0,2009.0,True,True,Hindu
A5069970288,Kirti S. Pande,2015,2025,3,Hindu,False,,False,,2025.0,True,True,Hindu
A5002475960,N. S. Murty,2015,2020,4,Hindu,False,,False,,2015.0,True,True,
A5070140601,M. Anand Kumar,2007,2026,80,Hindu,False,,True,2007.0,2012.0,True,True,Hindu
A5037939833,Varun P. Gopi,2013,2026,17,Hindu,False,,True,2021.0,2013.0,True,True,Hindu
A5102920065,Anju Thomas,2005,2024,3,United States,False,,False,,,False,True,Hindu
A5086723819,Pankaj Sharma,2014,2025,11,Hindu,False,,True,2022.0,2022.0,True,True,Hindu
A5080517061,Neha Nandal,2016,2025,16,Hindu,False,,True,2020.0,2023.0,True,True,Hindu
A5028766687,Utkarsh Dwivedi,2015,2026,7,Hindu,True,2018.0,True,2020.0,,False,True,United States
A5076436339,S. Srinivas,2006,2020,7,Hindu,False,,False,,2006.0,True,True,
A5040335377,Nidhi Kalra,2006,2024,22,United States,False,,True,2006.0,2006.0,True,True,Hindu
A5101759454,Apurba Das,2012,2024,10,United States,True,2012.0,False,,2012.0,True,True,Hindu
A5004841869,Rajiv Pandey,2010,2025,38,Islamic,True,2012.0,False,,2014.0,True,True,Hindu
A5044352015,Dr.Sanjay Dwivedi,2010,2011,2,Hindu,False,,False,,2010.0,True,False,
A5101999809,Shipra Sharma,2009,2025,19,Hindu,False,,False,,2009.0,True,True,United States
A5015037978,Balwinder Sodhi,2012,2024,21,Hindu,False,,False,,2016.0,True,True,Hindu
A5066780369,Manish Rana,2016,2025,4,Hindu,False,,True,2016.0,,False,True,Hindu
A5112108944,Mohammad Atique,2007,2026,29,Hindu,False,,False,,2011.0,True,True,Hindu
A5055883440,B Hettige,2006,2026,34,Hindu,False,,False,,2011.0,True,True,Hindu
A5102838644,Asoka S. Karunananda,2005,2023,62,Hindu,True,2006.0,False,,2006.0,True,True,Hindu
A5090016228,Arnab Chakraborty,2006,2025,7,Hindu,False,,False,,2006.0,True,True,United States
A5031929221,S. Mandal,2004,2020,3,Hindu,False,,False,,2016.0,True,True,
A5070981293,A. Roy,2002,2004,2,Hindu,False,,False,,2004.0,True,False,
A5006805520,Marcel Turkensteen,2004,2011,5,Continental Europe,False,,False,,2004.0,True,False,
A5109635446,S. Rohini,2014,2023,6,Hindu,False,,False,,2018.0,True,True,
A5031211776,R. Menaka,2014,2024,17,Hindu,False,,True,2020.0,2014.0,True,True,Hindu
A5001748232,Satyasai Jagannath Nanda,2012,2026,84,Hindu,False,,True,2014.0,2015.0,True,True,Hindu
A5102757544,Harsh Kumar Verma,2008,2026,50,Hindu,False,,True,2013.0,2008.0,True,True,Hindu
A5010681007,A. P. Shanthi,2003,2025,25,Hindu,False,,True,2008.0,2005.0,True,True,Hindu
A5002422673,Ramakrishnan Parthasarathi,2003,2021,7,Hindu,False,,False,,2003.0,True,True,Hindu
A5114247557,S. Veeraraghavan,2008,2014,2,Hindu,False,,False,,2008.0,True,False,
A5051325290,Adil Khan,2016,2025,6,Hindu,False,,True,2020.0,2018.0,True,True,
A5045185635,Punarjay Chakravarty,2005,2026,22,Anglosphere ex-US,True,2007.0,False,,2005.0,True,True,United States
A5077783791,Matthew B. Blaschko,2004,2025,126,Continental Europe,True,2009.0,True,2008.0,2004.0,True,True,Continental Europe
A5085996586,Dinesh Chandra Doval,2015,2020,2,United States,True,2020.0,True,2020.0,,False,True,
A5019288260,Anurag Mehta,2015,2025,6,Hindu,False,,False,,2015.0,True,True,Hindu
A5112142266,Nupur Chakraborty,2016,2017,2,Hindu,False,,False,,2016.0,True,False,
A5040632547,P. K. Srijith,2012,2025,46,Hindu,True,2015.0,True,2016.0,2018.0,True,True,Hindu
A5101472308,Sunil Gupta,2010,2026,53,Anglosphere ex-US,False,,True,2010.0,2023.0,True,True,Anglosphere ex-US
A5035117818,Nandan Roy,2014,2025,3,Hindu,False,,False,,,False,True,
A5069271622,Ratish Puduppully,2014,2026,44,Hindu,True,2016.0,True,2015.0,2025.0,True,True,Anglosphere ex-US
A5013675579,Manish Shrivastava,2006,2026,219,Hindu,False,,True,2006.0,2009.0,True,True,Hindu
A5024306166,Thulasi Bikku,2016,2026,45,Hindu,False,,True,2016.0,2018.0,True,True,Hindu
A5071719477,Sikhar Patranabis,2015,2026,105,Hindu,True,2018.0,True,2015.0,2019.0,True,True,Hindu
A5081720773,Shivam Bhasin,2009,2026,251,Continental Europe,True,2015.0,True,2009.0,2011.0,True,True,Sinic
A5100781385,Jing Gao,2003,2026,149,United States,True,2009.0,True,2004.0,2003.0,True,True,Sinic
A5100432725,Peng Li,2002,2025,70,Sinic,True,2006.0,True,2006.0,2002.0,True,True,Sinic
A5077907139,Asif Ali Laghari,2016,2026,52,Sinic,True,2018.0,True,2016.0,2016.0,True,True,Islamic
A5029933900,Janmejay Pant,2014,2024,17,Hindu,False,,True,2016.0,2014.0,True,True,Hindu
A5073381048,Lalit Mohan,2006,2025,14,Hindu,False,,True,2006.0,2013.0,True,True,Hindu
A5036590503,Vinayak Hegde,2005,2025,21,United States,False,,False,,2016.0,True,True,Hindu
A5027816445,Khundrakpam Johnson Singh,2015,2025,30,Hindu,False,,True,2015.0,2020.0,True,True,Hindu
A5113629902,Tanmay De,2011,2021,15,Hindu,False,,False,,2013.0,True,True,Hindu
A5020429411,N. Mathivanan,2011,2012,2,Hindu,False,,False,,2011.0,True,False,
A5028295047,G. Raja,2014,2025,18,Hindu,False,,False,,2014.0,True,True,Hindu
A5018721994,U. Srinivasulu Reddy,2010,2025,42,Hindu,False,,False,,2014.0,True,True,Hindu
A5109153580,Madhuri Arya,2011,2014,2,Hindu,False,,False,,,False,False,
A5023928504,Jagdish Chand Bansal,2008,2026,127,Hindu,False,,True,2011.0,2008.0,True,True,Hindu
A5053402214,Esther Ramdinmawii,2016,2025,6,Hindu,False,,False,,,False,True,Hindu
A5040869083,Sanghamitra Nath,2016,2026,18,Hindu,False,,False,,2018.0,True,True,Hindu
A5100831176,Sankita J. Patel,2014,2024,23,Hindu,False,,True,2015.0,2017.0,True,True,Hindu
A5024123814,Shakti P. Rath,2009,2022,30,Hindu,True,2013.0,True,2013.0,2009.0,True,True,United States
A5021553938,Brajesh Kumar Kaushik,2011,2025,48,Hindu,False,,False,,2018.0,True,True,Hindu
A5008999303,Godfrey Winster Sathianesan,2013,2024,8,Hindu,False,,False,,2013.0,True,True,Hindu
A5047414809,P. S. Sathidevi,2005,2023,27,Hindu,False,,False,,2005.0,True,True,Hindu
A5006011837,Sumit Chakraborty,2005,2021,14,Hindu,False,,True,2007.0,2010.0,True,True,Hindu
A5082780177,Khelchandra Thongam,2016,2025,21,Hindu,False,,True,2016.0,2019.0,True,True,Hindu
A5033897248,Omprakash S. Sarate,2016,2019,4,Hindu,False,,False,,2016.0,True,False,
A5042808286,Y. Sri Lalitha,2011,2024,10,Hindu,False,,False,,2019.0,True,True,Hindu
A5113696439,Vijay Kumar,2001,2025,123,United States,True,2004.0,False,,2004.0,True,True,Hindu
A5036102895,Jitender Kumar Chhabra,2004,2025,60,Hindu,False,,True,2004.0,2008.0,True,True,Hindu
A5017116101,Soumya Sankar Ghosh,2016,2025,21,Hindu,False,,False,,2016.0,True,True,Hindu
A5069405328,Sk Md Obaidullah,2011,2026,61,Hindu,False,,True,2014.0,2011.0,True,True,Hindu
A5041170815,Chayan Halder,2014,2025,16,Hindu,False,,True,2017.0,2025.0,True,True,Hindu
A5070947372,Nibaran Das,2009,2026,108,Hindu,False,,True,2012.0,2015.0,True,True,Hindu
A5015792060,Kaushik Roy,2005,2025,163,Hindu,True,2005.0,True,2009.0,2012.0,True,True,United States
A5005336768,Abhishek Thakur,2014,2023,4,Hindu,False,,True,2014.0,,False,True,Hindu
A5089382629,Bheemarjuna Reddy Tamma,2010,2026,28,United States,False,,True,2010.0,2018.0,True,True,Hindu
A5044996566,Jeevan Medikonda,2016,2024,8,Hindu,False,,True,2016.0,2023.0,True,True,Hindu
A5086177621,Vivek Srivastava,2003,2025,58,Hindu,False,,False,,2013.0,True,True,Hindu
A5100746903,Mayank Singh,2011,2026,72,Hindu,False,,True,2015.0,2013.0,True,True,Hindu
A5102383383,Vipul Goyal,2004,2026,203,Hindu,True,2006.0,True,2006.0,2004.0,True,True,United States
A5110153094,Adam O’Neill,2005,2025,68,United States,True,2005.0,True,2005.0,2005.0,True,True,United States
A5036504001,Nicky Mouha,2009,2025,63,Continental Europe,True,2014.0,True,2011.0,2011.0,True,True,United States
A5022086434,Gautham Sekar,2006,2024,35,Continental Europe,True,2006.0,True,2011.0,2006.0,True,True,Hindu
A5026461824,Reeba Korah,2012,2025,10,Hindu,False,,False,,2012.0,True,True,Hindu
A5072469505,Miodrag Živković,2012,2026,196,Other Civilizations,False,,True,2019.0,2016.0,True,True,Other Civilizations
A5047844943,Cătălin Stoean,2004,2026,89,Continental Europe,False,,True,2004.0,2006.0,True,True,Continental Europe
A5019540812,Amit Chhabra,2014,2026,61,Hindu,False,,True,2020.0,2014.0,True,True,Hindu
A5037827497,Suresh Chittineni,2011,2026,20,Hindu,False,,False,,2018.0,True,True,Hindu
A5084991451,Arun Pradeep,2011,2021,6,Hindu,False,,False,,2020.0,True,True,Hindu
A5083576853,G. Dinesh,2009,2025,8,Hindu,False,,True,2009.0,2025.0,True,True,Hindu
A5058475882,Suresh Chandra Satapathy,2006,2025,158,Hindu,True,2011.0,True,2007.0,2010.0,True,True,Hindu
A5038960546,P. V. G. D. Prasad Reddy,2007,2025,72,Hindu,False,,True,2008.0,2007.0,True,True,Hindu
A5038010120,Yogesh Gupta,2013,2026,24,Hindu,False,,True,2014.0,2022.0,True,True,Hindu
A5101420668,Ashish Saini,2013,2026,7,Hindu,False,,True,2014.0,2026.0,True,True,Hindu
A5056908946,Ajay Kumar Saxena,2002,2019,7,Hindu,False,,False,,2008.0,True,False,
A5018395569,Gowri Srinivasa,2011,2026,31,Hindu,False,,False,,2016.0,True,True,Hindu
A5033346068,Madhavan Pallan,2016,2021,3,Hindu,False,,False,,,False,True,Hindu
A5064525551,Peter Schmelcher,2002,2026,72,Continental Europe,False,,False,,2004.0,True,True,Continental Europe
A5040732794,Aravind Rajeswaran,2016,2025,52,Hindu,True,2018.0,True,2018.0,2022.0,True,True,United States
A5059445103,Kendall Lowrey,2015,2022,12,United States,False,,True,2015.0,2022.0,True,True,
A5108381794,Sham M. Kakade,2000,2025,254,Anglosphere ex-US,True,2004.0,True,2002.0,2000.0,True,True,United States
A5074745984,Khosro Rezaee,2012,2025,32,Islamic,False,,True,2020.0,2012.0,True,True,Islamic
A5044915944,Hossein Ghayoumi Zadeh,2013,2025,15,Islamic,False,,False,,2015.0,True,True,Islamic
A5036945704,Chinmay Chakraborty,2009,2026,92,Hindu,False,,True,2009.0,2021.0,True,True,Hindu
A5049449184,Gwanggil Jeon,2007,2026,140,Sinic,False,,True,2015.0,2013.0,True,True,Sinic
A5085074127,Hitesh Panchal,2011,2025,66,Hindu,False,,True,2014.0,2015.0,True,True,Hindu
A5011444145,Manasi Kulkarni,2011,2016,3,Hindu,False,,True,2016.0,2014.0,True,False,
A5112004635,S. S. Sane,2011,2018,15,Hindu,False,,True,2012.0,2011.0,True,False,
A5029325643,D. P. Acharjya,2008,2025,44,Hindu,False,,True,2012.0,2015.0,True,True,Hindu
A5103016944,P. Vinod,2009,2026,53,Hindu,False,,False,,2013.0,True,True,Hindu
A5048951071,Corrado Aaron Visaggio,2002,2026,49,Continental Europe,False,,True,2007.0,2002.0,True,True,Continental Europe
A5090325019,Sankaranarayanan Ananthakrishnan,2003,2026,46,United States,False,,True,2003.0,2007.0,True,True,Hindu
A5036315432,Gurmeet K. Bakshi,2003,2016,14,Hindu,False,,True,2011.0,2011.0,True,False,
A5101462825,Shalini Gupta,2011,2026,5,Hindu,False,,False,,2026.0,True,True,Hindu
A5018035680,M. Subramoniam,2013,2024,5,Hindu,False,,False,,2023.0,True,True,Hindu
A5020236002,V. Rajini,2013,2014,4,Hindu,False,,False,,2013.0,True,False,
A5101512376,Sanasam Ranbir Singh,2003,2026,79,Hindu,False,,True,2010.0,2003.0,True,True,Hindu
A5100902117,Shailender Gupta,2010,2024,21,Hindu,False,,True,2016.0,2016.0,True,True,Hindu
A5012021700,Sangeeta Dhall,2016,2023,7,Hindu,False,,False,,2016.0,True,True,Hindu
A5087157128,Urmi Ghosh,2013,2024,9,Hindu,False,,False,,,False,True,Hindu
A5047549045,Dipti Misra Sharma,2002,2026,160,Hindu,False,,True,2008.0,2008.0,True,True,Hindu
A5032955200,Nirmal Kumar Rout,2010,2023,5,Hindu,False,,False,,2018.0,True,True,Hindu
A5109146148,Ganapati Panda,2009,2024,10,Hindu,False,,True,2011.0,2009.0,True,True,Hindu
A5073520602,Deepa Jose,2011,2025,22,Hindu,False,,False,,2017.0,True,True,Hindu
A5000531819,Swati Vipsita,2010,2020,24,Hindu,False,,True,2010.0,2015.0,True,True,
A5039332250,Bipul Pandey,2010,2013,5,Hindu,False,,True,2012.0,,False,False,
A5041350038,Nitish Garg,2013,2024,3,Hindu,False,,False,,2013.0,True,True,Hindu
A5109343821,B. Ravindra,2013,2020,9,Hindu,False,,False,,2017.0,True,True,
A5049771612,Dharmendra Choukse,2010,2011,2,Hindu,False,,False,,,False,False,
A5052626178,Manohar Kaul,2014,2026,22,Continental Europe,True,2018.0,True,2015.0,2017.0,True,True,Hindu
A5110437936,Priyakshi Mahanta,2012,2024,5,Hindu,False,,True,2012.0,,False,True,Hindu
A5112289546,Hasin A. Ahmed,2012,2026,7,Hindu,False,,True,2012.0,,False,True,Hindu
A5024926698,Ramesh K. Bhukya,2014,2026,29,Hindu,False,,True,2014.0,2019.0,True,True,Hindu
A5052129812,S. R. Mahadeva Prasanna,2002,2025,297,Hindu,False,,True,2002.0,2006.0,True,True,Hindu
A5072315950,Oaindrila Das,2013,2014,2,Hindu,False,,False,,,False,False,
A5069285797,F. T. Josh,2013,2024,7,Hindu,False,,False,,2013.0,True,True,Hindu
A5057391057,C.R. Arjun,2011,2020,2,Hindu,False,,False,,,False,True,
A5003924435,Debanjan Mahata,2000,2026,82,Hindu,False,,False,,2000.0,True,True,United States
A5079357056,Rajiv Ratn Shah,2013,2026,220,Hindu,True,2013.0,True,2016.0,2017.0,True,True,Hindu
A5058575315,Roger Zimmermann,2003,2026,128,United States,True,2006.0,True,2007.0,2005.0,True,True,Sinic
A5103070252,Soumya Jana,2002,2024,10,United States,False,,False,,2002.0,True,True,Hindu
A5026420150,Chiranjib Sur,2010,2026,35,Hindu,False,,True,2013.0,2010.0,True,True,United States
A5101708894,Anuj Kumar Singh,2013,2025,7,Hindu,True,2017.0,False,,2024.0,True,True,Hindu
A5082728145,Sarfaraz Masood,2012,2025,26,Hindu,False,,True,2017.0,2020.0,True,True,Hindu
A5058396473,Sachi Nandan Mohanty,2014,2026,114,Hindu,False,,True,2018.0,2016.0,True,True,Hindu
A5025712960,Pradeep Kumar Roy,2014,2026,51,Hindu,True,2014.0,True,2015.0,2014.0,True,True,Hindu
A5035277232,Jyoti Prakash Singh,2011,2025,96,Hindu,False,,True,2011.0,2016.0,True,True,Hindu
A5021184817,Venkatanareshbabu Kuppili,2011,2026,50,Hindu,False,,True,2017.0,2011.0,True,True,Hindu
A5026269420,Abir De,2012,2026,48,Hindu,False,,True,2015.0,2015.0,True,True,Hindu
A5051622108,Mohd Shoaib Khan,2016,2023,8,Hindu,False,,False,,2023.0,True,True,Hindu
A5044865157,Q. M. Danish Lohani,2013,2025,33,Hindu,False,,True,2015.0,2013.0,True,True,Hindu
A5025305994,Srikanth Srinivasan,2008,2025,90,Hindu,True,2008.0,False,,2008.0,True,True,Continental Europe
A5007162345,S. Jeevadoss,2012,2024,4,Hindu,False,,False,,2024.0,True,True,Hindu
A5025368924,Mohd Amir,2010,2021,2,Hindu,False,,False,,,False,True,Hindu
A5082753354,Durga Toshniwal,2008,2025,127,Hindu,False,,True,2009.0,2009.0,True,True,Hindu
A5075161141,Kea Tijdens,2012,2022,9,Continental Europe,False,,False,,2018.0,True,True,Hindu
A5103890762,Surender Kumar,2012,2023,3,Hindu,False,,False,,2020.0,True,True,
A5059215546,Varun Bajaj,2014,2025,39,Hindu,False,,True,2016.0,2015.0,True,True,Hindu
A5013888981,S. Radha,2009,2024,15,Hindu,False,,False,,2010.0,True,True,Hindu
A5088844058,Pooja Deshmukh,2013,2018,4,Hindu,True,2017.0,True,2017.0,2013.0,True,False,
A5011521185,W. S. K. Fernando,2014,2016,4,Hindu,False,,False,,,False,False,
A5034085630,Pramuditha Perera,2014,2025,35,Hindu,True,2017.0,True,2019.0,2020.0,True,True,United States
A5112027145,H. M. S. P. B. Herath,2014,2019,4,Hindu,False,,False,,,False,False,
A5108555949,M. P. B. Ekanayake,2015,2026,14,Hindu,False,,False,,2026.0,True,True,Hindu
A5088546755,Roshan Godaliyadda,2013,2025,31,Hindu,False,,True,2021.0,2015.0,True,True,Hindu
A5078063396,Janaka Wijayakulasooriya,2002,2026,15,Anglosphere ex-US,False,,False,,2014.0,True,True,Hindu
A5005076948,Eung Jin Chun,2004,2023,18,Sinic,False,,False,,2004.0,True,True,
A5075220978,Sanjoy Mandal,2016,2025,18,Hindu,True,2022.0,True,2019.0,2017.0,True,True,Hindu
A5042435551,Raghav Prasad Parouha,2014,2026,51,Hindu,False,,True,2015.0,2014.0,True,True,Hindu
A5101420905,Pooja Tiwari,2013,2026,16,Hindu,False,,False,,2013.0,True,True,Hindu
A5038146323,Jitendra Kumar,2012,2026,52,Hindu,False,,True,2016.0,2012.0,True,True,Hindu
A5013082893,Ashutosh Kumar Singh,2003,2026,155,Islamic,True,2008.0,False,,2003.0,True,True,Hindu
A5007509513,M. Siva Kumar,2016,2026,10,Hindu,False,,False,,2021.0,True,True,Hindu
A5101902813,B. Murali Krishna,2013,2024,7,Hindu,False,,False,,2020.0,True,True,Hindu
A5029362376,Kakarla Hari Kishore,2012,2026,24,Hindu,True,2014.0,True,2019.0,2013.0,True,True,Hindu
A5031082220,Onkar N. Verma,2015,2021,4,Hindu,False,,False,,,False,True,
A5065841436,Tarak Nath Dey,2001,2026,26,Hindu,True,2006.0,False,,2001.0,True,True,Hindu
A5035220047,T. Arumuga Maria Devi,2012,2024,7,Hindu,False,,False,,2012.0,True,True,Hindu
A5057093198,V. I. Mebin Jose,2016,2023,3,Hindu,False,,False,,2021.0,True,True,Hindu
A5072295361,Gurprit Grover,2010,2024,15,Hindu,False,,False,,2010.0,True,True,Hindu
A5084390487,Bettahally N. Keshavamurthy,2010,2019,14,Hindu,False,,True,2013.0,2018.0,True,False,
A5075702962,Chirag Modi,2010,2026,40,Hindu,False,,True,2012.0,2015.0,True,True,Hindu
A5088565237,K. Satya Prasad,2009,2024,14,Hindu,False,,True,2015.0,2009.0,True,True,Hindu
A5009342774,Djamila Boukredera,2013,2025,11,Islamic,False,,False,,2014.0,True,True,Islamic
A5055901779,Ranju S Kartha,2014,2024,6,Hindu,False,,False,,,False,True,Hindu
A5103844016,Varghese Paul,2011,2024,39,Hindu,True,2013.0,True,2014.0,2012.0,True,True,Hindu
A5011376402,Venkata Ratnam Kolluru,2013,2024,7,Hindu,False,,True,2013.0,2024.0,True,True,Hindu
A5001103573,Pradipta Maji,2001,2025,65,Hindu,False,,True,2002.0,2005.0,True,True,Hindu
A5034784073,Chandrama Shaw,2002,2008,6,Hindu,True,2008.0,True,2003.0,,False,False,
A5073812421,Niloy Ganguly,2001,2026,192,Hindu,True,2003.0,True,2002.0,2007.0,True,True,Hindu
A5089134920,Biplab K. Sikdar,2001,2025,26,Hindu,False,,True,2002.0,2005.0,True,True,Hindu
A5033509046,D. V. Kodavade,2007,2025,13,Hindu,False,,False,,2013.0,True,True,Hindu
A5084496610,Preeti Rao,2000,2025,68,Hindu,False,,False,,2002.0,True,True,Hindu
A5061291906,Yi‐Hsuan Yang,2006,2025,48,Sinic,False,,True,2006.0,2012.0,True,True,Sinic
A5015477777,Bhalchandra B. Godbole,2004,2023,3,Other Civilizations,False,,False,,2023.0,True,True,Hindu
A5064539141,Manoj Madhava Gore,2003,2024,20,Hindu,False,,False,,2003.0,True,True,Hindu
A5023687478,Joseph K. Liu,2003,2026,288,Sinic,True,2005.0,True,2003.0,2005.0,True,True,Anglosphere ex-US
A5001746807,Kim‐Kwang Raymond Choo,2004,2026,659,Anglosphere ex-US,False,,True,2005.0,2004.0,True,True,United States
A5031931063,Xinyi Huang,2005,2026,333,Anglosphere ex-US,True,2005.0,True,2005.0,2005.0,True,True,Sinic
A5027786039,Man Ho Au,2004,2026,272,Anglosphere ex-US,True,2004.0,True,2004.0,2006.0,True,True,Sinic
A5073603754,Ziming Zhao,2008,2025,46,Sinic,True,2013.0,True,2014.0,2014.0,True,True,United States
A5083805756,Nishant Vishwamitra,2016,2026,35,United States,False,,True,2016.0,2025.0,True,True,United States
A5056657952,Hongxin Hu,2007,2026,117,United States,False,,True,2008.0,2007.0,True,True,United States
A5101475295,Xiangzhi Liu,2012,2026,20,Sinic,False,,False,,2012.0,True,True,Sinic
A5100328348,Shuai Wang,2009,2023,20,Sinic,True,2012.0,True,2013.0,2022.0,True,True,Sinic
A5101547704,Peng Zhang,2013,2023,3,Sinic,False,,False,,2013.0,True,True,Sinic
A5028441474,Ali Asghar Heidari,2013,2025,267,Islamic,True,2019.0,True,2015.0,2019.0,True,True,Islamic
A5040568268,Fangjun Kuang,2012,2026,33,Sinic,True,2015.0,True,2014.0,2012.0,True,True,Sinic
A5101597411,Siyang Zhang,2014,2026,19,Sinic,False,,True,2014.0,2014.0,True,True,Sinic
A5100648348,Huiling Chen,2010,2026,377,Sinic,False,,True,2011.0,2011.0,True,True,Sinic
A5010004403,Zhennao Cai,2014,2026,63,Sinic,False,,True,2015.0,2014.0,True,True,Sinic
A5101046490,Weiwei Xu,2009,2023,3,Sinic,False,,False,,,False,True,Sinic
A5100407542,Dong Liu,2009,2025,5,Sinic,False,,False,,,False,True,Continental Europe
A5071902572,Lü Rong,2006,2025,12,Sinic,False,,False,,2006.0,True,True,Sinic
A5003003966,Pan Huaming,2009,2011,2,Sinic,False,,False,,2011.0,True,False,
A5102160972,Lingnan Ge,2004,2006,3,Japanese,False,,False,,2004.0,True,False,
A5088862617,Yubo Ge,2002,2010,5,Sinic,False,,False,,2006.0,True,False,
A5042093032,Yu Feng,2014,2023,19,Sinic,False,,True,2016.0,2021.0,True,True,Sinic
A5046861518,Jie Wu,2016,2024,5,United States,True,2021.0,True,2021.0,2016.0,True,True,Sinic
A5101541733,Xin Jiang,2014,2025,10,Sinic,False,,True,2021.0,2014.0,True,True,Sinic
A5074233530,Gabriel de Oliveira,2013,2023,17,Other Civilizations,True,2016.0,False,,2021.0,True,True,United States
A5078361927,Jianxiu Qiu,2010,2022,3,Sinic,False,,False,,2010.0,True,True,Sinic
A5017372178,Imran Saeed,2012,2025,6,Islamic,False,,False,,2012.0,True,True,Islamic
A5101545313,Chih‐Hsien Huang,2002,2024,16,Sinic,False,,False,,2002.0,True,True,Sinic
A5101568886,Yukun Ma,2012,2026,43,Sinic,False,,True,2016.0,2012.0,True,True,United States
A5050571650,Jung‐Jae Kim,2000,2025,75,Sinic,True,2000.0,True,2008.0,2000.0,True,True,Sinic
A5103171999,Pingping Gu,2016,2023,4,Sinic,False,,False,,,False,True,Sinic
A5100698162,Yuhui Zheng,2016,2021,3,Sinic,False,,False,,2018.0,True,True,Sinic
A5084386606,Xin Xu,2014,2025,8,Sinic,False,,False,,2023.0,True,True,Sinic
A5101756190,Lu Xiang,2005,2025,18,Sinic,False,,False,,2005.0,True,True,Sinic
A5101815945,Zhou Yu,2004,2025,165,Sinic,True,2008.0,True,2004.0,2008.0,True,True,United States
A5018877295,Yuyang Zhou,2007,2026,16,Sinic,False,,False,,2014.0,True,True,Anglosphere ex-US
A5074482601,Qichun Zhang,2009,2026,37,Sinic,True,2015.0,True,2016.0,2011.0,True,True,Anglosphere ex-US
A5032734064,Jie Yang,2002,2024,65,United States,True,2003.0,False,,2003.0,True,True,Sinic
A5056123187,Yuren Zhou,2003,2026,122,Sinic,False,,True,2007.0,2005.0,True,True,Sinic
A5101762261,Jinbin Zheng,2009,2019,9,Sinic,False,,False,,2009.0,True,False,
A5045872771,David Khoury,2016,2026,10,Islamic,False,,True,2018.0,2016.0,True,True,Islamic
A5107170492,Zhong Chen,2008,2025,25,Sinic,True,2011.0,True,2008.0,2008.0,True,True,Sinic
A5005225068,Zhi Guan,2008,2026,46,Sinic,False,,True,2012.0,2015.0,True,True,Sinic
A5088271064,Hani Hamdan,2003,2024,50,Continental Europe,True,2005.0,False,,2005.0,True,True,Continental Europe
A5112501661,Khalid Al-Mutib,2011,2023,6,Islamic,True,2014.0,False,,2014.0,True,True,Islamic
A5000094503,Lili Zhou,2009,2025,11,Sinic,False,,False,,2009.0,True,True,Sinic
A5102718627,Hanchao Wang,2010,2023,10,Sinic,False,,False,,2012.0,True,True,Sinic
A5100602181,Lei Zhang,2004,2025,35,Sinic,True,2010.0,True,2004.0,2005.0,True,True,United States
A5048237545,Enhong Chen,2001,2026,639,Sinic,False,,True,2009.0,2002.0,True,True,Sinic
A5100427498,Qizhen Sun,2009,2025,15,Sinic,False,,False,,2021.0,True,True,Sinic
A5101785327,Shi-Xiong Zhang,2007,2026,74,Sinic,True,2010.0,True,2007.0,2008.0,True,True,Sinic
A5100348642,Hao Li,2013,2025,7,Sinic,False,,False,,2013.0,True,True,Sinic
A5051850582,Yuan‐Hai Shao,2009,2026,118,Sinic,False,,True,2011.0,2013.0,True,True,Sinic
A5041009542,Chun‐Na Li,2014,2026,55,Sinic,False,,True,2014.0,2015.0,True,True,Sinic
A5100422377,Zhen Wang,2005,2026,217,Sinic,True,2008.0,True,2008.0,2005.0,True,True,Sinic
A5113564486,Nai-Yang Deng,2004,2023,53,Sinic,False,,True,2012.0,2004.0,True,True,Sinic
A5106626932,Jiye Liang,2002,2026,254,Sinic,False,,True,2004.0,2004.0,True,True,Sinic
A5085575860,Chuangyin Dang,2000,2025,63,Sinic,False,,False,,2005.0,True,True,Sinic
A5013223614,Fuyuan Cao,2009,2026,63,Sinic,False,,True,2009.0,2009.0,True,True,Sinic
A5057078214,Watson Wei Khong Chua,2009,2013,8,Sinic,False,,True,2010.0,2013.0,True,False,
A5102159317,Angela Eck Soong Goh,2003,2010,15,Sinic,False,,True,2006.0,2007.0,True,False,
A5102156827,Yanfei Zhou,2010,2010,2,Sinic,False,,False,,,False,False,
A5100422486,Junwei Liu,2006,2025,30,United States,True,2010.0,False,,2006.0,True,True,Sinic
A5071754046,Long Cai,2010,2025,7,Sinic,False,,False,,2010.0,True,True,Sinic
A5062853168,Jingling Yuan,2003,2026,75,Sinic,False,,False,,2003.0,True,True,Sinic
A5064738683,Xian Zhong,2006,2026,59,Sinic,False,,False,,2006.0,True,True,Sinic
A5100401164,Zheng Wang,2000,2026,106,Sinic,False,,False,,2000.0,True,True,Sinic
A5030751090,Hua Qu,2005,2026,26,Sinic,False,,True,2013.0,2009.0,True,True,Sinic
A5027663239,Jihong Zhao,2010,2025,31,Sinic,False,,True,2013.0,2010.0,True,True,Sinic
A5017608155,Sebastian Lapuschkin,2016,2026,108,Continental Europe,True,2017.0,True,2016.0,2019.0,True,True,Continental Europe
A5072460783,Alexander Binder,2010,2025,77,Continental Europe,True,2015.0,True,2012.0,2016.0,True,True,Sinic
A5026451495,Wojciech Samek,2011,2026,234,Continental Europe,True,2011.0,True,2011.0,2015.0,True,True,Continental Europe
A5026844625,Yuanyuan Zhao,2011,2026,29,Sinic,False,,True,2015.0,2025.0,True,True,Sinic
A5033822996,Filip Rozpędek,2013,2026,37,Anglosphere ex-US,True,2017.0,True,2018.0,2019.0,True,True,United States
A5057643027,Zhibo Hou,2013,2025,63,Sinic,True,2017.0,True,2013.0,,False,True,Sinic
A5022273273,Guo‐Yong Xiang,2003,2026,122,Sinic,False,,True,2003.0,2005.0,True,True,Sinic
A5100347410,Juan Wang,2000,2026,51,United States,False,,False,,2000.0,True,True,Sinic
A5100692588,Yi Li,2009,2021,6,Sinic,False,,True,2009.0,2010.0,True,True,
A5101649813,Fei Yan,2004,2026,57,Sinic,True,2006.0,True,2006.0,2004.0,True,True,Sinic
A5071895912,Bo Zhao,2004,2025,59,Sinic,False,,True,2010.0,2005.0,True,True,Sinic
A5043819511,Jing Ma,2009,2025,22,Sinic,False,,False,,2013.0,True,True,Sinic
A5100410702,Zhi Zhang,2001,2026,27,Sinic,False,,True,2009.0,2001.0,True,True,United States
A5019191351,Yi Zhu,2005,2025,55,Sinic,False,,False,,2005.0,True,True,United States
A5003418019,Xiangyang Xue,2004,2026,173,Sinic,False,,True,2007.0,2004.0,True,True,Sinic
A5100403511,Fan Zhang,2011,2026,41,United States,True,2012.0,True,2011.0,2012.0,True,True,United States
A5082379297,Biyang Ma,2015,2026,29,Sinic,True,2015.0,False,,2024.0,True,True,Sinic
A5029104204,Yi Ji,2009,2026,24,Continental Europe,False,,False,,2010.0,True,True,Sinic
A5074977317,Youqing Wang,2005,2026,49,Sinic,False,,False,,2005.0,True,True,Sinic
A5100767957,Feng Jiang,2003,2025,81,United States,True,2005.0,True,2008.0,2003.0,True,True,Sinic
A5100359221,Juan Chen,2006,2025,12,Sinic,False,,False,,2006.0,True,True,Sinic
A5053254893,Yonghua Han,2005,2016,2,Anglosphere ex-US,False,,False,,2016.0,True,False,
A5100375832,Tao Zhang,2005,2025,42,Sinic,False,,False,,2005.0,True,True,Sinic
A5047846625,Shiliang Sun,2005,2026,224,Sinic,True,2011.0,True,2010.0,2007.0,True,True,Sinic
A5013378145,Chao Gan,2007,2026,16,United States,False,,False,,2007.0,True,True,Sinic
A5102009463,Haifeng Zhao,2009,2025,28,Sinic,False,,False,,2015.0,True,True,Sinic
A5101553868,Ye Tian,2008,2024,25,Sinic,False,,False,,2008.0,True,True,Sinic
A5100608721,Hongpeng Wang,2008,2026,22,Sinic,False,,True,2015.0,2019.0,True,True,Sinic
A5100743067,Xuhui Wang,2007,2025,10,Sinic,False,,False,,2024.0,True,True,Sinic
A5102097028,Wenbin Cai,2012,2025,11,Sinic,False,,True,2013.0,,False,True,Sinic
A5071515223,Muhan Zhang,2015,2026,37,Sinic,True,2016.0,True,2015.0,2020.0,True,True,Sinic
A5035407171,Seongil Jo,2014,2026,32,Sinic,True,2019.0,True,2016.0,2015.0,True,True,Sinic
A5082439574,Zhenhua Wang,2008,2022,5,Sinic,True,2008.0,False,,2008.0,True,True,Sinic
A5037979193,Jiantao Zhou,2004,2025,87,Sinic,False,,True,2007.0,2014.0,True,True,Sinic
A5085044191,Jia Duan,2013,2025,18,Sinic,False,,True,2016.0,2017.0,True,True,Sinic
A5041494720,Chunheng Wang,2002,2018,40,Sinic,False,,True,2007.0,2008.0,True,False,
A5101410361,Baihua Xiao,2002,2026,44,Sinic,False,,False,,2007.0,True,True,Sinic
A5056873670,Munir Ahmad,2001,2026,55,Anglosphere ex-US,False,,False,,2004.0,True,True,Islamic
A5006679178,Tariq Rahim Soomro,2002,2025,22,Islamic,False,,False,,2013.0,True,True,Islamic
A5101464798,Zhicheng Wei,2008,2021,12,Sinic,False,,False,,2008.0,True,True,Sinic
A5100438505,Zhiyuan Chen,2009,2025,6,Sinic,False,,True,2010.0,,False,True,Islamic
A5065621907,X. L. Li,2009,2009,2,Sinic,False,,True,2009.0,,False,False,
A5044542830,G. Q. Liu,2009,2010,3,Sinic,False,,True,2009.0,,False,False,
A5065603332,Yan‐Li Ji,2009,2014,21,Sinic,False,,True,2009.0,2009.0,True,False,
A5100422368,Zhen Wang,2007,2013,23,Sinic,False,,True,2007.0,2009.0,True,False,
A5102012560,Fan Zhi-ping,2002,2009,5,Sinic,False,,False,,2002.0,True,False,
A5000615413,Mucheol Kim,2010,2026,31,Sinic,False,,True,2011.0,2015.0,True,True,Sinic
A5073263477,Seungmin Rho,2004,2026,117,United States,True,2010.0,True,2004.0,2010.0,True,True,Sinic
A5031118344,Hailin Li,2004,2026,60,Sinic,True,2004.0,True,2011.0,2004.0,True,True,Sinic
A5028839347,Chonghui Guo,2003,2025,71,Sinic,False,,True,2011.0,2003.0,True,True,Sinic
A5102909766,Wangren Qiu,2011,2015,3,Sinic,False,,False,,2011.0,True,False,
A5100372152,Xue Liu,2009,2026,134,Anglosphere ex-US,True,2009.0,True,2010.0,2010.0,True,True,Anglosphere ex-US
A5100705291,Weijie Xia,2011,2025,9,Sinic,False,,False,,2011.0,True,True,Sinic
A5052576795,Ronald Y. Chang,2011,2026,16,Sinic,True,2011.0,True,2011.0,2015.0,True,True,Sinic
A5101634169,Chun‐Chieh Chen,2009,2018,7,Sinic,False,,True,2017.0,2009.0,True,False,
A5012668722,Tze-Yu Chen,2015,2025,3,Sinic,False,,True,2022.0,,False,True,Sinic
A5016756842,Jen-Wei Huang,2004,2025,45,Sinic,False,,True,2005.0,2004.0,True,True,Sinic
A5102929251,Alexander Bauer,2008,2026,21,Continental Europe,False,,True,2013.0,2009.0,True,True,Continental Europe
A5101761689,Kai Cheng,2002,2025,23,Japanese,False,,False,,2014.0,True,True,Sinic
A5101978035,Qian Chen,2015,2025,7,Other Civilizations,True,2018.0,True,2018.0,2015.0,True,True,Sinic
A5053886363,Yaowen Zheng,2015,2026,26,Sinic,False,,True,2018.0,2026.0,True,True,Sinic
A5061643975,Limin Sun,2008,2026,81,Sinic,False,,False,,2011.0,True,True,Sinic
A5084611756,Zhenkai Liang,2002,2026,103,United States,False,,True,2004.0,2002.0,True,True,Sinic
A5090411062,Chunhua Jin,2013,2026,56,Sinic,False,,True,2013.0,2013.0,True,True,Sinic
A5100665986,Guanhua Chen,2005,2026,26,Sinic,False,,False,,2022.0,True,True,Sinic
A5101835715,Changhui Yu,2007,2025,15,Sinic,False,,False,,2012.0,True,True,Sinic
A5083915732,Chengjie Xu,2005,2021,4,Sinic,False,,False,,2005.0,True,True,Sinic
A5070824547,Hongzhi Yu,2001,2024,80,Sinic,False,,False,,2001.0,True,True,Sinic
A5102974574,Chunlei Yang,2009,2025,14,United States,True,2009.0,False,,2009.0,True,True,Sinic
A5051524977,Xiangluo Wang,2006,2026,5,Sinic,False,,False,,2006.0,True,True,Sinic
A5087014857,Mingchuan Zhang,2008,2026,79,Sinic,False,,True,2011.0,2008.0,True,True,Sinic
A5069590254,Ruijuan Zheng,2008,2026,56,Sinic,False,,True,2011.0,2008.0,True,True,Sinic
A5066076511,Wangyang Wei,2009,2015,6,Sinic,False,,False,,2009.0,True,False,
A5101704788,X. L. Huang,2007,2025,42,Sinic,False,,True,2008.0,2008.0,True,True,Sinic
A5005110633,Qi Sun,2015,2022,5,Sinic,False,,False,,,False,True,Sinic
A5014190404,Nancy F. Chen,2007,2026,260,United States,True,2013.0,True,2010.0,2008.0,True,True,Sinic
A5103696922,Tai M. Chung,2001,2003,3,Sinic,False,,False,,2003.0,True,False,
A5047225060,Xiao Xue,2000,2026,67,Hindu,True,2006.0,False,,2000.0,True,True,Sinic
A5037242694,Quanliang Deng,2006,2006,2,Sinic,False,,False,,2006.0,True,False,
A5082083685,Jiayin Kang,2006,2015,12,Sinic,False,,False,,2008.0,True,False,
A5100382146,Xiaolu Li,2007,2026,1227,Sinic,True,2007.0,True,2007.0,2009.0,True,True,United States
A5100426136,Pengfei Zhang,2013,2025,70,Sinic,False,,False,,2024.0,True,True,Sinic
A5089388392,Xiaoyou Chen,2009,2025,28,Sinic,False,,True,2017.0,2013.0,True,True,Sinic
A5046439009,Gang Chen,2005,2023,11,Sinic,False,,False,,2005.0,True,True,Sinic
A5080341674,Shangping Zhong,2006,2025,22,Sinic,True,2006.0,True,2013.0,2006.0,True,True,Sinic
A5100748278,Xiangjun Dong,2006,2026,51,Sinic,False,,True,2014.0,2008.0,True,True,Sinic
A5100674503,Xiang Li,2012,2024,23,Sinic,False,,True,2014.0,2018.0,True,True,Sinic
A5100843917,Qing Xu,2012,2023,3,Sinic,False,,True,2012.0,2023.0,True,True,Sinic
A5087287792,Hongcheng Yan,2010,2024,4,Sinic,False,,False,,,False,True,Sinic
A5100684669,Wenyi Liu,2005,2025,7,Sinic,False,,False,,2005.0,True,True,Japanese
A5025786249,Chengming Tan,2015,2023,6,Sinic,False,,False,,2021.0,True,True,Sinic
A5071348006,Lide Wang,2003,2024,19,Sinic,False,,False,,2003.0,True,True,Sinic
A5100330959,Yin Wang,2008,2024,19,Sinic,False,,True,2016.0,2008.0,True,True,Sinic
A5108647194,Mei Tu,2012,2024,25,Sinic,False,,True,2013.0,2017.0,True,True,Sinic
A5022915033,Yang Xiang,2007,2025,46,Sinic,False,,True,2007.0,2008.0,True,True,Sinic
A5101475514,Xiang Yan,2006,2022,9,Japanese,False,,True,2014.0,,False,True,Sinic
A5100776216,Ya‐Fei Yu,2002,2026,53,Sinic,False,,True,2003.0,2007.0,True,True,Sinic
A5100457200,Jin Chen,2010,2025,42,Sinic,False,,False,,2010.0,True,True,Sinic
A5031361250,Zebin Wu,2007,2026,26,Sinic,False,,False,,2010.0,True,True,Sinic
A5070343691,Zhihui Wei,2008,2025,35,Sinic,False,,False,,2009.0,True,True,Sinic
A5101881724,Qitao Wu,2009,2009,2,Sinic,False,,False,,,False,False,
A5112234905,Qimin Feng,2008,2011,3,Sinic,False,,False,,2008.0,True,False,
A5023375107,Giovanni Acampora,2005,2026,169,Continental Europe,False,,True,2005.0,2011.0,True,True,Continental Europe
A5102142936,Chin-Yuan Hsu,2009,2012,10,Sinic,False,,True,2009.0,2009.0,True,False,
A5010138642,LV Yong-jia,2011,2011,3,Sinic,False,,False,,2011.0,True,False,
A5009463088,Qingcheng Li,2010,2024,5,Sinic,False,,False,,2010.0,True,True,Sinic
A5085157971,Wang Sheng-kui,2007,2020,2,Sinic,False,,False,,2007.0,True,True,
A5005976584,Jianli Li,2011,2024,23,Sinic,False,,True,2012.0,2011.0,True,True,Sinic
A5082739411,Siyuan Zou,2016,2024,6,Sinic,False,,True,2018.0,2018.0,True,True,
A5101607538,Bin Gu,2008,2025,7,Sinic,False,,False,,2018.0,True,True,Sinic
A5058230907,Jiancheng Fang,2002,2025,104,Sinic,False,,False,,2003.0,True,True,Sinic
A5084446491,Jirô Suzuki,2009,2011,2,Japanese,False,,False,,,False,False,
A5074404629,Toshiya Otomo,2011,2026,3,Japanese,False,,False,,2015.0,True,True,Japanese
A5016214593,Hiroshi Sendai,2011,2019,5,Japanese,False,,False,,,False,False,
A5011830400,Je‐Geun Park,2011,2022,3,Sinic,False,,False,,2011.0,True,True,Sinic
A5023417619,Shunyi Zhao,2011,2026,106,Sinic,True,2015.0,True,2012.0,2014.0,True,True,Sinic
A5009976905,Zhen Yan,2010,2024,17,Sinic,False,,True,2018.0,2010.0,True,True,Sinic
A5101499300,Xiaoli Xu,2003,2025,38,Sinic,False,,True,2009.0,2003.0,True,True,Sinic
A5085221201,Weizhe Zhang,2005,2026,132,Sinic,False,,False,,2010.0,True,True,Sinic
A5035201015,Zhicheng Tian,2011,2022,3,Sinic,False,,False,,2011.0,True,True,Sinic
A5028874350,Yang Liu,2007,2026,102,Sinic,True,2008.0,True,2011.0,2007.0,True,True,Sinic
A5023606873,Ertem Esiner,2013,2025,21,Islamic,True,2015.0,True,2015.0,2023.0,True,True,Sinic
A5040321689,Jin Sha,2006,2026,20,Sinic,False,,False,,2016.0,True,True,Sinic
A5027072710,Rui Sun,2007,2026,40,Sinic,False,,True,2015.0,2007.0,True,True,Sinic
A5107388446,Tao Hai,2000,2025,72,United States,True,2006.0,True,2000.0,2006.0,True,True,Sinic
A5062592193,Chenyang Bu,2014,2026,83,Sinic,False,,True,2016.0,2016.0,True,True,Sinic
A5100385839,Yuxin Liu,2012,2025,11,Sinic,False,,True,2018.0,2012.0,True,True,Sinic
A5026164183,Tao Zhu,2008,2026,50,United States,True,2010.0,True,2014.0,2010.0,True,True,Sinic
A5001184471,Wenjian Luo,2001,2026,179,Sinic,True,2007.0,True,2007.0,2009.0,True,True,Sinic
A5033808402,Meiqin Liu,2004,2026,148,Sinic,True,2009.0,True,2008.0,2004.0,True,True,Sinic
A5100618158,Jianhai Zhang,2005,2026,20,Sinic,False,,False,,2005.0,True,True,Sinic
A5034812303,Bin Zhou,2013,2024,4,Sinic,False,,False,,2013.0,True,True,Sinic
A5102023722,Haiqing Liao,2011,2022,2,Sinic,False,,False,,,False,True,Sinic
A5060185642,Rolf D. Vogt,2011,2022,5,Continental Europe,False,,True,2011.0,2016.0,True,True,Continental Europe
A5072119654,Jie Tian,2015,2022,8,United States,True,2018.0,True,2019.0,,False,True,Sinic
A5100326807,Dan Liu,2015,2024,3,Sinic,False,,False,,2015.0,True,True,Sinic
A5110378890,Huang Hua,2010,2012,3,Sinic,False,,False,,2010.0,True,False,
A5100666106,Haipeng Yao,2010,2026,47,Sinic,False,,True,2017.0,2010.0,True,True,Sinic
A5100319346,Ni Zhang,2005,2026,29,Sinic,False,,False,,2005.0,True,True,Sinic
A5077402873,Aziz Mohaisen,2007,2026,208,Sinic,True,2010.0,True,2010.0,2010.0,True,True,United States
A5025736293,Ik Rae Jeong,2000,2026,53,Sinic,False,,True,2004.0,2012.0,True,True,Sinic
A5073972669,Nam-Su Jho,2005,2026,35,Sinic,False,,True,2005.0,2016.0,True,True,Sinic
A5091673337,Jinling Liang,2003,2026,78,Sinic,False,,True,2003.0,2004.0,True,True,Sinic
A5060105746,Dongyan Chen,2002,2025,31,United States,True,2003.0,False,,2002.0,True,True,Sinic
A5086595652,Donghai Ji,2013,2015,3,Sinic,False,,True,2015.0,,False,False,
A5069244973,Junhua Du,2005,2025,21,Sinic,False,,False,,2005.0,True,True,Sinic
A5100700230,Bin Li,2008,2014,2,Sinic,False,,False,,2014.0,True,False,
A5101435312,Hao Qin,2008,2026,18,Sinic,False,,False,,2012.0,True,True,Sinic
A5010211752,Chunfeng Zhang,2008,2025,8,Sinic,False,,False,,2024.0,True,True,Sinic
A5102201532,Guangbin Wu,2002,2025,10,Sinic,False,,False,,2002.0,True,True,Sinic
A5069574046,Jiajie Lu,2010,2026,7,Sinic,False,,False,,2016.0,True,True,Sinic
A5084218062,Lizhuang Ma,2005,2025,128,Sinic,True,2008.0,False,,2008.0,True,True,Sinic
A5100327061,Jin Lee,2008,2023,6,Sinic,False,,False,,,False,True,Sinic
A5100349772,Jung-Hyun Kim,2004,2025,48,Sinic,True,2010.0,True,2008.0,2014.0,True,True,Sinic
A5009580523,Tingting Song,2010,2026,50,Sinic,True,2012.0,True,2010.0,2013.0,True,True,Sinic
A5082212272,Yanbing Zhang,2007,2026,45,United States,True,2009.0,True,2015.0,2009.0,True,True,Sinic
A5075063425,Changhai Wang,2011,2025,14,Sinic,False,,False,,2011.0,True,True,Sinic
A5025724729,Yuwei Xu,2012,2025,37,Sinic,False,,False,,2012.0,True,True,Sinic
A5039822578,Xiying Gao,2006,2024,6,Sinic,False,,False,,2007.0,True,True,
A5100718480,Ning Ye,2003,2026,68,Sinic,True,2009.0,True,2009.0,2003.0,True,True,Sinic
A5100449291,Ye Zhang,2002,2025,75,Sinic,True,2008.0,True,2003.0,2007.0,True,True,Sinic
A5109304024,Yan Guan,2007,2024,9,Sinic,False,,False,,2007.0,True,True,
A5100380723,Dan Li,2013,2025,42,Sinic,True,2015.0,True,2016.0,2013.0,True,True,Sinic
A5100319559,Chengwei Li,2008,2025,9,Sinic,False,,False,,2008.0,True,True,Sinic
A5100684138,Yafei Wang,2010,2026,30,Sinic,False,,False,,2010.0,True,True,Sinic
A5101511468,Peng Xu,2014,2025,8,Sinic,False,,True,2017.0,,False,True,Sinic
A5100424600,Dandan Chen,2012,2024,8,Sinic,False,,True,2012.0,2014.0,True,True,Sinic
A5035421891,Renbin Xiao,2001,2026,37,Sinic,False,,False,,2004.0,True,True,Sinic
A5100359223,Juan Chen,2008,2024,7,Sinic,False,,False,,2008.0,True,True,Sinic
A5053085908,Zhihua Cui,2003,2026,193,Sinic,False,,True,2004.0,2006.0,True,True,Sinic
A5067443082,Zhenyu Meng,2014,2025,73,Sinic,False,,True,2014.0,2020.0,True,True,Sinic
A5057362939,Bo Xu,2006,2025,39,Sinic,False,,False,,2008.0,True,True,Sinic
A5025092193,Aifeng Ren,2011,2011,2,Sinic,False,,False,,,False,False,
A5112873425,Shuo Tang,2010,2025,10,Sinic,False,,False,,2010.0,True,True,Sinic
A5102989323,Xin Tong,2011,2021,3,Sinic,False,,False,,,False,True,
A5019807595,Ming Luo,2008,2023,31,Sinic,True,2008.0,True,2008.0,2008.0,True,True,Sinic
A5100755437,Wei Su,2004,2024,65,United States,True,2006.0,True,2008.0,2004.0,True,True,Sinic
A5048187599,Yanfang Mao,2011,2023,6,Sinic,False,,False,,2023.0,True,True,Sinic
A5101970587,Zhimin He,2004,2024,15,United States,True,2009.0,False,,2005.0,True,True,Sinic
A5102820732,Qin Xin,2006,2021,10,Continental Europe,True,2008.0,False,,2006.0,True,True,Other Western
A5045868055,Huarui Liu,2002,2009,3,Sinic,False,,False,,,False,False,
A5035299839,Yujie Wang,2005,2025,13,Sinic,False,,False,,2005.0,True,True,Sinic
A5100719462,Kui Yu,2004,2026,143,Sinic,False,,True,2010.0,2004.0,True,True,Sinic
A5021073698,Xin Jiang,2008,2024,19,Sinic,False,,True,2009.0,2021.0,True,True,Sinic
A5023053207,Qifan Yang,2010,2026,7,Sinic,False,,False,,2021.0,True,True,Sinic
A5103070406,Baobin Wang,2011,2022,6,Sinic,False,,False,,2022.0,True,True,Sinic
A5059680084,Ting Hu,2006,2024,31,Sinic,False,,True,2014.0,2010.0,True,True,Sinic
A5036865931,Jie Yang,2005,2024,10,Sinic,False,,True,2008.0,2005.0,True,True,Sinic
A5025846619,Yi Zeng,2007,2025,113,Sinic,True,2009.0,True,2010.0,2009.0,True,True,Sinic
A5110376155,Jun Bai,2009,2025,11,Sinic,False,,True,2017.0,2009.0,True,True,United States
A5021614960,Jin Woo Jun,2006,2018,11,Sinic,True,2007.0,False,,2006.0,True,False,
A5034831400,Feng Wang,2012,2023,2,Sinic,False,,False,,,False,True,Sinic
A5068307412,Yong-Hack Lee,2002,2002,2,Sinic,False,,False,,,False,False,
A5074349471,Suh-Hyun Cheon,2002,2002,2,Sinic,False,,False,,2002.0,True,False,
A5038149192,Kai Chen,2007,2025,42,United States,False,,True,2012.0,2020.0,True,True,Sinic
A5053095481,Quanbo Ge,2007,2025,38,Sinic,False,,True,2014.0,2012.0,True,True,Sinic
A5101160184,Jinqiang Xu,2008,2021,5,Sinic,False,,False,,,False,True,Sinic
A5102012821,Chunxi Li,2012,2021,7,Sinic,False,,False,,2012.0,True,True,Sinic
A5086320549,Shengmei Zhao,2004,2024,113,Sinic,False,,True,2012.0,2006.0,True,True,Sinic
A5045509345,Hui Lin Wang,2014,2014,2,Sinic,False,,False,,2014.0,True,False,
A5101870096,Jeonghyun Baek,2012,2023,7,Sinic,False,,True,2014.0,2023.0,True,True,Sinic
A5069815704,Wenhui Hou,2016,2025,9,Sinic,False,,False,,,False,True,Sinic
A5100412587,Hong‐yu Zhang,2011,2025,30,Sinic,False,,True,2013.0,2011.0,True,True,Sinic
A5100436355,Jian‐qiang Wang,2000,2026,134,United States,True,2001.0,True,2001.0,2000.0,True,True,Sinic
A5006515912,Zhang‐peng Tian,2012,2025,14,Sinic,False,,True,2018.0,2025.0,True,True,Sinic
A5102222086,He Ni,2003,2026,4,Sinic,False,,False,,2003.0,True,True,Sinic
A5003012108,Li-Ching Ma,2010,2021,4,Sinic,False,,False,,2012.0,True,True,Sinic
A5100427406,Bo Chen,2016,2024,9,Sinic,False,,True,2018.0,2020.0,True,True,Sinic
A5021112540,Kyungsun Moon,2005,2026,19,Sinic,True,2005.0,True,2005.0,2005.0,True,True,Sinic
A5066568670,Xia Ji,2008,2026,19,Sinic,False,,False,,2008.0,True,True,Sinic
A5009319979,Peng Zhao,2016,2026,16,Continental Europe,True,2020.0,True,2016.0,2020.0,True,True,Sinic
A5027969288,Dewen Zeng,2012,2025,38,Sinic,False,,False,,,False,True,United States
A5071529609,Xiaowei Xu,2003,2026,47,United States,True,2007.0,True,2007.0,2010.0,True,True,Sinic
A5000141831,Yiyu Shi,2014,2026,169,United States,False,,True,2019.0,2014.0,True,True,United States
A5066534595,Jingtong Hu,2012,2026,70,United States,True,2018.0,True,2018.0,2014.0,True,True,United States
A5003563112,Yuhua Qian,2005,2026,205,Sinic,True,2010.0,True,2006.0,2005.0,True,True,Sinic
A5065114804,Feng Wang,2009,2012,4,Sinic,False,,True,2010.0,2009.0,True,False,
A5101684886,Nannan Ma,2010,2024,5,Sinic,False,,False,,2010.0,True,True,Sinic
A5108784178,ZHU KongYang,2010,2022,3,Sinic,False,,False,,2010.0,True,True,
A5084030889,Jinyin Wan,2006,2013,9,Sinic,False,,True,2007.0,,False,False,
A5027797605,Yaxin Bi,2001,2026,127,Anglosphere ex-US,False,,True,2003.0,2005.0,True,True,Anglosphere ex-US
A5101637886,Gongde Guo,2002,2025,96,Anglosphere ex-US,True,2004.0,True,2004.0,2004.0,True,True,Sinic
A5103410937,Liuzhan Pan,2001,2023,5,Sinic,False,,False,,2002.0,True,True,Sinic
A5111782992,Baida Lü,2001,2009,7,Sinic,False,,True,2002.0,2001.0,True,False,
A5005178547,Song Lin,2003,2025,74,United States,True,2006.0,True,2007.0,2005.0,True,True,Sinic
A5100439502,Biao Wang,2007,2025,23,Sinic,False,,True,2013.0,2007.0,True,True,Sinic
A5047121958,Jiaogen Zhou,2005,2026,22,Sinic,False,,True,2006.0,,False,True,Sinic
A5007356161,Fuling Bian,2000,2020,78,Sinic,True,2006.0,False,,2000.0,True,True,
A5086316879,Jihong Guan,2001,2026,159,Sinic,False,,True,2009.0,2002.0,True,True,Sinic
A5101403750,Meng Zhang,2007,2025,6,Sinic,False,,False,,2007.0,True,True,
A5003103553,Li Lan,2003,2020,13,Sinic,False,,True,2004.0,2003.0,True,True,
A5018988186,Wuzhao Li,2013,2024,16,Sinic,False,,True,2013.0,2019.0,True,True,Sinic
A5047943995,Zhipeng Jin,2015,2022,6,Sinic,False,,True,2016.0,2021.0,True,True,Sinic
A5101444173,Meijiao Duan,2010,2025,12,Sinic,False,,True,2011.0,2010.0,True,True,Sinic
A5103157860,Jing Xu,2001,2025,56,Sinic,True,2005.0,True,2005.0,2001.0,True,True,Sinic
A5020531156,Alexander Salbrechter,2004,2007,4,Continental Europe,False,,True,2006.0,2004.0,True,False,
A5100446370,Di Li,2005,2023,32,Sinic,True,2007.0,True,2012.0,2005.0,True,True,Sinic
A5100527852,Zhiping Lǚ,2005,2021,5,Sinic,False,,False,,2005.0,True,True,Sinic
A5100639740,Yang Cui,2013,2026,4,United States,True,2019.0,True,2019.0,,False,True,Sinic
A5100370893,Hong Wang,2005,2024,15,Sinic,False,,False,,2005.0,True,True,Sinic
A5007987858,Shuihua Wang‎,2008,2025,176,Sinic,True,2010.0,True,2010.0,2008.0,True,True,Anglosphere ex-US
A5009047082,Haisong Jiao,2016,2020,8,Sinic,False,,True,2017.0,,False,True,
A5101947748,Tao Pu,2002,2023,34,Sinic,False,,False,,2007.0,True,True,Sinic
A5109377140,Hua Cui,2008,2011,8,Sinic,False,,True,2008.0,2010.0,True,False,
A5110528854,Ying Shi,2001,2013,10,Sinic,False,,False,,2001.0,True,False,
A5101524567,Wonjun Choi,2015,2023,8,Sinic,False,,True,2015.0,2022.0,True,True,Sinic
A5100355268,Hyunju Lee,2006,2026,31,Sinic,False,,False,,2016.0,True,True,Sinic
A5044708812,Hong‐Kyu Kim,2006,2023,5,Sinic,False,,True,2007.0,,False,True,Sinic
A5033852983,Jin-Kyo Chong,2006,2015,3,Sinic,False,,True,2007.0,2015.0,True,False,
A5100629240,Yinghui Zhang,2004,2026,140,Sinic,False,,False,,2004.0,True,True,Sinic
A5101828256,Zhenwei Chen,2011,2021,7,Sinic,False,,False,,2011.0,True,True,Sinic
A5081385202,Dong Zheng,2000,2025,85,Sinic,False,,False,,2000.0,True,True,Sinic
A5101850333,Jin Cao,2000,2026,61,United States,False,,False,,2000.0,True,True,Sinic
A5066428003,Tao Yin,2011,2022,4,Sinic,False,,False,,2020.0,True,True,
A5001530694,Wang Chun-jian,2011,2012,2,Sinic,False,,False,,2011.0,True,False,
A5074535802,Ahmad-Montaser Awal,2008,2024,9,Continental Europe,False,,True,2010.0,2024.0,True,True,
A5017746373,Guihuan Feng,2006,2023,9,Sinic,False,,True,2010.0,2016.0,True,True,Sinic
A5069835426,Harold Mouchère,2004,2026,117,Continental Europe,False,,True,2006.0,2007.0,True,True,Continental Europe
A5050975050,Xiaowei Shao,2003,2025,32,Sinic,True,2006.0,True,2007.0,2016.0,True,True,Japanese
A5060007938,Huijing Zhao,2005,2023,45,Japanese,True,2007.0,True,2005.0,2008.0,True,True,Sinic
A5005177506,Yun Shi,2011,2024,2,Japanese,False,,False,,,False,True,Sinic
A5110277159,Kiyoshi Sakamoto,2011,2018,3,Japanese,False,,False,,2011.0,True,False,
A5026140121,Tomoya Sasaki,2011,2024,4,Japanese,False,,False,,2011.0,True,True,Japanese
A5058628187,Satoshi TAKEZAWA,2007,2024,23,Japanese,False,,False,,2007.0,True,True,Japanese
A5043731013,Takafumi Kubota,2012,2020,4,Japanese,False,,False,,,False,True,
A5017282307,Hideo Joho,2000,2026,90,Anglosphere ex-US,False,,True,2004.0,2007.0,True,True,Japanese
A5004214923,Robert Wille,2007,2026,521,Continental Europe,False,,True,2007.0,2010.0,True,True,Continental Europe
A5027492788,Tsubasa Takahashi,2010,2026,40,Japanese,True,2016.0,True,2010.0,2014.0,True,True,Japanese
A5110484821,Shinya Miyakawa,2012,2016,5,Japanese,False,,False,,2012.0,True,False,
A5073454546,Mamoru Minami,2006,2021,26,Japanese,False,,True,2008.0,2007.0,True,True,Japanese
A5005631553,Akira Yanou,2010,2026,18,Japanese,False,,False,,2010.0,True,True,Japanese
A5112016665,Shingo Shirakawa,2011,2020,3,Japanese,False,,False,,2011.0,True,True,
A5005140945,Subhadeep Banik,2012,2026,100,Hindu,True,2014.0,True,2012.0,2014.0,True,True,Continental Europe
A5056480052,Takanori Isobe,2006,2026,189,Japanese,True,2012.0,True,2009.0,2011.0,True,True,Japanese
A5052844875,Seira Hidano,2012,2026,70,Japanese,False,,True,2017.0,2013.0,True,True,Japanese
A5054965256,Shinsaku Kiyomoto,2004,2025,253,Japanese,True,2007.0,True,2007.0,2005.0,True,True,Japanese
A5089354452,Michiaki Iwazume,2001,2022,34,Japanese,False,,True,2008.0,2013.0,True,True,
A5019565342,Takehisa Iwakoshi,2010,2023,26,Japanese,False,,False,,2011.0,True,True,Japanese
A5001545412,Kohei Miyaguchi,2015,2026,25,Japanese,False,,False,,2016.0,True,True,Japanese
A5022583259,Canasai Kruengkrai,2002,2026,50,Other Civilizations,True,2005.0,True,2009.0,2003.0,True,True,Japanese
A5078272069,Yoshiaki Sakakura,2004,2016,7,Japanese,False,,False,,,False,False,
A5103493809,Noriyuki Taniguchi,2004,2007,5,Japanese,False,,False,,,False,False,
A5027658472,Yukinobu Hoshino,2001,2026,51,Japanese,False,,False,,2006.0,True,True,Japanese
A5088584843,Kiminao Kogiso,2015,2026,42,Japanese,False,,True,2015.0,2015.0,True,True,Japanese
A5110506921,Kouichi Ichimura,2001,2016,21,Japanese,False,,False,,2001.0,True,False,
A5112657316,Hiroki Ohashi,2013,2026,17,Japanese,True,2018.0,True,2021.0,2022.0,True,True,Japanese
A5007900897,Katsuyuki Nakamura,2002,2022,13,Japanese,False,,True,2007.0,2002.0,True,True,Japanese
A5037825163,Satoshi Ebisawa,2004,2024,8,Japanese,False,,False,,2011.0,True,True,Japanese
A5083320031,Joji Maeda,2010,2019,3,Japanese,False,,False,,,False,False,
A5111351409,Shinichi Komatsu,2004,2020,8,Japanese,False,,False,,2004.0,True,True,
A5089866154,Nobu‐Hisa Kaneko,2014,2026,18,Japanese,False,,False,,2014.0,True,True,Japanese
A5089793407,Taro Kanao,2013,2025,27,Japanese,False,,True,2019.0,2015.0,True,True,Japanese
A5014688537,Hiroyasu Matsuura,2013,2024,2,Japanese,False,,False,,,False,True,
A5086631960,Masayuki Ikebe,2003,2025,19,Japanese,False,,False,,2009.0,True,True,
A5023666558,Kento Kono,2016,2018,2,Japanese,False,,False,,,False,False,
A5101972214,Koji Okamura,2003,2024,24,Japanese,False,,False,,2011.0,True,True,Japanese
A5100990418,Yukihito Osada,2007,2018,9,Japanese,False,,True,2011.0,2016.0,True,False,
A5080773478,Motoyuki Kido,2007,2025,45,Japanese,False,,True,2011.0,2017.0,True,True,Japanese
A5004280286,Yusaku Ohta,2005,2025,111,Japanese,False,,True,2011.0,2014.0,True,True,Japanese
A5012817481,Hiroaki Tsushima,2005,2021,62,Japanese,False,,True,2005.0,2007.0,True,True,Japanese
A5043872748,Jilles Vreeken,2003,2026,156,Continental Europe,False,,True,2006.0,2003.0,True,True,Continental Europe
A5086770555,Nobuyuki Sugio,2006,2026,13,Japanese,False,,False,,2026.0,True,True,Japanese
A5100462996,Wenbin Li,2006,2026,73,Sinic,True,2011.0,False,,2008.0,True,True,Sinic
A5043715790,Minako Iefuji,2012,2013,3,Japanese,False,,True,2012.0,,False,False,
A5020714424,Koichi Yamagata,2010,2026,26,Japanese,True,2013.0,True,2012.0,2010.0,True,True,Japanese
A5036608579,Imran Mahboob,2003,2026,13,Anglosphere ex-US,True,2009.0,False,,,False,True,Japanese
A5079450164,Hiraku Toida,2015,2024,15,Japanese,False,,True,2015.0,,False,True,Japanese
A5109900158,Kosuke Kakuyanagi,2007,2024,39,Japanese,False,,True,2007.0,2014.0,True,True,Japanese
A5009403828,Yuichiro Matsuzaki,2010,2026,152,Anglosphere ex-US,True,2010.0,True,2010.0,2012.0,True,True,Japanese
A5085417791,Li-Zhen Li,2009,2024,11,Sinic,False,,True,2012.0,2014.0,True,True,Sinic
A5065879041,Bagus Tris Atmaja,2010,2026,42,Islamic,False,,False,,2010.0,True,True,Japanese
A5085791392,Akihiro Nakamura,2002,2021,5,Japanese,False,,False,,,False,True,Japanese
A5056078828,K. Ohta,2002,2021,7,Japanese,False,,False,,2016.0,True,True,
A5080607707,Hiroshi Mineno,2010,2026,15,Japanese,False,,False,,2014.0,True,True,Japanese
A5091468193,Ramesh Rajaby,2015,2018,6,Sinic,True,2015.0,True,2017.0,2015.0,True,False,
A5100357293,Jianhua Ma,2001,2026,76,Japanese,False,,False,,2004.0,True,True,Japanese
A5100353846,Xiaolin Li,2005,2026,81,Sinic,True,2009.0,True,2012.0,2008.0,True,True,Sinic
A5065587361,Mitsuharu Matsumoto,2006,2025,16,Japanese,False,,True,2006.0,2015.0,True,True,Japanese
A5044518095,Shigeru IKEMOTO,2016,2021,3,Japanese,False,,False,,,False,True,
A5111400525,Yuka Takai,2012,2019,18,Japanese,False,,True,2014.0,2015.0,True,False,
A5011778407,Masaru Inatsu,2016,2023,3,Japanese,False,,False,,2016.0,True,True,Japanese
A5056747996,Yasuaki Hiraoka,2010,2024,7,Japanese,False,,False,,2010.0,True,True,Japanese
A5006323917,Ingo Sonder,2013,2021,13,United States,False,,False,,2016.0,True,True,United States
A5086140107,Alison Graettinger,2013,2022,20,United States,False,,False,,2018.0,True,True,United States
A5075930723,Einat Lev,2015,2023,12,United States,False,,False,,2020.0,True,True,United States
A5013429379,Kae Tsunematsu,2016,2022,12,Japanese,False,,True,2019.0,2016.0,True,True,Japanese
A5050899086,Tomoya Iwakura,2001,2026,56,Japanese,False,,False,,2003.0,True,True,Japanese
A5042127858,Hiroya Takamura,2001,2026,268,Japanese,False,,True,2001.0,2003.0,True,True,Japanese
A5037768595,Toshiki Saitoh,2007,2026,35,Japanese,False,,True,2014.0,2012.0,True,True,Japanese
A5041328935,Masashi Kiyomi,2001,2024,27,Japanese,False,,False,,2006.0,True,True,Japanese
A5016474951,Kenji Tokuo,2003,2026,17,Japanese,False,,False,,2003.0,True,True,Japanese
A5071182684,Hafiz Ur Rehman,2006,2026,37,Japanese,False,,False,,2008.0,True,True,Japanese
A5101479311,Muhammad Zafar,2008,2018,5,Islamic,False,,False,,2015.0,True,False,
A5112715552,Akihiro MAEKAWA,2010,2014,3,Japanese,False,,False,,2010.0,True,False,
A5101402257,Kohei Fujita,2013,2024,15,Japanese,False,,True,2014.0,2016.0,True,True,Japanese
A5102274309,Tsuyoshi Ichimura,2003,2025,39,Japanese,False,,False,,2015.0,True,True,Japanese
A5018099452,Hiroyuki Ohsaki,2003,2026,52,Japanese,False,,False,,2010.0,True,True,Japanese
A5037190001,Yasuharu Nishi,2006,2023,12,Japanese,False,,False,,2012.0,True,True,Japanese
A5038465951,Mitsuru Tsubo,2003,2018,5,Other Civilizations,False,,False,,2007.0,True,False,
A5002735522,Junichi Hino,2000,2015,8,Japanese,False,,False,,2000.0,True,False,
A5027437578,Kai Shitashima,2015,2015,2,Japanese,False,,False,,,False,False,
A5102268276,Takabumi Watanabe,2008,2015,3,Japanese,False,,False,,,False,False,
A5006185830,Rei Yoshida,2008,2010,2,Japanese,False,,False,,,False,False,
A5048715599,Yang Cui,2003,2023,35,Japanese,True,2007.0,True,2006.0,,False,True,Sinic
A5059511000,Tomohiro Sekino,2010,2010,2,Japanese,False,,False,,,False,False,
A5036984041,Rie Shigetomi,2002,2011,11,Japanese,False,,False,,2002.0,True,False,
A5102928695,Akira Otsuka,2002,2026,51,Japanese,False,,True,2009.0,2005.0,True,True,Japanese
A5072545121,Hajime Shirouzu,2002,2023,13,Japanese,False,,False,,2002.0,True,True,Japanese
A5100354322,Shaobo Li,2002,2026,134,Sinic,False,,True,2002.0,2007.0,True,True,Sinic
A5105530133,Takao Aoki,2003,2026,58,Japanese,True,2004.0,True,2003.0,2003.0,True,True,Japanese
A5061715955,Takayuki Uchino,2007,2023,14,Japanese,False,,False,,2010.0,True,True,Japanese
A5061608188,Yuki Nakane,2012,2013,3,Japanese,False,,False,,,False,False,
A5063896736,Manchuk Nuramkhaan,2012,2022,9,Other Civilizations,False,,False,,2017.0,True,True,Other Civilizations
A5113564150,Chuluun Minjin,2010,2013,4,Other Civilizations,False,,False,,2010.0,True,False,
A5101880946,Koichiro Yoshino,2010,2026,125,Japanese,False,,True,2011.0,2012.0,True,True,Japanese
A5082030898,Tetsuo Kamina,2003,2026,42,Japanese,False,,True,2011.0,2016.0,True,True,Japanese
A5070909210,Tomoyuki Aotani,2006,2026,74,Japanese,False,,True,2007.0,2013.0,True,True,Japanese
A5110223979,Hidekazu Terai,2002,2011,28,Japanese,False,,False,,2003.0,True,False,
A5002483949,Makoto Naruse,2005,2024,127,Japanese,False,,True,2005.0,2013.0,True,True,Japanese
A5051892482,Martin Berthel,2015,2018,8,Continental Europe,False,,True,2015.0,,False,False,
A5069238388,Aurélien Drezet,2004,2025,37,Continental Europe,True,2007.0,False,,2005.0,True,True,Continental Europe
A5089003180,Masashi Aono,2002,2025,45,Japanese,False,,True,2010.0,2002.0,True,True,
A5011360511,Song-Ju Kim,2002,2026,59,Japanese,True,2002.0,True,2010.0,2013.0,True,True,Japanese
A5089727775,Simon Kocbek,2008,2022,20,Continental Europe,True,2014.0,True,2012.0,,False,True,Continental Europe
A5063923711,Jin-Dong Kim,2001,2025,69,Japanese,False,,True,2003.0,2002.0,True,True,Japanese
A5100535954,Kazutaka Shimada,2005,2025,82,Japanese,False,,True,2005.0,2014.0,True,True,Japanese
A5082946615,Yang Cao,2004,2026,155,Continental Europe,False,,False,,2016.0,True,True,Japanese
A5108399454,J. S. Tsai,2000,2025,44,Japanese,False,,True,2003.0,2000.0,True,True,Japanese
A5068111858,Ismail Shahin,2002,2026,94,Islamic,True,2002.0,False,,2004.0,True,True,Islamic
A5059512412,Naoufel Werghi,2009,2026,108,Islamic,False,,True,2012.0,2013.0,True,True,Islamic
A5025857457,Satoshi Ishizaka,2000,2025,56,Japanese,False,,True,2000.0,2000.0,True,True,Japanese
A5087895710,Bohdan Horst,2008,2013,4,Continental Europe,False,,True,2008.0,,False,False,
A5065376144,Andrzej Grudka,2002,2026,84,Continental Europe,False,,True,2002.0,2003.0,True,True,Continental Europe
A5000462606,Paras Mandal,2003,2026,40,Japanese,True,2009.0,True,2006.0,2010.0,True,True,United States
A5070052822,Shantanu Chakraborty,2008,2026,9,Japanese,False,,False,,,False,True,Anglosphere ex-US
A5102723581,Mayuko Sato,2006,2019,12,Japanese,False,,False,,,False,False,
A5091768670,Tatsuya Iizaka,2001,2026,32,Japanese,False,,False,,2022.0,True,True,Japanese
A5016271188,Zongyao Li,2015,2026,79,Sinic,True,2020.0,True,2021.0,,False,True,Sinic
A5009032240,Takahiro Ogawa,2005,2026,250,Japanese,False,,False,,2012.0,True,True,Japanese
A5102953472,Yusuke Matsuoka,2006,2023,10,Japanese,False,,False,,2011.0,True,True,Japanese
A5013050263,Shinnosuke Takamichi,2012,2026,223,Japanese,True,2014.0,True,2012.0,2013.0,True,True,Japanese
A5003814223,Hiroshi Saruwatari,2000,2026,373,Japanese,False,,True,2003.0,2002.0,True,True,Japanese
A5067282490,Hamid Farhady,2014,2015,3,Japanese,False,,False,,,False,False,
A5011505825,Norikatsu Akizawa,2009,2025,20,Japanese,False,,True,2014.0,2023.0,True,True,Japanese
A5109696738,Cheng Wang,2010,2022,2,Japanese,False,,False,,2022.0,True,True,
A5087237198,Changqin Quan,2005,2026,63,Sinic,True,2008.0,True,2010.0,2005.0,True,True,Japanese
A5108049312,Yufei Liu,2013,2023,6,Sinic,True,2013.0,True,2014.0,2013.0,True,True,Sinic
A5001027770,Reiji Suzuki,2003,2025,32,Japanese,False,,True,2004.0,2016.0,True,True,Japanese
A5058789806,Ádamo Lima de Santana,2005,2024,33,Other Civilizations,False,,True,2006.0,2015.0,True,True,Japanese
A5030362118,Fábio M. F. Lobato,2015,2026,35,Other Civilizations,True,2019.0,True,2015.0,2016.0,True,True,Other Civilizations
A5071608605,Morio Toyoshima,2006,2024,41,Japanese,False,,True,2009.0,2008.0,True,True,Japanese
A5085036983,Yozo Shoji,2008,2021,12,Japanese,False,,True,2009.0,2017.0,True,True,Japanese
A5102875310,Yoshihisa Takayama,2007,2024,20,Japanese,False,,True,2009.0,,False,True,Japanese
A5017444546,Masahiro Takeoka,2002,2026,194,Japanese,True,2002.0,True,2002.0,2004.0,True,True,Japanese
A5088879964,Mikio Fujiwara,2001,2025,165,Japanese,False,,True,2001.0,2009.0,True,True,Japanese
A5021218765,Satoshi Miyata,2001,2025,15,United States,True,2004.0,False,,2004.0,True,True,Japanese
A5074732677,Katsutoku Takeuchi,2011,2022,3,Japanese,False,,False,,,False,True,Japanese
A5026710677,Ralf R. Müller,2011,2025,13,Continental Europe,False,,False,,2013.0,True,True,Continental Europe
A5058197462,Mikko Vehkaperä,2011,2016,4,Continental Europe,False,,False,,2011.0,True,False,
A5005212368,Yoshihiro SEJIMA,2013,2021,16,Japanese,False,,False,,2013.0,True,True,Japanese
A5071466390,Jianxiong Yang,2008,2014,8,Japanese,True,2008.0,True,2012.0,2008.0,True,False,
A5103699677,Yoichiro Hashizume,2013,2018,4,Japanese,False,,False,,,False,False,
A5047279151,Masahiko Kuraya,2007,2008,3,Japanese,False,,False,,,False,False,
A5004119695,Atsushi Uchida,2000,2026,166,Japanese,False,,True,2000.0,2008.0,True,True,Japanese
A5091505530,Shigeru Yoshimori,2002,2009,10,Japanese,False,,True,2009.0,2004.0,True,False,
A5020710269,Boris Brandherm,2002,2023,19,Continental Europe,True,2008.0,True,2003.0,2002.0,True,True,Continental Europe
A5038140116,Leon Palafox,2010,2015,17,Japanese,True,2013.0,True,2013.0,2013.0,True,False,
A5008309887,Nasimul Noman,2005,2026,69,Japanese,True,2007.0,True,2005.0,2010.0,True,True,Anglosphere ex-US
A5009865329,Hisami Matsui,2002,2003,2,Japanese,False,,False,,,False,False,
A5103129627,Naoki Saito,2016,2025,11,Japanese,False,,False,,,False,True,Japanese
A5004045909,Ryuichiro Higashinaka,2002,2026,200,Japanese,True,2005.0,True,2004.0,2006.0,True,True,Japanese
A5005002002,Hitoshi Nishikawa,2009,2020,48,Japanese,False,,True,2010.0,2012.0,True,True,
A5113811751,Toyomi Meguro,2008,2023,33,Japanese,False,,True,2009.0,2010.0,True,True,Japanese
A5036161813,Norbert Preining,2002,2018,24,Continental Europe,False,,True,2007.0,2002.0,True,False,
A5101918045,Keisuke Yoshida,2002,2024,28,Japanese,False,,False,,2002.0,True,True,Other Civilizations
A5026678318,Hidetoshi OHKUBO,2001,2024,24,Japanese,False,,False,,2005.0,True,True,Japanese
A5109927569,Hideki ONODERA,2007,2024,19,Japanese,False,,False,,2007.0,True,True,Japanese
A5023298202,Kazuhide Kamiya,2005,2023,7,Japanese,False,,False,,,False,True,Japanese
A5110861953,Takaharu KURODA,2003,2018,13,Japanese,False,,False,,2006.0,True,False,
A5002590642,Koichi Mabuchi,2004,2022,12,Japanese,False,,True,2004.0,2008.0,True,True,
A5034024970,Yoshimi Murata,2007,2018,11,Japanese,False,,False,,2007.0,True,False,
A5074200825,Hiroshi IKEMORI,2006,2024,31,Japanese,True,2009.0,False,,2006.0,True,True,Japanese
A5065647772,Nobutada Fujii,2007,2023,28,Japanese,False,,False,,2007.0,True,True,Japanese
A5034097546,Daisuke Kokuryo,2016,2023,18,Japanese,False,,False,,2020.0,True,True,Japanese
A5068922129,Shunta Imamura,2016,2017,2,Japanese,False,,False,,2016.0,True,False,
A5068513079,Masaomi Kimura,2006,2025,57,Japanese,False,,True,2007.0,2008.0,True,True,Japanese
A5045030178,Michiko Ohkura,2006,2021,11,Japanese,False,,True,2007.0,2012.0,True,True,Japanese
A5017969187,Tingting Cui,2010,2026,28,Sinic,False,,False,,2012.0,True,True,Sinic
A5100619561,Hao Niu,2014,2025,17,Sinic,True,2018.0,True,2020.0,2014.0,True,True,Japanese
A5061479875,Mori Kurokawa,2006,2026,40,Japanese,False,,True,2007.0,2014.0,True,True,Japanese
A5049520397,Arei Kobayashi,2001,2019,8,Japanese,False,,False,,2018.0,True,False,
A5009228302,Daichi Amagata,2016,2026,52,Japanese,False,,True,2018.0,2022.0,True,True,Japanese
A5029670252,Yusuke Fukazawa,2004,2025,28,Japanese,False,,True,2008.0,2021.0,True,True,Japanese
A5047393434,Chomchana Trevai,2004,2006,4,Japanese,False,,False,,,False,False,
A5008388431,Takaomi Arai,2003,2025,10,Japanese,False,,True,2009.0,2003.0,True,True,Islamic
A5054521972,Syoji Ito,2014,2018,2,Japanese,False,,False,,,False,False,
A5081113047,Haifeng Man,2010,2011,3,Japanese,False,,False,,,False,False,
A5060051647,Neil Y. Yen,2009,2024,40,Japanese,True,2009.0,True,2012.0,2009.0,True,True,Japanese
A5034142021,Duger Ulam-Orgikh,2001,2006,2,Japanese,False,,True,2001.0,,False,False,
A5041561769,Taisuke Sakano,2016,2016,2,Japanese,False,,False,,,False,False,
A5104387827,Takahiro Kigawa,2016,2016,2,Japanese,False,,False,,,False,False,
A5012466506,Fuming Fang,2014,2025,25,Japanese,False,,True,2016.0,,False,True,United States
A5007639385,Junichi Yamagishi,2002,2026,627,Japanese,True,2007.0,True,2003.0,2005.0,True,True,Japanese
A5100726749,Peng Li,2009,2025,24,Sinic,True,2014.0,True,2014.0,2019.0,True,True,Sinic
A5086000078,Yang Liu,2006,2025,127,Sinic,False,,True,2006.0,2010.0,True,True,Sinic
A5071051538,Tatsuya Izuha,2005,2019,10,Japanese,True,2008.0,False,,2005.0,True,False,
A5030183406,Dakun Zhang,2007,2025,24,Sinic,False,,False,,2007.0,True,True,Continental Europe
A5109098548,Stijn De Saeger,2007,2013,32,Japanese,False,,True,2009.0,2007.0,True,False,
A5003153658,Masaaki Tsuchida,2007,2018,19,Japanese,False,,True,2011.0,2008.0,True,False,
A5073653623,Jun’ichi Kazama,2001,2013,48,Japanese,False,,True,2001.0,2008.0,True,False,
A5060605626,Chikara Hashimoto,2004,2019,51,Japanese,False,,True,2005.0,2007.0,True,False,
A5019707900,Yulan Yan,2006,2021,12,Japanese,False,,True,2008.0,2006.0,True,True,United States
A5016146113,Yuichi Shimasaki,2013,2023,6,Japanese,False,,False,,,False,True,Japanese
A5049087736,Kazuaki Tanaka,2003,2025,23,Japanese,False,,False,,2018.0,True,True,Japanese
A5042905871,Yukiko Nishizaki,2002,2019,6,Japanese,False,,False,,2019.0,True,False,
A5109282997,Yuan Sun,2015,2024,4,Japanese,False,,False,,2024.0,True,True,
A5049707744,Haobo Wang,2011,2025,73,Sinic,False,,True,2019.0,2020.0,True,True,Sinic
A5101934901,Yi Sun,2014,2026,22,Japanese,True,2014.0,False,,2014.0,True,True,Sinic
A5002435737,Koji Nuida,2008,2026,121,Japanese,False,,True,2009.0,2009.0,True,True,Japanese
A5074226898,Linchuan Xu,2009,2024,30,Sinic,False,,True,2017.0,2009.0,True,True,Sinic
A5071709543,Lifang He,2012,2026,154,Sinic,True,2014.0,True,2013.0,2014.0,True,True,United States
A5100740023,Jiannong Cao,2000,2026,232,Sinic,False,,True,2003.0,2003.0,True,True,Sinic
A5085706537,Xiaokai Wei,2015,2026,51,United States,True,2017.0,True,2015.0,2017.0,True,True,United States
A5027702623,Katsunori Hanamura,2008,2022,4,Japanese,False,,False,,2008.0,True,True,Japanese
A5033922068,Mayu Sakurada,2014,2025,3,Japanese,True,2014.0,True,2014.0,,False,True,
A5089806952,Tadayoshi Aoyama,2000,2025,13,Japanese,False,,False,,2012.0,True,True,Japanese
A5082985795,Hideyuki Hotta,2012,2024,19,Japanese,False,,True,2019.0,2014.0,True,True,Japanese
A5004624497,Shunsuke Horii,2010,2021,22,Japanese,True,2014.0,False,,2017.0,True,True,Japanese
A5090449160,Eisuke Ito,2002,2019,25,Japanese,False,,True,2010.0,2002.0,True,False,
A5072516978,Takako Hashimoto,2005,2025,59,Japanese,False,,False,,2009.0,True,True,Japanese
A5029804415,David Shepard,2014,2021,7,United States,False,,False,,2014.0,True,True,United States
A5102847246,Quoc Truong,2014,2025,26,Japanese,False,,True,2016.0,2014.0,True,True,
A5059391091,Shota Yokoyama,2011,2025,26,Japanese,True,2017.0,True,2011.0,,False,True,Anglosphere ex-US
A5027773865,Toshiyuki Kaji,2013,2018,4,Japanese,False,,True,2013.0,,False,False,
A5011966034,Kenzo Makino,2012,2026,16,Japanese,True,2017.0,True,2013.0,,False,True,Japanese
A5112370371,Shigenari Suzuki,2005,2018,10,Japanese,False,,True,2005.0,2006.0,True,False,
A5002568654,Shuntaro Takeda,2011,2026,86,Japanese,False,,True,2011.0,2021.0,True,True,Japanese
A5103137644,Yusuke Hirota,2011,2023,9,Japanese,False,,False,,2011.0,True,True,Japanese
A5042051448,Takeo Hoshi,2012,2023,8,United States,True,2014.0,False,,2014.0,True,True,Japanese
A5103945714,Ryo Saito,2013,2025,7,Japanese,False,,False,,2025.0,True,True,Japanese
A5079718189,Yukari Sato,2005,2008,4,Japanese,False,,False,,,False,False,
A5014224994,Yuichiro Nomura,2002,2025,12,Japanese,False,,False,,,False,True,Japanese
A5061164212,Y. Tanaka,2002,2002,3,Japanese,False,,False,,,False,False,
A5109903215,M. Yachida,2002,2005,11,Japanese,False,,False,,2002.0,True,False,
A5111090821,Masahito IKEDA,2009,2023,4,Japanese,False,,False,,2010.0,True,True,Japanese
A5090508839,Yasuhiko Igarashi,2009,2025,31,Japanese,False,,True,2016.0,2018.0,True,True,Japanese
A5105367326,Shin Murata,2014,2020,12,Japanese,True,2016.0,True,2019.0,,False,True,
A5001343839,Hiroshi Takenouchi,2008,2025,11,Japanese,False,,False,,,False,True,Japanese
A5027449113,Masataka Tokumaru,2001,2025,35,Japanese,False,,False,,2010.0,True,True,Japanese
A5058585526,Eugene Weinstein,2001,2021,26,United States,True,2007.0,True,2006.0,2001.0,True,True,
A5100366585,Kun Wang,2015,2025,47,Sinic,True,2017.0,True,2016.0,2020.0,True,True,Sinic
A5051607205,Ryosuke Mizuno,2004,2025,6,Japanese,False,,False,,,False,True,
A5102076246,Masaya Yoshikawa,2002,2025,127,Japanese,False,,True,2008.0,2008.0,True,True,Japanese
A5103760942,Toshiya Asai,2011,2020,13,Japanese,True,2011.0,False,,2011.0,True,True,
A5010032290,Katsuyuki Takashima,2002,2026,72,United States,True,2005.0,True,2010.0,2002.0,True,True,Japanese
A5031667039,Koji Sekine,2009,2013,2,Japanese,False,,False,,,False,False,
A5101514026,Keisuke Hara,2009,2018,5,Japanese,False,,False,,2009.0,True,False,
A5008984844,Seishirou Ibaraki,2010,2021,3,Japanese,False,,False,,2010.0,True,True,Japanese
A5046439953,Yuuki Tokunaga,2000,2026,78,Japanese,False,,True,2002.0,2004.0,True,True,Japanese
A5101592286,Rahmi Rahmi,2015,2025,8,Japanese,True,2020.0,True,2015.0,2019.0,True,True,Islamic
A5012002493,Shunsuke Inenaga,2001,2026,363,Japanese,True,2004.0,True,2001.0,2002.0,True,True,Japanese
A5015320335,Masayuki Araki,2013,2016,4,Anglosphere ex-US,False,,False,,,False,False,
A5026150925,Yoshihiro Okawa,2002,2026,16,Japanese,False,,False,,2005.0,True,True,Japanese
A5042578984,Tomotake Sasaki,2008,2024,36,Japanese,False,,False,,2021.0,True,True,Japanese
A5060203734,Hitoshi Yanami,2001,2023,18,Japanese,False,,True,2007.0,2003.0,True,True,Sinic
A5061560652,Fang Yu,2012,2023,7,Japanese,False,,False,,2021.0,True,True,United States
A5056798581,Masaya Iwasawa,2009,2010,2,Japanese,False,,False,,,False,False,
A5014953895,Yusuke Fukusato,2008,2009,2,Japanese,False,,False,,,False,False,
A5040244392,Eri Sato-Shimokawara,2003,2026,58,Japanese,False,,True,2003.0,2015.0,True,True,Japanese
A5034936246,Sarika Jain,2007,2025,117,Hindu,False,,True,2008.0,2007.0,True,True,Hindu
A5020292023,Mohamed Hamada,2000,2025,66,Japanese,False,,False,,2000.0,True,True,Japanese
A5100739388,K. Watanabe,2005,2024,3,Japanese,False,,False,,,False,True,Japanese
A5090729031,Mitchell Peabody,2004,2011,5,United States,False,,False,,2011.0,True,False,
A5063296546,Michael Eagle,2009,2020,37,United States,False,,True,2011.0,2009.0,True,True,
A5051380334,Mike Cattolico,2001,2006,9,United States,False,,True,2001.0,2001.0,True,False,
A5101940774,Yiwen Wang,2006,2023,3,United States,False,,False,,2021.0,True,True,Sinic
A5004168101,António R. C. Paiva,2006,2023,20,United States,False,,True,2008.0,2007.0,True,True,United States
A5055666788,Jake Harwood,2000,2026,6,United States,False,,False,,2000.0,True,True,United States
A5102963623,Yuan An,2004,2025,68,Anglosphere ex-US,True,2007.0,True,2004.0,2007.0,True,True,United States
A5041658173,Judson D. Ryckman,2012,2025,8,United States,False,,True,2012.0,2022.0,True,True,United States
A5037907010,Robert E. Marvel,2012,2019,3,United States,False,,True,2012.0,,False,False,
A5010017476,Kent A. Hallman,2013,2020,6,United States,False,,False,,,False,True,
A5000177760,Sharon M. Weiss,2012,2024,9,United States,False,,False,,2012.0,True,True,
A5052789513,Liangzhao Zeng,2001,2022,23,Anglosphere ex-US,True,2003.0,True,2001.0,2007.0,True,True,
A5087352349,David Flaxer,2002,2006,4,United States,False,,True,2002.0,2003.0,True,False,
A5103201029,Henry Chang,2002,2018,17,United States,False,,True,2002.0,2003.0,True,False,
A5032455098,Hanzhong Liu,2013,2025,8,Sinic,False,,True,2013.0,,False,True,Sinic
A5091830652,Hadi Jamali‐Rad,2014,2026,27,Continental Europe,False,,True,2014.0,2015.0,True,True,Continental Europe
A5019172720,Andrea Simonetto,2009,2026,71,Continental Europe,False,,True,2010.0,2013.0,True,True,Continental Europe
A5001706958,Xiaoli Ma,2002,2025,52,United States,False,,True,2002.0,2008.0,True,True,United States
A5089101522,Geert Leus,2002,2026,183,Continental Europe,True,2004.0,True,2004.0,2009.0,True,True,Continental Europe
A5054217176,Youngsung Kim,2016,2026,4,United States,False,,True,2016.0,2026.0,True,True,
A5012817105,Christopher Kerr,2016,2017,4,United States,False,,True,2016.0,2017.0,True,False,
A5109255961,G. Mergen,2004,2008,7,United States,True,2008.0,True,2004.0,2008.0,True,False,
A5080139812,Steve Spagnola,2011,2011,2,United States,False,,False,,,False,False,
A5001663845,Erel Joffe,2013,2020,4,United States,False,,True,2013.0,2020.0,True,True,
A5091909333,Phillip Reeder,2013,2025,5,United States,False,,True,2013.0,,False,True,United States
A5069247158,Jorge R Herskovic,2005,2015,11,United States,False,,True,2012.0,2008.0,True,False,
A5086954690,Allison B. McCoy,2012,2026,25,United States,False,,True,2012.0,,False,True,United States
A5075275684,Elmer V. Bernstam,2005,2026,46,United States,False,,True,2012.0,2009.0,True,True,United States
A5079183601,Jason W. Woodworth,2016,2019,5,United States,True,2018.0,True,2018.0,,False,False,
A5056812379,Mohsen Amini Salehi,2014,2025,15,United States,True,2018.0,True,2014.0,2018.0,True,True,United States
A5017433912,Zhiyong Shan,2007,2021,19,Sinic,False,,True,2012.0,2008.0,True,True,Sinic
A5023452123,Michael S. Wolf,2006,2024,15,United States,True,2012.0,True,2006.0,2007.0,True,True,United States
A5085854850,Cristalyn Reynolds,2012,2013,2,United States,False,,False,,,False,False,
A5016305751,Dachao Liu,2012,2013,2,United States,False,,False,,,False,False,
A5013953784,James B. Simon,2016,2025,20,Other Civilizations,True,2020.0,False,,2016.0,True,True,United States
A5024774687,Marcos O. Prates,2010,2026,37,Other Civilizations,False,,True,2012.0,2011.0,True,True,Other Civilizations
A5030001545,Robert H. Aseltine,2009,2025,19,United States,False,,True,2016.0,2009.0,True,True,United States
A5067414355,Jun Yan,2002,2026,42,United States,False,,True,2007.0,2002.0,True,True,United States
A5006976268,Robert Hubal,2000,2026,14,United States,False,,True,2003.0,2003.0,True,True,United States
A5006526693,Kara D. Federmeier,2007,2025,28,United States,False,,False,,2007.0,True,True,United States
A5101685545,Ashutosh Singh,2005,2024,7,United States,False,,True,2006.0,2008.0,True,True,United States
A5059365383,Ashish Singh,2012,2024,15,Anglosphere ex-US,True,2018.0,True,2012.0,2022.0,True,True,United States
A5009495271,Tales Imbiriba,2005,2026,50,Other Civilizations,True,2005.0,False,,2024.0,True,True,United States
A5045674062,Erik Learned-Miller,2004,2026,57,United States,False,,True,2004.0,2004.0,True,True,United States
A5083261801,Deniz Erdoğmuş,2001,2026,205,United States,False,,True,2001.0,2002.0,True,True,United States
A5101759281,Pierre Olivier,2011,2026,36,Continental Europe,False,,True,2019.0,2021.0,True,True,Anglosphere ex-US
A5050707009,Stefan Lankes,2012,2025,19,Continental Europe,False,,True,2014.0,,False,True,Continental Europe
A5079582797,Abdolvahab Khademi,2015,2023,10,United States,True,2016.0,False,,2015.0,True,True,United States
A5068621063,Silja Huttunen,2000,2020,12,United States,True,2000.0,True,2002.0,2000.0,True,True,
A5033129735,Christopher Amato,2006,2025,146,United States,False,,True,2006.0,2010.0,True,True,United States
A5004420648,Tapti Palit,2015,2026,12,United States,False,,True,2021.0,2025.0,True,True,United States
A5007101727,Michalis Polychronakis,2002,2026,106,Continental Europe,True,2004.0,True,2002.0,2003.0,True,True,United States
A5007547583,Kejie Fang,2012,2026,20,United States,False,,True,2012.0,2020.0,True,True,United States
A5051171162,Zongfu Yu,2008,2025,42,United States,False,,True,2009.0,2012.0,True,True,United States
A5100738747,Shanhui Fan,2002,2025,180,United States,False,,True,2010.0,2004.0,True,True,United States
A5037919308,Aida Rahmattalabi,2016,2026,7,United States,False,,False,,,False,True,
A5069365931,Phebe Vayanos,2006,2026,24,Anglosphere ex-US,False,,True,2006.0,2019.0,True,True,United States
A5001995885,Michael E. Samples,2005,2007,9,United States,True,2007.0,True,2005.0,2007.0,True,False,
A5003432041,Matthew J. Byom,2005,2007,4,United States,False,,True,2005.0,2005.0,True,False,
A5016629084,Matt Pizzimenti,2005,2005,2,United States,False,,False,,2005.0,True,False,
A5050056333,Mikołaj Bojańczyk,2001,2026,136,Continental Europe,False,,True,2005.0,2001.0,True,True,Continental Europe
A5042411667,Luc Segoufin,2000,2026,72,Continental Europe,True,2006.0,True,2001.0,2000.0,True,True,Continental Europe
A5032485563,Hafiz Fahad Sheikh,2009,2019,4,Islamic,True,2013.0,False,,2019.0,True,False,
A5028716156,Junjie Qian,2015,2025,9,United States,True,2019.0,True,2018.0,,False,True,Sinic
A5054285749,Hong Jiang,2004,2025,80,United States,True,2007.0,True,2004.0,2005.0,True,True,United States
A5051018107,Aly El Gamal,2015,2025,47,United States,False,,True,2019.0,2017.0,True,True,United States
A5005913897,Yonina C. Eldar,2000,2026,256,United States,True,2002.0,True,2001.0,2003.0,True,True,Other Western
A5043674709,Daphna Harel,2015,2024,62,United States,True,2020.0,False,,2015.0,True,True,United States
A5062981565,Luca Rigazio,2000,2026,35,United States,True,2000.0,True,2000.0,2002.0,True,True,
A5011499103,Walker Larson,2015,2020,7,United States,False,,False,,,False,True,
A5109801334,Joel Pitt,2009,2012,5,Sinic,True,2009.0,True,2010.0,,False,False,
A5005497971,Matthew Iklé,2007,2025,24,United States,False,,True,2010.0,2011.0,True,True,
A5073227709,Sam Wiseman,2014,2023,49,United States,False,,True,2015.0,2018.0,True,True,United States
A5081022650,Kevin Gimpel,2008,2025,187,United States,True,2008.0,True,2008.0,2016.0,True,True,United States
A5045784987,Elias Gravanis,2001,2020,2,United States,True,2001.0,False,,,False,True,
A5080379161,G. Livadiotis,2006,2025,15,Continental Europe,False,,False,,2006.0,True,True,
A5082168699,J.-M. Renders,2003,2005,4,Continental Europe,False,,True,2004.0,2003.0,True,False,
A5101413273,Irina Matveeva,2004,2023,12,United States,True,2008.0,True,2004.0,2015.0,True,True,
A5010053583,Ruslan Nikolaev,2013,2026,7,United States,False,,True,2013.0,2026.0,True,True,United States
A5066638693,Carme Sala,2004,2020,7,Continental Europe,False,,False,,2005.0,True,True,
A5061266644,Eusebi Jarauta‐Bragulat,2004,2020,10,Continental Europe,True,2006.0,False,,2004.0,True,True,
A5091078914,Song Fang,2010,2023,15,Sinic,True,2016.0,True,2016.0,2010.0,True,True,United States
A5006115873,Arnab Kumar Biswas,2006,2026,26,Hindu,False,,False,,2016.0,True,True,Anglosphere ex-US
A5089038143,Shishir Nagaraja,2007,2026,45,Anglosphere ex-US,True,2010.0,True,2010.0,2007.0,True,True,Anglosphere ex-US
A5081393377,Brock C. Christensen,2008,2024,38,United States,False,,True,2008.0,2018.0,True,True,United States
A5075327685,Louis Vaickus,2015,2026,69,United States,False,,True,2015.0,2019.0,True,True,United States
A5081334208,Carolyn E. Schwartz,2011,2022,3,United States,False,,True,2011.0,,False,True,United States
A5014035752,Dhruv Batra,2008,2024,207,United States,False,,True,2010.0,2012.0,True,True,United States
A5037444018,Kayvon Fatahalian,2013,2026,37,United States,False,,True,2013.0,2016.0,True,True,United States
A5072653864,Giuseppe Argenziano,2002,2026,53,Continental Europe,True,2002.0,True,2004.0,2014.0,True,True,Continental Europe
A5077630026,Lorenzo Cerroni,2002,2015,5,Continental Europe,False,,False,,,False,False,
A5086926559,Iris Zalaudek,2004,2025,32,Continental Europe,False,,True,2004.0,2011.0,True,True,Continental Europe
A5027952276,Stefania Staibano,2011,2025,10,Continental Europe,False,,True,2011.0,2020.0,True,True,Continental Europe
A5078008315,Nicola Arpaia,2011,2011,2,Continental Europe,False,,True,2011.0,,False,False,
A5073028308,Renato Marchiori Bakos,2011,2024,5,Other Civilizations,False,,True,2011.0,,False,True,Other Civilizations
A5112766102,B. Balme,2007,2015,4,Continental Europe,False,,True,2007.0,2008.0,True,False,
A5084562401,Alexandra Maria Giovanna Brunasso,2003,2011,2,Continental Europe,False,,True,2011.0,,False,False,
A5112658137,Horacio Cabo,2011,2019,4,Other Civilizations,False,,True,2011.0,,False,False,
A5036236935,Gerardo Ferrara,2008,2025,17,Continental Europe,False,,True,2011.0,,False,True,Continental Europe
A5088962032,Gennaro Ilardi,2011,2025,8,Continental Europe,False,,True,2011.0,2025.0,True,True,Continental Europe
A5044947013,Akira Ishiko,2011,2012,2,Japanese,False,,True,2011.0,,False,False,
A5066586146,Hiroshi Kawasaki,2004,2016,3,Japanese,False,,True,2011.0,,False,False,
A5091131544,Ashfaq A. Marghoob,2002,2025,41,United States,False,,True,2006.0,2004.0,True,True,United States
A5017757167,Massimo Mascolo,2011,2020,2,Continental Europe,False,,True,2011.0,,False,True,
A5034071037,Cesare Massone,2006,2018,6,Continental Europe,False,,True,2007.0,,False,False,
A5036333701,Akane Minagawa,2011,2024,4,Japanese,False,,True,2011.0,,False,True,Japanese
A5069570966,Fezal Özdemir,2011,2013,2,Islamic,False,,True,2011.0,,False,False,
A5061353810,Ignazio Stanganelli,2003,2025,10,Continental Europe,True,2004.0,True,2003.0,2021.0,True,True,Continental Europe
A5059197226,Masaru Tanaka,2002,2024,20,Japanese,True,2006.0,True,2008.0,2006.0,True,True,Japanese
A5081297649,L. Thomas,2007,2025,21,Continental Europe,False,,True,2011.0,2007.0,True,True,Continental Europe
A5035102732,Philipp Tschandl,2011,2026,69,Continental Europe,False,,True,2011.0,2018.0,True,True,Continental Europe
A5000215116,Harald Kittler,2000,2026,69,Continental Europe,False,,True,2001.0,2007.0,True,True,Continental Europe
A5001022750,Chandan K. Reddy,2004,2026,174,United States,False,,True,2010.0,2007.0,True,True,United States
A5100633172,Chunmei Chen,2015,2019,193,Sinic,False,,False,,2019.0,True,False,
A5029341868,Jörg Schlötterer,2014,2026,71,Continental Europe,False,,False,,2015.0,True,True,Continental Europe
A5081917471,Sultan Imangaliyev,2016,2022,5,Continental Europe,True,2022.0,True,2016.0,,False,True,Continental Europe
A5054484216,Christin Seifert,2004,2026,160,Continental Europe,False,,True,2008.0,2005.0,True,True,Continental Europe
A5036328196,Antong Chen,2011,2025,19,United States,False,,False,,2021.0,True,True,United States
A5062044760,Soheil Ghafurian,2010,2020,3,Islamic,False,,True,2010.0,2019.0,True,True,
A5100350165,Qi Li,2000,2026,309,United States,True,2005.0,True,2002.0,2002.0,True,True,Sinic
A5081783670,Hector Cordourier-Maruri,2015,2021,3,United States,True,2018.0,False,,,False,True,
A5077970102,Paulo Lopez‐Meyer,2009,2021,7,United States,False,,True,2009.0,2021.0,True,True,
A5079026336,Jonathan Huang,2007,2024,68,United States,False,,True,2007.0,2011.0,True,True,United States
A5014469274,Hong Lu,2008,2019,10,Sinic,True,2011.0,True,2011.0,2008.0,True,False,
A5102877355,Sven Van Poucke,2015,2021,7,Continental Europe,False,,True,2016.0,2018.0,True,True,
A5100320372,Zhongheng Zhang,2014,2026,55,Sinic,False,,True,2016.0,2014.0,True,True,Sinic
A5051750402,Milan Vukičević,2009,2022,24,Other Civilizations,True,2015.0,True,2011.0,2009.0,True,True,Other Civilizations
A5058038285,Margot Vander Laenen,2016,2024,2,Continental Europe,False,,True,2016.0,,False,True,Continental Europe
A5031401755,Leo Anthony Celi,2011,2026,199,United States,True,2014.0,True,2011.0,2016.0,True,True,United States
A5109010680,C. De Deyne,2007,2016,2,Continental Europe,False,,False,,2016.0,True,False,
A5050942051,Mathias Lécuyer,2013,2026,45,United States,False,,True,2015.0,2019.0,True,True,Anglosphere ex-US
A5069872101,Riley Spahn,2014,2020,8,United States,False,,True,2015.0,2020.0,True,True,
A5054249932,Roxana Geambasu,2009,2026,36,United States,False,,True,2009.0,2011.0,True,True,United States
A5061246300,Daniel Hsu,2002,2025,157,United States,True,2007.0,True,2002.0,2002.0,True,True,United States
A5108726725,Amin Ramezani,2011,2025,23,Islamic,True,2014.0,False,,2016.0,True,True,Islamic
A5001300575,Maciej A. Mazurowski,2005,2026,124,United States,True,2005.0,True,2007.0,2008.0,True,True,United States
A5079721352,Hu Xia,2002,2026,76,Sinic,False,,False,,2002.0,True,True,Sinic
A5084497683,Na Zou,2010,2025,66,Sinic,True,2016.0,False,,2010.0,True,True,United States
A5069436962,Sihem Belabbès,2004,2025,26,Continental Europe,False,,False,,2007.0,True,True,Continental Europe
A5074963371,Ashwin Rajadesingan,2012,2026,10,United States,True,2012.0,True,2012.0,2026.0,True,True,United States
A5086827245,Ceren Budak,2011,2026,32,United States,True,2015.0,True,2011.0,2017.0,True,True,United States
A5059955534,Richard Socher,2007,2025,206,Continental Europe,True,2009.0,True,2008.0,2008.0,True,True,United States
A5051147845,Alex Perelygin,2012,2013,2,United States,False,,True,2013.0,2012.0,True,False,
A5047624579,Jean Y. Wu,2013,2019,6,United States,False,,True,2013.0,2019.0,True,False,
A5111979273,Jason Chuang,2002,2015,13,United States,False,,False,,2002.0,True,False,
A5042601761,Christopher Potts,2002,2026,214,United States,False,,True,2010.0,2002.0,True,True,United States
A5076306018,Danni Liu,2009,2025,54,Sinic,False,,False,,2022.0,True,True,Continental Europe
A5058915697,Juan Pino,2008,2025,127,United States,True,2010.0,True,2009.0,2015.0,True,True,United States
A5029429663,Fabiano C. Botelho,2004,2012,13,Other Civilizations,True,2009.0,True,2005.0,2004.0,True,False,
A5015927757,Marco Cristo,2003,2024,47,Other Civilizations,False,,True,2003.0,2004.0,True,True,Other Civilizations
A5018396266,Anísio Lacerda,2006,2025,30,Other Civilizations,True,2012.0,True,2006.0,2019.0,True,True,Other Civilizations
A5065684421,Tom Boellstorff,2010,2024,4,United States,False,,True,2013.0,2010.0,True,True,
A5072994032,Oscar Li,2014,2024,16,United States,False,,True,2014.0,,False,True,United States
A5040468715,Cynthia Rudin,2003,2025,229,United States,False,,True,2004.0,2005.0,True,True,United States
A5106893624,Christopher Wipf,2002,2025,7,United States,False,,False,,2002.0,True,True,
A5008492093,T. R. Corbitt,2008,2025,11,United States,False,,True,2008.0,2020.0,True,True,United States
A5033035704,Yanbei Chen,2007,2025,54,Continental Europe,True,2008.0,False,,2007.0,True,True,United States
A5006708769,N. Mavalvala,2005,2025,7,United States,False,,True,2005.0,2008.0,True,True,United States
A5038657872,Donald E. K. Martin,2001,2026,22,United States,False,,False,,2001.0,True,True,United States
A5110435775,Hung-Hsi Wu,2013,2016,2,United States,False,,False,,2013.0,True,False,
A5048906141,Howie Choset,2002,2025,59,United States,False,,True,2003.0,2007.0,True,True,United States
A5004469139,Stefan Sellner,2012,2012,3,Continental Europe,False,,True,2012.0,,False,False,
A5055073437,Juergen Sutterlueti,2009,2024,20,Continental Europe,True,2011.0,False,,2014.0,True,True,Anglosphere ex-US
A5029528214,Steve Ransome,2005,2024,16,Anglosphere ex-US,False,,False,,2008.0,True,True,Anglosphere ex-US
A5079216842,Ludwig Schreier,2011,2012,4,United States,True,2012.0,True,2012.0,2011.0,True,False,
A5016845689,Cenk Demiroğlu,2004,2024,50,United States,True,2010.0,False,,2010.0,True,True,Islamic
A5007541022,Manuel Kauers,2002,2026,71,Continental Europe,True,2007.0,False,,2004.0,True,True,Continental Europe
A5101772279,Lijun Jiang,2006,2025,17,Sinic,False,,False,,2006.0,True,True,Sinic
A5078930280,Li Dong,2015,2025,6,Sinic,False,,True,2015.0,2021.0,True,True,Sinic
A5035403497,Diankun Gong,2011,2025,8,Sinic,True,2013.0,True,2015.0,2024.0,True,True,Sinic
A5102822593,Dezhong Yao,2000,2025,35,Sinic,False,,False,,2000.0,True,True,Sinic
A5101830682,Manish Kumar,2009,2026,22,United States,False,,False,,2009.0,True,True,United States
A5054546741,Glen G. Farivar,2010,2022,9,Islamic,False,,True,2010.0,,False,True,Sinic
A5017053709,Behzad Asaei,2010,2021,8,Islamic,False,,True,2013.0,2010.0,True,True,Islamic
A5101829031,Jinho D. Choi,2009,2026,176,United States,True,2010.0,True,2009.0,2010.0,True,True,United States
A5087092493,Claire Bonial,2009,2026,79,United States,False,,True,2010.0,2015.0,True,True,United States
A5025255782,Percy Liang,2004,2026,348,United States,False,,True,2006.0,2005.0,True,True,United States
A5003426513,Alexandre Bouchard‐Côté,2005,2026,53,United States,True,2005.0,True,2006.0,2010.0,True,True,Anglosphere ex-US
A5004921249,Dan Klein,2001,2026,301,United States,False,,True,2001.0,2003.0,True,True,United States
A5111908443,Ben Taskar,2001,2015,87,United States,False,,True,2001.0,2006.0,True,False,
A5022064746,Bahman Gharesifard,2009,2026,38,United States,True,2012.0,False,,2020.0,True,True,United States
A5001037588,Eric McCready,2004,2023,26,United States,True,2007.0,True,2006.0,2004.0,True,True,Japanese
A5048605251,Andrew Troelsen,2000,2022,83,United States,False,,False,,2000.0,True,True,United States
A5110862098,Philip Japikse,2015,2019,21,United States,False,,False,,2015.0,True,False,
A5109984648,Roy Ladner,2002,2011,20,United States,False,,False,,2008.0,True,False,
A5001760915,Zhuowen Tu,2000,2026,130,United States,False,,True,2002.0,2002.0,True,True,United States
A5020443342,Bobbie‐Jo Webb‐Robertson,2006,2021,16,United States,False,,False,,2006.0,True,True,United States
A5084034746,M. Thompson Stiegler,2010,2015,3,United States,False,,True,2015.0,,False,False,
A5000126238,Yacine Jernite,2012,2026,60,Continental Europe,True,2013.0,True,2013.0,2019.0,True,True,United States
A5091112967,Ethan Perez,2016,2026,59,United States,True,2017.0,True,2018.0,2022.0,True,True,United States
A5065912572,David Grangier,2003,2026,104,Continental Europe,True,2009.0,True,2005.0,2008.0,True,True,United States
A5083212922,Michael Auli,2009,2026,143,Anglosphere ex-US,True,2013.0,True,2009.0,2012.0,True,True,Other Western
A5048956553,Sorabh Gandhi,2007,2010,4,United States,False,,True,2007.0,,False,False,
A5073919193,Luca Foschini,2008,2025,42,United States,True,2012.0,True,2013.0,2009.0,True,True,Continental Europe
A5012167692,Luay Azzam,2007,2009,9,United States,False,,True,2007.0,2008.0,True,False,
A5063359447,Joshua Hailpern,2006,2014,12,United States,False,,True,2009.0,2006.0,True,False,
A5048281388,Marina Danilevsky,2010,2026,61,United States,False,,True,2010.0,2011.0,True,True,United States
A5004479478,Gabriel Menezes,2015,2025,7,Other Civilizations,True,2017.0,True,2015.0,2016.0,True,True,Other Civilizations
A5091569622,N. F. Svaiter,2007,2025,11,Other Civilizations,False,,True,2010.0,2007.0,True,True,Other Civilizations
A5021954232,Maria Bras-Amorós,2003,2025,60,Continental Europe,True,2009.0,True,2006.0,2003.0,True,True,Continental Europe
A5064858748,Arman Cohan,2014,2026,204,United States,True,2015.0,True,2014.0,2019.0,True,True,United States
A5108431770,Christopher P. Search,2000,2011,15,United States,False,,True,2000.0,2001.0,True,False,
A5073002436,J. Mauricio Campuzano,2009,2010,2,United States,False,,False,,,False,False,
A5083057257,Marko Živković,2008,2014,5,United States,True,2014.0,False,,2009.0,True,False,
A5053654026,Jun Xu,2005,2026,46,Sinic,True,2006.0,True,2005.0,2006.0,True,True,Sinic
A5073713636,Andrew Janowczyk,2008,2026,149,Hindu,True,2010.0,True,2010.0,2020.0,True,True,United States
A5027642699,Anant Madabhushi,2003,2026,376,United States,True,2005.0,True,2003.0,2005.0,True,True,United States
A5100681539,Qingyu Zhang,2006,2026,39,United States,True,2010.0,True,2014.0,2006.0,True,True,Sinic
A5017721496,Kai Zhong,2014,2023,25,United States,True,2018.0,True,2016.0,2020.0,True,True,United States
A5023183059,Hsiang‐Fu Yu,2003,2025,73,Sinic,False,,True,2009.0,2016.0,True,True,United States
A5011918131,Lexing Ying,2009,2026,103,United States,False,,True,2011.0,2009.0,True,True,United States
A5084196039,Yuichi Sudo,2014,2026,16,Japanese,False,,False,,2017.0,True,True,Japanese
A5046321852,Phitchaya Mangpo Phothilimthana,2014,2025,15,United States,False,,True,2014.0,2015.0,True,True,United States
A5000932612,Amit Sabne,2012,2022,8,United States,False,,False,,2020.0,True,True,United States
A5024047342,Nikhil Sarda,2012,2021,3,United States,False,,False,,2012.0,True,True,United States
A5110949807,Karthik Murthy,2016,2022,3,United States,False,,True,2021.0,,False,True,United States
A5076422445,Christof Angermueller,2016,2021,8,Continental Europe,True,2020.0,True,2020.0,,False,True,United States
A5065950643,Sudip Roy,2015,2025,11,United States,False,,True,2015.0,2019.0,True,True,United States
A5100377070,Shen Wang,2007,2025,25,Anglosphere ex-US,True,2013.0,True,2015.0,2013.0,True,True,United States
A5034196648,Anna Bertiger,2008,2023,6,United States,False,,False,,2021.0,True,True,United States
A5047205676,Joshua Neil,2002,2023,23,United States,False,,False,,2002.0,True,True,United States
A5053225749,Nicholas A. Heard,2003,2026,34,Anglosphere ex-US,False,,False,,2003.0,True,True,Anglosphere ex-US
A5090039542,Khanh Do Ba,2006,2012,9,United States,False,,True,2006.0,2012.0,True,False,
A5035084467,Reyyan Yeniterzi,2007,2026,37,Islamic,True,2010.0,True,2007.0,2009.0,True,True,Islamic
A5110290219,Aravind Prakash,2009,2025,34,United States,False,,True,2012.0,2009.0,True,True,United States
A5101850696,Dmitry Ponomarev,2008,2021,30,United States,False,,True,2011.0,2008.0,True,True,United States
A5107008405,Gong Peng,2004,2019,2,United States,False,,False,,2004.0,True,False,
A5112642154,Kazunori Shimizu,2005,2013,10,Japanese,True,2011.0,False,,2005.0,True,False,
A5078910758,Rada Chirkova,2000,2026,111,United States,False,,True,2008.0,2002.0,True,True,United States
A5037942269,Deng Cai,2002,2025,190,Sinic,True,2005.0,True,2004.0,2002.0,True,True,Sinic
A5102013345,Xiaofei He,2002,2025,137,United States,True,2005.0,True,2002.0,2005.0,True,True,Sinic
A5000129168,Wei Vivian Zhang,2006,2013,5,United States,False,,True,2006.0,2009.0,True,False,
A5100775527,Yan Sun,2003,2025,6,United States,False,,False,,2003.0,True,True,Sinic
A5057131766,Matthew M. Dunlop,2016,2022,15,United States,True,2019.0,True,2016.0,2016.0,True,True,United States
A5004682327,Dejan Slepčev,2010,2026,17,United States,False,,True,2016.0,2016.0,True,True,United States
A5032114852,Andrew M. Stuart,2001,2026,180,Anglosphere ex-US,True,2005.0,True,2004.0,2001.0,True,True,United States
A5021002385,Matthew Thorpe,2015,2024,11,United States,True,2019.0,True,2015.0,2019.0,True,True,Anglosphere ex-US
A5039751155,Chris Olah,2016,2026,24,United States,False,,True,2016.0,2016.0,True,True,
A5013097665,Ludwig Schubert,2011,2023,16,Continental Europe,True,2017.0,True,2018.0,2011.0,True,True,
A5108118480,Gabriel Goh,2016,2021,14,United States,False,,True,2016.0,2017.0,True,True,United States
A5087762412,Shan Carter,2016,2026,15,United States,False,,True,2017.0,2016.0,True,True,
A5050499500,Janardan Misra,2003,2026,30,Hindu,True,2007.0,True,2010.0,2003.0,True,True,
A5010019649,Rachel Epstein,2014,2020,3,United States,False,,False,,2014.0,True,True,
A5077559962,Karen Lange,2008,2026,5,United States,False,,False,,2008.0,True,True,United States
A5018897159,Catarina Barata,2012,2026,58,Continental Europe,False,,True,2012.0,2022.0,True,True,Continental Europe
A5059899524,Csilla Farkas,2000,2024,53,United States,True,2005.0,True,2000.0,2004.0,True,True,United States
A5060785228,Vaibhav Gowadia,2005,2012,10,United States,True,2005.0,True,2005.0,2007.0,True,False,
A5022867638,Jayadev Acharya,2009,2025,98,United States,True,2014.0,True,2011.0,2014.0,True,True,United States
A5071869723,Clément L. Canonne,2014,2026,97,United States,False,,True,2014.0,2015.0,True,True,Anglosphere ex-US
A5077972639,Yanjun Han,2009,2026,53,Sinic,True,2015.0,True,2015.0,2017.0,True,True,United States
A5001128596,Ziteng Sun,2016,2026,49,United States,True,2016.0,True,2019.0,2018.0,True,True,United States
A5077741905,Himanshu Tyagi,2012,2026,67,United States,True,2015.0,True,2014.0,2012.0,True,True,Hindu
A5113937072,Maria G. Pimentel,2006,2021,5,Other Civilizations,False,,False,,2009.0,True,True,Other Civilizations
A5078162024,Laércio A. Baldochi,2004,2006,2,Other Civilizations,False,,True,2004.0,,False,False,
A5072081530,Sungduk Kim,2004,2023,22,Sinic,True,2006.0,True,2006.0,2008.0,True,True,United States
A5059051882,Stephen Krebsbach,2005,2006,2,United States,False,,False,,2006.0,True,False,
